qid,n_hits,n_relevant_qrel,n_relevant_in_hits,best_rank,found_in_top_k
1000122,1000,1,1,23.0,True
1000211,1000,1,1,4.0,True
1000255,1000,1,1,1.0,True
1000421,1000,1,1,7.0,True
1000541,1000,1,1,7.0,True
1000747,1000,1,1,1.0,True
1000769,1000,1,1,1.0,True
1000826,1000,1,1,4.0,True
1000870,1000,1,1,77.0,True
1000889,1000,1,0,,False
1000963,1000,1,1,63.0,True
1000964,1000,1,0,,False
1001053,1000,1,1,477.0,True
1001055,1000,1,1,127.0,True
1001082,1000,1,1,274.0,True
1001093,1000,1,1,3.0,True
100133,1000,1,1,1.0,True
100139,1000,1,1,3.0,True
1001619,1000,1,1,13.0,True
1001842,1000,1,1,1.0,True
1001862,1000,1,1,2.0,True
1001864,1000,1,1,20.0,True
1002031,1000,1,0,,False
1002118,1000,1,1,3.0,True
1002227,1000,1,1,7.0,True
1002431,1000,1,1,1.0,True
1002769,1000,1,1,16.0,True
1002790,1000,1,1,68.0,True
1002819,1000,1,1,13.0,True
1002944,1000,1,1,4.0,True
1002996,1000,1,0,,False
1003038,1000,1,1,53.0,True
1003181,1000,1,1,4.0,True
1003286,1000,1,1,5.0,True
1003460,1000,1,1,23.0,True
1003468,1000,1,1,10.0,True
1003678,1000,1,1,146.0,True
1003686,1000,1,0,,False
1003812,1000,1,1,4.0,True
1003873,1000,1,1,13.0,True
1003878,1000,1,1,1.0,True
1003999,1000,1,1,1.0,True
1004060,1000,1,1,32.0,True
1004066,1000,1,0,,False
1004120,1000,1,1,351.0,True
1004210,1000,1,1,4.0,True
1004285,1000,1,1,4.0,True
1004473,1000,1,1,52.0,True
1004539,1000,1,1,62.0,True
1004556,1000,1,1,347.0,True
1004579,1000,1,1,3.0,True
1004639,1000,1,1,1.0,True
1004694,1000,1,1,23.0,True
1004864,1000,1,1,1.0,True
1005106,1000,1,1,6.0,True
1005122,1000,1,1,17.0,True
1005142,1000,1,1,16.0,True
1005187,1000,1,1,15.0,True
100522,1000,1,1,2.0,True
1005286,1000,1,1,665.0,True
1005290,1000,1,1,58.0,True
10053,1000,2,2,5.0,True
1005311,1000,1,1,321.0,True
1005317,1000,1,1,47.0,True
1005400,1000,1,1,36.0,True
1005503,1000,1,1,341.0,True
1005593,1000,1,1,26.0,True
1005691,1000,1,1,733.0,True
1005839,1000,1,1,1.0,True
1005957,1000,1,1,1.0,True
1006145,1000,1,1,244.0,True
1006266,1000,1,0,,False
100646,1000,2,2,103.0,True
1006708,1000,1,1,533.0,True
1006743,1000,1,1,1.0,True
1006933,1000,1,0,,False
1006950,1000,1,1,32.0,True
1006993,1000,1,1,25.0,True
10071,1000,1,1,1.0,True
1007191,1000,1,1,541.0,True
1007192,1000,1,1,136.0,True
1007252,1000,1,1,2.0,True
1007302,1000,1,1,4.0,True
1007316,1000,1,1,127.0,True
1007622,1000,1,1,16.0,True
100770,1000,1,1,1.0,True
1007841,1000,1,1,5.0,True
1007940,1000,1,1,10.0,True
1007969,1000,1,1,22.0,True
1007974,1000,1,1,462.0,True
1007985,1000,1,1,2.0,True
1008059,1000,1,1,12.0,True
1008139,1000,1,1,1.0,True
1008142,1000,1,1,1.0,True
1008157,1000,1,0,,False
100827,1000,1,1,2.0,True
1008382,1000,1,1,611.0,True
1008420,1000,1,1,2.0,True
1008444,1000,1,0,,False
1008800,1000,1,1,44.0,True
1008882,1000,1,1,10.0,True
1009055,1000,1,1,291.0,True
1009103,1000,1,1,19.0,True
100942,1000,1,1,73.0,True
1009611,1000,1,1,3.0,True
1009717,1000,1,1,58.0,True
1009721,1000,1,0,,False
1009756,1000,2,2,2.0,True
1010029,1000,1,1,10.0,True
1010053,1000,1,1,447.0,True
1010061,1000,1,1,11.0,True
1010185,1000,1,1,66.0,True
1010212,1000,1,1,309.0,True
1010485,1000,1,1,1.0,True
1010643,1000,1,1,59.0,True
1010646,1000,1,1,54.0,True
1010719,1000,1,1,2.0,True
1010732,1000,1,0,,False
1010820,1000,1,1,10.0,True
1010837,1000,1,1,197.0,True
101106,1000,1,1,22.0,True
1011230,1000,1,1,104.0,True
1011660,1000,1,1,113.0,True
1011753,1000,1,1,15.0,True
1011830,1000,1,1,280.0,True
101185,1000,2,1,562.0,True
1011851,1000,1,1,3.0,True
101193,1000,1,0,,False
1011959,1000,1,1,8.0,True
1012135,1000,1,1,1.0,True
1012149,1000,1,1,12.0,True
1012183,1000,1,1,81.0,True
1012211,1000,2,2,2.0,True
1012291,1000,1,1,17.0,True
1012349,1000,1,1,39.0,True
1012359,1000,1,1,6.0,True
1012531,1000,1,1,4.0,True
101299,1000,1,1,4.0,True
1013200,1000,1,1,1.0,True
101334,1000,1,1,2.0,True
1013606,1000,1,1,132.0,True
1013835,1000,1,1,463.0,True
1013875,1000,1,1,4.0,True
1014003,1000,1,0,,False
1014194,1000,1,1,103.0,True
101420,1000,1,1,24.0,True
1014411,1000,1,0,,False
1014486,1000,1,1,11.0,True
101471,1000,1,1,200.0,True
1014878,1000,1,1,91.0,True
1015262,1000,1,1,272.0,True
1015377,1000,1,1,702.0,True
1015625,1000,1,0,,False
1015803,1000,1,1,65.0,True
1015895,1000,1,1,1.0,True
101594,1000,1,1,205.0,True
1016024,1000,1,0,,False
1016314,1000,1,1,3.0,True
1016321,1000,1,1,307.0,True
1016468,1000,1,1,347.0,True
1016478,1000,1,1,1.0,True
1016588,1000,1,1,45.0,True
1016645,1000,1,1,2.0,True
1016741,1000,1,1,2.0,True
1016831,1000,1,1,4.0,True
1016866,1000,1,0,,False
1016874,1000,1,1,1.0,True
1017045,1000,1,1,486.0,True
1017141,1000,1,1,3.0,True
1017321,1000,1,0,,False
1017458,1000,1,0,,False
1017499,1000,1,1,95.0,True
1017555,1000,2,1,98.0,True
1017818,1000,1,1,171.0,True
101813,1000,1,1,1.0,True
1018167,1000,1,0,,False
1018192,1000,1,1,157.0,True
1018225,1000,1,1,562.0,True
1018244,1000,1,1,3.0,True
1018289,1000,1,1,3.0,True
1018330,1000,1,1,90.0,True
10186,1000,2,2,11.0,True
1018688,1000,1,1,335.0,True
101878,1000,1,0,,False
1018946,1000,1,1,61.0,True
1018958,1000,2,2,39.0,True
1018985,1000,1,1,4.0,True
1019142,1000,2,1,18.0,True
10192,1000,1,1,39.0,True
101920,1000,1,1,9.0,True
1019373,1000,1,0,,False
1019423,1000,1,1,97.0,True
1019481,1000,1,1,20.0,True
1019500,1000,1,0,,False
1019501,1000,1,1,10.0,True
1019596,1000,1,1,181.0,True
1019635,1000,1,0,,False
1019742,1000,2,2,3.0,True
1019766,1000,1,1,391.0,True
1020039,1000,1,1,754.0,True
1020113,1000,1,1,289.0,True
1020183,1000,1,1,108.0,True
1020206,1000,3,3,1.0,True
1020365,1000,1,1,78.0,True
1020596,1000,1,1,233.0,True
1020623,1000,1,1,19.0,True
102075,1000,1,1,54.0,True
1020793,1000,1,1,7.0,True
1020947,1000,1,1,15.0,True
102095,1000,1,0,,False
1020967,1000,1,1,411.0,True
1021128,1000,1,1,2.0,True
1021129,1000,1,1,1.0,True
1021145,1000,1,1,20.0,True
1021223,1000,1,1,67.0,True
102150,1000,1,1,337.0,True
1021560,1000,1,1,957.0,True
1021620,1000,1,0,,False
1021859,1000,1,1,815.0,True
1021932,1000,1,1,24.0,True
1022025,1000,1,0,,False
1022578,1000,1,1,64.0,True
1022589,1000,2,2,1.0,True
1022591,1000,1,1,2.0,True
1022760,1000,3,2,3.0,True
1022843,1000,1,1,11.0,True
1022928,1000,1,1,2.0,True
1022938,1000,1,1,16.0,True
1023265,1000,1,0,,False
1023402,1000,1,1,135.0,True
1023567,1000,1,1,24.0,True
1023627,1000,1,1,11.0,True
1023796,1000,1,1,10.0,True
1023811,1000,2,1,56.0,True
1024310,1000,1,1,11.0,True
1024479,1000,1,1,158.0,True
1024484,1000,1,1,12.0,True
1024619,1000,1,1,440.0,True
102470,1000,1,1,139.0,True
1024706,1000,1,1,162.0,True
1024716,1000,1,1,322.0,True
1024731,1000,1,1,1.0,True
1024758,1000,1,1,4.0,True
1024889,1000,1,0,,False
1024929,1000,1,1,63.0,True
1024937,1000,1,1,338.0,True
1025598,1000,1,0,,False
1025618,1000,1,0,,False
1025671,1000,1,1,521.0,True
1025746,1000,1,0,,False
1025910,1000,1,1,23.0,True
1025957,1000,1,1,794.0,True
1026027,1000,1,1,9.0,True
1026187,1000,1,1,64.0,True
1026192,1000,1,1,5.0,True
102636,1000,1,1,15.0,True
1026450,1000,1,1,166.0,True
1026458,1000,1,1,133.0,True
1026550,1000,1,1,898.0,True
1026610,1000,1,1,3.0,True
1026637,1000,1,1,1.0,True
1026713,1000,1,1,33.0,True
1026787,1000,1,1,2.0,True
1027159,1000,1,1,590.0,True
1027236,1000,1,1,12.0,True
1027248,1000,1,1,2.0,True
1027267,1000,1,1,2.0,True
1027309,1000,1,0,,False
1027331,1000,1,1,21.0,True
1027411,1000,1,1,433.0,True
1027431,1000,1,1,8.0,True
1027438,1000,1,1,8.0,True
1027486,1000,1,0,,False
1027516,1000,1,1,4.0,True
102757,1000,1,1,204.0,True
1027676,1000,1,1,262.0,True
1027697,1000,1,1,1.0,True
1027786,1000,1,0,,False
1027932,1000,1,1,3.0,True
1028074,1000,1,1,2.0,True
1028157,1000,2,2,213.0,True
1028180,1000,1,1,24.0,True
1028308,1000,1,1,28.0,True
1028389,1000,1,0,,False
1028391,1000,1,1,3.0,True
1028484,1000,1,1,2.0,True
1028857,1000,1,1,222.0,True
1028868,1000,1,1,3.0,True
1028972,1000,1,1,3.0,True
102900,1000,1,1,2.0,True
1029002,1000,1,0,,False
1029210,1000,1,1,1.0,True
1029399,1000,1,1,1.0,True
102968,1000,1,1,548.0,True
1029693,1000,1,1,1.0,True
1029720,1000,1,1,14.0,True
102974,1000,1,1,18.0,True
1029793,1000,1,1,1.0,True
1029900,1000,1,0,,False
1030088,1000,1,1,68.0,True
1030366,1000,1,1,3.0,True
1030371,1000,1,1,1.0,True
1030444,1000,1,1,159.0,True
1030531,1000,1,1,2.0,True
1030537,1000,1,1,5.0,True
1030605,1000,1,1,13.0,True
103062,1000,1,1,241.0,True
1030648,1000,1,1,3.0,True
1030651,1000,1,1,1.0,True
1030801,1000,1,1,5.0,True
1030802,1000,1,1,1.0,True
1030857,1000,1,1,5.0,True
1030941,1000,1,0,,False
1031117,1000,1,1,2.0,True
1031297,1000,1,1,28.0,True
1031365,1000,1,1,7.0,True
1031460,1000,1,1,13.0,True
1031637,1000,1,1,261.0,True
103192,1000,1,0,,False
1032003,1000,1,1,12.0,True
1032071,1000,1,1,7.0,True
1032120,1000,1,1,36.0,True
1032291,1000,1,1,9.0,True
1032429,1000,1,1,135.0,True
1032660,1000,1,1,1.0,True
1032720,1000,1,1,4.0,True
1032924,1000,1,1,2.0,True
1033013,1000,1,1,23.0,True
1033032,1000,1,1,4.0,True
1033124,1000,1,1,78.0,True
1033317,1000,1,1,4.0,True
1033476,1000,1,1,1.0,True
1033656,1000,1,1,170.0,True
1033672,1000,1,0,,False
10338,1000,1,1,2.0,True
1033871,1000,1,1,63.0,True
1033906,1000,1,1,20.0,True
1034108,1000,1,1,18.0,True
1034150,1000,1,1,144.0,True
1034222,1000,1,1,1.0,True
1034325,1000,1,0,,False
103435,1000,1,1,143.0,True
1034428,1000,1,1,96.0,True
1034441,1000,1,1,82.0,True
1034522,1000,1,1,20.0,True
1034528,1000,1,1,3.0,True
1034581,1000,1,1,2.0,True
1034654,1000,1,1,21.0,True
1034704,1000,1,1,153.0,True
1034802,1000,1,1,2.0,True
1034887,1000,1,1,96.0,True
1034935,1000,1,0,,False
1035,1000,1,1,10.0,True
1035166,1000,1,1,53.0,True
1035254,1000,1,1,11.0,True
1035335,1000,1,1,1.0,True
1035557,1000,1,1,205.0,True
1035562,1000,1,1,3.0,True
1035621,1000,1,1,3.0,True
1035633,1000,1,1,557.0,True
1035950,1000,1,1,3.0,True
1036213,1000,1,1,5.0,True
1036255,1000,1,1,7.0,True
1036279,1000,1,1,76.0,True
1036343,1000,1,1,1.0,True
1036396,1000,1,1,46.0,True
103658,1000,1,1,3.0,True
1036591,1000,1,1,1.0,True
1036596,1000,1,1,17.0,True
1036834,1000,1,1,286.0,True
1036930,1000,1,1,2.0,True
1036972,1000,1,1,1.0,True
1037077,1000,1,1,294.0,True
1037190,1000,1,1,1.0,True
1037374,1000,1,1,3.0,True
103739,1000,1,1,21.0,True
1037654,1000,1,1,7.0,True
1037931,1000,1,1,13.0,True
1037979,1000,1,1,507.0,True
1038084,1000,1,1,13.0,True
1038132,1000,1,1,266.0,True
1038324,1000,1,1,1.0,True
1038351,1000,1,1,16.0,True
1038394,1000,1,1,21.0,True
1038439,1000,1,1,1.0,True
1038496,1000,1,1,1.0,True
1038635,1000,1,1,2.0,True
1038679,1000,1,1,252.0,True
1038845,1000,1,1,550.0,True
1038900,1000,1,1,27.0,True
1039037,1000,1,1,1.0,True
1039067,1000,1,1,381.0,True
1039071,1000,1,0,,False
1039203,1000,1,1,7.0,True
1039384,1000,1,1,7.0,True
1039580,1000,1,0,,False
1039638,1000,1,1,2.0,True
1039850,1000,1,1,39.0,True
1039864,1000,1,1,622.0,True
1039908,1000,1,1,690.0,True
1039955,1000,1,1,4.0,True
1039978,1000,1,0,,False
1039989,1000,2,2,2.0,True
1040105,1000,1,1,1.0,True
104011,1000,1,1,58.0,True
1040166,1000,1,1,30.0,True
1040221,1000,1,1,2.0,True
1040228,1000,1,1,3.0,True
1040342,1000,1,1,11.0,True
1040389,1000,1,0,,False
104041,1000,1,1,38.0,True
1040412,1000,1,1,112.0,True
1040599,1000,1,1,39.0,True
1040614,1000,2,0,,False
1040626,1000,1,1,273.0,True
104074,1000,1,1,4.0,True
1040806,1000,1,1,111.0,True
1040950,1000,1,1,49.0,True
1041008,1000,1,1,2.0,True
1041210,1000,1,0,,False
1041340,1000,1,1,5.0,True
1041391,1000,1,0,,False
1041447,1000,1,1,2.0,True
1041464,1000,1,1,2.0,True
104156,1000,1,1,17.0,True
1041859,1000,1,1,1.0,True
1041903,1000,1,1,7.0,True
1042057,1000,1,1,79.0,True
1042250,1000,1,1,2.0,True
1042368,1000,1,1,58.0,True
1042440,1000,1,1,3.0,True
1042457,1000,1,1,1.0,True
104250,1000,1,1,12.0,True
1042514,1000,1,1,55.0,True
1042588,1000,1,1,9.0,True
104259,1000,1,1,1.0,True
1042713,1000,1,1,11.0,True
1042823,1000,1,0,,False
1042907,1000,1,0,,False
1042964,1000,1,1,11.0,True
1042982,1000,1,1,169.0,True
104315,1000,1,1,581.0,True
1043166,1000,1,1,6.0,True
104319,1000,1,0,,False
1043320,1000,1,1,4.0,True
1043366,1000,1,1,472.0,True
104344,1000,1,1,3.0,True
1043444,1000,1,1,106.0,True
104345,1000,1,1,339.0,True
1043451,1000,1,1,113.0,True
1043492,1000,1,1,6.0,True
1043514,1000,1,1,10.0,True
1043558,1000,1,1,116.0,True
1044020,1000,1,0,,False
1044196,1000,1,1,3.0,True
1044203,1000,2,1,632.0,True
1044218,1000,1,0,,False
1044515,1000,1,0,,False
1044623,1000,1,1,20.0,True
1044627,1000,1,1,2.0,True
1044666,1000,1,1,2.0,True
1044680,1000,1,0,,False
1044721,1000,1,1,542.0,True
1044924,1000,1,1,2.0,True
1045331,1000,1,1,5.0,True
1045612,1000,1,1,29.0,True
1045659,1000,1,1,142.0,True
1045732,1000,1,1,486.0,True
1045795,1000,1,1,12.0,True
104584,1000,1,1,260.0,True
1045863,1000,1,1,441.0,True
1045901,1000,1,1,10.0,True
1045904,1000,1,1,8.0,True
1046179,1000,1,1,89.0,True
1046246,1000,1,1,1.0,True
1046377,1000,1,1,6.0,True
1046432,1000,1,0,,False
1046512,1000,1,1,214.0,True
1046518,1000,1,1,16.0,True
1046547,1000,1,1,200.0,True
1046731,1000,1,1,2.0,True
1046745,1000,1,1,27.0,True
1046776,1000,1,1,14.0,True
1046809,1000,2,2,169.0,True
1046884,1000,1,1,7.0,True
1047502,1000,1,1,13.0,True
104754,1000,1,1,5.0,True
1047587,1000,1,1,1.0,True
1047635,1000,1,1,9.0,True
1047717,1000,1,0,,False
1047934,1000,1,1,3.0,True
1048037,1000,1,1,5.0,True
1048130,1000,1,1,268.0,True
1048328,1000,1,1,264.0,True
1048407,1000,1,1,16.0,True
1048445,1000,1,1,15.0,True
1048544,1000,1,1,4.0,True
1048567,1000,1,1,5.0,True
1048615,1000,1,1,3.0,True
1048698,1000,1,1,146.0,True
1048855,1000,1,1,1.0,True
1049127,1000,1,1,68.0,True
1049370,1000,1,1,3.0,True
104971,1000,1,1,33.0,True
1049770,1000,1,1,7.0,True
1049932,1000,1,1,40.0,True
1049999,1000,1,1,6.0,True
1050003,1000,1,0,,False
1050200,1000,1,0,,False
1050217,1000,1,0,,False
1050416,1000,2,1,19.0,True
1050431,1000,1,1,2.0,True
105050,1000,1,1,16.0,True
1050517,1000,1,1,98.0,True
105059,1000,1,0,,False
1050970,1000,1,1,12.0,True
1051100,1000,1,1,13.0,True
1051726,1000,1,1,961.0,True
1051894,1000,1,1,372.0,True
1051946,1000,1,1,312.0,True
105201,1000,1,1,106.0,True
1052043,1000,1,1,910.0,True
1052080,1000,1,1,1.0,True
1052085,1000,1,1,359.0,True
1052162,1000,1,1,5.0,True
1052492,1000,1,0,,False
1052570,1000,1,0,,False
1052753,1000,1,1,39.0,True
1052799,1000,1,1,80.0,True
1053032,1000,1,1,2.0,True
1053322,1000,1,1,93.0,True
1053326,1000,1,1,36.0,True
1053339,1000,1,1,1.0,True
1053452,1000,7,7,2.0,True
1053526,1000,1,1,211.0,True
1053532,1000,1,1,3.0,True
1053623,1000,1,1,1.0,True
1053625,1000,1,1,3.0,True
1053656,1000,1,1,2.0,True
1053760,1000,1,1,6.0,True
1053854,1000,1,1,65.0,True
1054182,1000,1,1,39.0,True
105424,1000,1,1,4.0,True
1054245,1000,1,1,49.0,True
1054268,1000,1,1,12.0,True
1054660,1000,1,1,48.0,True
1054745,1000,1,0,,False
1054852,1000,1,1,14.0,True
1054890,1000,1,1,21.0,True
1055115,1000,1,1,6.0,True
105538,1000,1,1,455.0,True
105542,1000,1,1,16.0,True
1055464,1000,1,1,444.0,True
1055516,1000,2,1,12.0,True
1055536,1000,1,1,3.0,True
1055806,1000,1,1,5.0,True
1055845,1000,1,1,17.0,True
1056011,1000,1,1,94.0,True
1056014,1000,1,1,1.0,True
1056055,1000,1,1,3.0,True
1056142,1000,1,0,,False
1056209,1000,1,1,1.0,True
1056249,1000,1,1,548.0,True
1056356,1000,1,1,20.0,True
1056357,1000,1,1,35.0,True
1056479,1000,1,1,4.0,True
1056856,1000,1,1,1.0,True
1056863,1000,1,0,,False
1057027,1000,1,1,5.0,True
1057034,1000,1,1,7.0,True
1057056,1000,1,1,3.0,True
1057068,1000,1,1,1.0,True
1057114,1000,1,1,1.0,True
1057146,1000,1,1,25.0,True
1057158,1000,1,1,3.0,True
1057183,1000,1,1,7.0,True
1057350,1000,1,1,16.0,True
1057416,1000,1,1,72.0,True
1057478,1000,1,1,333.0,True
1057624,1000,1,1,346.0,True
1057629,1000,1,1,157.0,True
1057733,1000,1,1,4.0,True
1057799,1000,1,1,67.0,True
105793,1000,1,1,16.0,True
1057940,1000,1,0,,False
1058171,1000,1,1,2.0,True
105827,1000,1,1,2.0,True
1058393,1000,1,1,7.0,True
1058481,1000,1,1,4.0,True
1058578,1000,1,0,,False
1058682,1000,1,1,147.0,True
1058722,1000,1,1,95.0,True
10589,1000,1,1,8.0,True
1058940,1000,1,1,4.0,True
105900,1000,1,1,1.0,True
1059252,1000,1,1,30.0,True
1059339,1000,1,0,,False
105934,1000,1,1,14.0,True
1059472,1000,1,1,6.0,True
105958,1000,1,0,,False
1059636,1000,1,1,584.0,True
1059658,1000,1,1,610.0,True
1059776,1000,2,2,1.0,True
1059808,1000,1,1,194.0,True
1059884,1000,1,1,29.0,True
106004,1000,1,1,3.0,True
1060048,1000,1,1,5.0,True
1060234,1000,1,1,34.0,True
1060387,1000,1,1,14.0,True
1060644,1000,1,1,12.0,True
1060723,1000,1,1,14.0,True
1060750,1000,2,2,40.0,True
1060838,1000,1,1,32.0,True
1060864,1000,1,1,22.0,True
1060885,1000,1,1,47.0,True
1060901,1000,1,1,38.0,True
1061092,1000,1,1,15.0,True
1061291,1000,1,1,205.0,True
1061377,1000,1,0,,False
1061401,1000,1,1,159.0,True
1061448,1000,1,1,18.0,True
1061487,1000,1,1,260.0,True
1061634,1000,1,1,28.0,True
1061915,1000,1,0,,False
1061955,1000,1,1,33.0,True
10620,1000,1,1,234.0,True
1062238,1000,1,1,1.0,True
1062357,1000,1,1,265.0,True
1063130,1000,1,1,5.0,True
1063195,1000,1,1,14.0,True
1063262,1000,1,1,196.0,True
106335,1000,1,0,,False
1063605,1000,1,1,431.0,True
1063616,1000,1,1,305.0,True
1063918,1000,1,1,637.0,True
1064108,1000,1,1,6.0,True
1064338,1000,1,1,120.0,True
1064676,1000,1,1,424.0,True
1064990,1000,1,1,38.0,True
1065224,1000,1,1,334.0,True
1065343,1000,2,1,941.0,True
1065361,1000,1,1,13.0,True
1065506,1000,1,1,345.0,True
1065542,1000,1,1,91.0,True
1066010,1000,1,1,649.0,True
1066295,1000,2,0,,False
106635,1000,1,0,,False
1066396,1000,1,1,127.0,True
1066493,1000,1,1,2.0,True
1066514,1000,1,1,57.0,True
1066677,1000,1,0,,False
106683,1000,1,0,,False
106686,1000,1,0,,False
1066936,1000,2,2,38.0,True
1067028,1000,1,1,62.0,True
1067211,1000,1,1,1.0,True
1067530,1000,1,0,,False
1067746,1000,1,1,1.0,True
1067860,1000,1,1,664.0,True
1067976,1000,1,1,1.0,True
1068135,1000,1,1,33.0,True
106833,1000,1,0,,False
1068467,1000,1,1,201.0,True
1068475,1000,1,1,1.0,True
106848,1000,1,1,40.0,True
1068609,1000,1,1,25.0,True
1068638,1000,1,0,,False
1068645,1000,1,1,1.0,True
1068709,1000,1,0,,False
106873,1000,1,1,12.0,True
1068840,1000,1,1,27.0,True
1069379,1000,1,1,387.0,True
1069398,1000,1,1,2.0,True
1069426,1000,1,1,16.0,True
1069456,1000,1,1,14.0,True
1069593,1000,1,1,16.0,True
1069671,1000,1,1,3.0,True
1069677,1000,1,1,7.0,True
1069731,1000,1,1,332.0,True
1070289,1000,1,1,622.0,True
1070308,1000,1,1,1.0,True
1070332,1000,1,1,15.0,True
1070700,1000,1,1,45.0,True
1070860,1000,1,0,,False
1070924,1000,1,0,,False
1071119,1000,1,0,,False
1071147,1000,1,1,136.0,True
1071286,1000,2,2,40.0,True
107131,1000,1,1,522.0,True
1071433,1000,1,1,399.0,True
1071527,1000,1,1,203.0,True
1071576,1000,1,1,162.0,True
107173,1000,1,1,212.0,True
1071895,1000,1,1,119.0,True
1071949,1000,1,1,425.0,True
1072325,1000,1,1,1.0,True
1072458,1000,1,1,12.0,True
1072532,1000,1,1,445.0,True
1072566,1000,1,1,81.0,True
1072584,1000,1,1,1.0,True
1072614,1000,1,1,3.0,True
1072625,1000,1,1,251.0,True
1072795,1000,1,1,53.0,True
1072930,1000,1,1,134.0,True
1072976,1000,1,1,856.0,True
1073149,1000,1,1,8.0,True
107324,1000,1,1,146.0,True
1073708,1000,1,1,6.0,True
107389,1000,1,1,277.0,True
1073964,1000,1,1,125.0,True
1073997,1000,1,1,369.0,True
1074033,1000,1,1,804.0,True
1074090,1000,1,0,,False
1074219,1000,1,0,,False
1074324,1000,1,1,188.0,True
1074390,1000,1,1,7.0,True
1074426,1000,1,0,,False
1074473,1000,1,1,11.0,True
1074483,1000,1,1,48.0,True
1074501,1000,1,1,50.0,True
1074646,1000,1,1,3.0,True
1074688,1000,1,1,50.0,True
1074792,1000,1,1,48.0,True
1074797,1000,1,1,9.0,True
1074885,1000,1,1,5.0,True
1075249,1000,1,1,72.0,True
1075306,1000,1,1,4.0,True
1075312,1000,1,0,,False
1075525,1000,1,1,617.0,True
1075573,1000,1,1,29.0,True
1075833,1000,1,1,18.0,True
1075993,1000,1,1,161.0,True
1076045,1000,1,1,165.0,True
1076814,1000,1,1,1.0,True
1076972,1000,1,1,1.0,True
1077146,1000,1,1,8.0,True
1077160,1000,1,1,98.0,True
1077169,1000,1,0,,False
1077264,1000,1,1,7.0,True
1077773,1000,1,1,2.0,True
1077813,1000,1,1,14.0,True
1077999,1000,1,1,39.0,True
1078021,1000,1,1,9.0,True
1078073,1000,1,1,4.0,True
1078076,1000,1,1,3.0,True
107821,1000,1,0,,False
1078439,1000,1,0,,False
1078601,1000,1,0,,False
1078617,1000,1,1,1.0,True
1078714,1000,1,0,,False
1079045,1000,1,1,2.0,True
1079359,1000,1,0,,False
107965,1000,2,2,977.0,True
1079684,1000,1,1,581.0,True
1079704,1000,1,1,3.0,True
1079856,1000,1,1,2.0,True
1079863,1000,1,1,1.0,True
1079907,1000,1,1,337.0,True
1079980,1000,1,0,,False
1080107,1000,1,1,30.0,True
1080633,1000,1,1,25.0,True
1080668,1000,1,0,,False
1080670,1000,1,1,3.0,True
108082,1000,1,1,26.0,True
1081064,1000,1,0,,False
1081319,1000,1,1,22.0,True
1081350,1000,1,1,96.0,True
1081605,1000,1,1,14.0,True
1081624,1000,1,1,5.0,True
108174,1000,1,1,198.0,True
108178,1000,1,1,3.0,True
1082044,1000,1,1,1.0,True
108222,1000,1,1,115.0,True
1082224,1000,1,1,11.0,True
108267,1000,1,0,,False
108293,1000,1,1,1.0,True
108321,1000,1,0,,False
108365,1000,1,1,1.0,True
108415,1000,1,1,5.0,True
108474,1000,1,1,61.0,True
108660,1000,1,1,3.0,True
108714,1000,1,1,4.0,True
108846,1000,2,1,9.0,True
10890,1000,1,0,,False
108918,1000,1,1,620.0,True
108923,1000,1,1,106.0,True
108954,1000,1,1,846.0,True
109107,1000,1,1,346.0,True
109344,1000,2,0,,False
109374,1000,1,1,35.0,True
109384,1000,1,0,,False
109849,1000,1,0,,False
109907,1000,1,0,,False
109935,1000,1,1,10.0,True
109976,1000,1,1,72.0,True
109982,1000,1,1,413.0,True
110017,1000,1,1,387.0,True
110058,1000,1,0,,False
110113,1000,1,1,29.0,True
110136,1000,1,1,9.0,True
110355,1000,1,1,125.0,True
110427,1000,1,1,1.0,True
110456,1000,1,1,25.0,True
110478,1000,1,0,,False
110615,1000,1,1,114.0,True
110677,1000,1,1,2.0,True
11068,1000,1,1,388.0,True
110734,1000,1,1,33.0,True
110796,1000,1,1,847.0,True
110963,1000,1,1,91.0,True
110994,1000,1,1,18.0,True
111016,1000,1,1,765.0,True
111212,1000,1,1,4.0,True
111579,1000,1,1,34.0,True
111897,1000,1,1,20.0,True
111915,1000,1,1,325.0,True
112087,1000,1,1,292.0,True
112124,1000,1,1,19.0,True
112132,1000,1,1,229.0,True
112320,1000,1,1,9.0,True
11234,1000,1,1,1.0,True
112544,1000,1,1,38.0,True
112561,1000,1,1,2.0,True
112624,1000,1,1,49.0,True
112977,1000,1,1,2.0,True
113014,1000,1,1,35.0,True
113107,1000,1,1,5.0,True
113141,1000,1,1,6.0,True
113312,1000,1,1,3.0,True
113400,1000,1,1,683.0,True
113568,1000,1,0,,False
113657,1000,1,1,1.0,True
113679,1000,1,0,,False
1137100,1000,1,1,120.0,True
1137376,1000,1,1,4.0,True
1137384,1000,1,1,57.0,True
1137391,1000,1,1,338.0,True
1137777,1000,1,1,1.0,True
1137795,1000,1,1,16.0,True
1137917,1000,1,1,13.0,True
1138031,1000,1,1,1.0,True
1138040,1000,1,1,3.0,True
1138065,1000,1,1,10.0,True
113810,1000,1,0,,False
1138177,1000,1,1,6.0,True
1138297,1000,1,1,12.0,True
1138411,1000,1,1,2.0,True
1138458,1000,1,1,8.0,True
1138529,1000,1,1,414.0,True
1138583,1000,1,1,1.0,True
1138625,1000,1,1,3.0,True
1138645,1000,1,1,249.0,True
1138663,1000,1,0,,False
1138717,1000,1,0,,False
113877,1000,1,1,23.0,True
1138775,1000,1,1,1.0,True
1138793,1000,1,1,33.0,True
1139152,1000,1,1,3.0,True
1139200,1000,1,1,827.0,True
1139202,1000,2,2,6.0,True
1139302,1000,1,1,34.0,True
1139326,1000,1,1,11.0,True
1139668,1000,1,1,20.0,True
1139709,1000,1,1,4.0,True
1139761,1000,1,0,,False
1139796,1000,1,0,,False
1139818,1000,1,0,,False
1139945,1000,1,1,5.0,True
1139962,1000,1,1,40.0,True
1140084,1000,1,0,,False
1140102,1000,1,1,7.0,True
1140128,1000,1,0,,False
1140140,1000,1,1,9.0,True
114015,1000,1,1,132.0,True
1140250,1000,1,1,2.0,True
1140262,1000,1,1,29.0,True
1140360,1000,1,1,97.0,True
1140393,1000,1,1,13.0,True
1140408,1000,1,1,9.0,True
1140478,1000,1,1,3.0,True
1140558,1000,1,1,5.0,True
1140596,1000,1,1,2.0,True
1140604,1000,1,1,36.0,True
1140627,1000,1,1,2.0,True
1140665,1000,1,1,2.0,True
1140758,1000,1,1,7.0,True
114089,1000,1,1,22.0,True
1140893,1000,1,1,5.0,True
1140915,1000,1,1,3.0,True
1141123,1000,1,1,3.0,True
1141184,1000,1,1,2.0,True
1141230,1000,1,1,297.0,True
1141355,1000,1,1,104.0,True
1141474,1000,1,1,862.0,True
1141530,1000,1,1,27.0,True
1141802,1000,1,1,383.0,True
1141831,1000,1,1,18.0,True
1142039,1000,1,1,5.0,True
1142079,1000,1,1,9.0,True
1142156,1000,1,1,478.0,True
1142311,1000,2,2,2.0,True
1142392,1000,1,1,26.0,True
1142538,1000,1,1,23.0,True
114271,1000,1,1,2.0,True
1142931,1000,1,1,58.0,True
1142941,1000,1,1,5.0,True
1143031,1000,1,1,697.0,True
1143113,1000,1,1,13.0,True
1143143,1000,1,1,79.0,True
1143341,1000,1,1,265.0,True
1143619,1000,1,1,372.0,True
1143711,1000,2,2,95.0,True
1143751,1000,1,0,,False
1143915,1000,1,1,338.0,True
1143971,1000,1,1,45.0,True
1144026,1000,1,1,5.0,True
1144171,1000,1,1,2.0,True
1144253,1000,1,1,21.0,True
1144283,1000,1,1,365.0,True
1144303,1000,1,1,601.0,True
1144415,1000,1,1,1.0,True
1144478,1000,1,1,110.0,True
1144513,1000,1,1,40.0,True
1144574,1000,1,1,2.0,True
1144635,1000,1,1,830.0,True
114467,1000,1,1,431.0,True
1144674,1000,1,1,11.0,True
1144736,1000,1,1,52.0,True
1144794,1000,1,1,70.0,True
1144804,1000,1,1,1.0,True
1144821,1000,1,1,246.0,True
1144824,1000,1,1,2.0,True
1145210,1000,1,0,,False
1145268,1000,1,1,215.0,True
1145478,1000,1,0,,False
1145837,1000,1,1,210.0,True
1145935,1000,1,1,4.0,True
1145937,1000,1,1,164.0,True
1146032,1000,1,0,,False
1146055,1000,1,1,42.0,True
1146067,1000,1,1,2.0,True
1146086,1000,1,1,95.0,True
1146108,1000,1,1,14.0,True
1146144,1000,1,0,,False
1146218,1000,1,1,48.0,True
1146271,1000,1,1,12.0,True
1146488,1000,1,1,12.0,True
1146717,1000,1,1,158.0,True
1146739,1000,1,0,,False
1146777,1000,1,1,236.0,True
1146907,1000,1,1,2.0,True
1146908,1000,1,1,1.0,True
114716,1000,1,0,,False
1147259,1000,1,1,47.0,True
1147277,1000,1,1,1.0,True
1147404,1000,2,2,36.0,True
1147494,1000,1,1,119.0,True
1147606,1000,1,1,11.0,True
1147616,1000,1,1,83.0,True
1147756,1000,1,0,,False
1147907,1000,1,0,,False
1147982,1000,1,1,360.0,True
1148003,1000,1,1,3.0,True
114805,1000,1,1,4.0,True
1148065,1000,1,0,,False
1148077,1000,1,1,20.0,True
1148184,1000,1,0,,False
1148214,1000,1,1,1.0,True
1148288,1000,1,1,1.0,True
1148351,1000,1,1,90.0,True
1148425,1000,1,1,33.0,True
1148501,1000,1,1,33.0,True
1148687,1000,1,1,1.0,True
1148688,1000,1,1,3.0,True
1148776,1000,1,1,5.0,True
11490,1000,1,1,1.0,True
1149017,1000,1,0,,False
1149035,1000,1,1,20.0,True
1149293,1000,1,1,1.0,True
1149523,1000,1,0,,False
1149533,1000,1,1,66.0,True
1149545,1000,1,1,591.0,True
1149552,1000,1,1,17.0,True
1149581,1000,1,1,2.0,True
1149665,1000,1,1,6.0,True
1149789,1000,1,0,,False
114987,1000,1,1,1.0,True
1149949,1000,1,1,62.0,True
1149955,1000,1,0,,False
1149963,1000,1,1,1.0,True
1149996,1000,1,1,2.0,True
1150060,1000,1,1,89.0,True
1150161,1000,1,0,,False
1150255,1000,1,1,1.0,True
1150335,1000,1,1,10.0,True
1150531,1000,1,1,184.0,True
1150558,1000,1,0,,False
1150597,1000,1,1,332.0,True
1150631,1000,1,1,10.0,True
1150671,1000,1,0,,False
1150706,1000,1,1,2.0,True
1150713,1000,1,1,64.0,True
1150744,1000,1,1,404.0,True
1151065,1000,1,1,4.0,True
1151132,1000,1,1,10.0,True
1151143,1000,1,1,73.0,True
1151218,1000,2,2,5.0,True
1151242,1000,1,1,1.0,True
1151411,1000,1,1,2.0,True
1151716,1000,1,1,141.0,True
1151817,1000,1,1,6.0,True
1151931,1000,1,1,24.0,True
1151945,1000,1,0,,False
1152130,1000,1,1,1.0,True
1152235,1000,1,1,5.0,True
115227,1000,1,1,1.0,True
1152371,1000,1,1,1.0,True
1152649,1000,1,1,463.0,True
1152652,1000,1,1,603.0,True
1152656,1000,1,1,19.0,True
1152691,1000,1,1,2.0,True
1152820,1000,1,1,1.0,True
1152841,1000,1,1,459.0,True
1152842,1000,1,1,2.0,True
1152893,1000,1,0,,False
1153049,1000,1,0,,False
1153090,1000,1,1,88.0,True
1153220,1000,1,1,229.0,True
1153223,1000,1,1,2.0,True
1153271,1000,1,1,600.0,True
1153327,1000,1,1,17.0,True
1153391,1000,1,1,8.0,True
1153436,1000,1,1,522.0,True
1153467,1000,1,1,2.0,True
1153485,1000,1,1,1.0,True
1153701,1000,1,1,7.0,True
1153738,1000,1,1,927.0,True
1153808,1000,1,1,2.0,True
1153873,1000,1,1,44.0,True
1153917,1000,1,0,,False
1154015,1000,1,1,52.0,True
1154101,1000,1,1,1.0,True
1154199,1000,1,1,16.0,True
1154299,1000,1,1,5.0,True
1154307,1000,1,1,30.0,True
1154413,1000,1,1,1.0,True
1154417,1000,1,0,,False
1154594,1000,1,1,17.0,True
1154697,1000,1,1,5.0,True
1154699,1000,1,1,3.0,True
115480,1000,1,0,,False
1154867,1000,1,0,,False
115488,1000,1,1,3.0,True
1154890,1000,1,1,4.0,True
1154900,1000,1,1,11.0,True
1154930,1000,1,1,1.0,True
1155050,1000,1,1,36.0,True
1155091,1000,1,1,1.0,True
1155134,1000,1,1,14.0,True
1155420,1000,1,1,186.0,True
1155535,1000,1,1,46.0,True
1155539,1000,1,1,87.0,True
1155754,1000,1,0,,False
1155885,1000,1,1,15.0,True
1155980,1000,1,1,55.0,True
1156009,1000,1,1,9.0,True
1156058,1000,1,1,18.0,True
1156204,1000,1,1,90.0,True
1156238,1000,1,1,57.0,True
1156266,1000,1,0,,False
1156272,1000,1,1,235.0,True
1156320,1000,1,1,51.0,True
1156378,1000,1,1,3.0,True
1156428,1000,1,1,91.0,True
1156443,1000,1,1,5.0,True
1156479,1000,1,1,856.0,True
1156504,1000,1,1,1.0,True
1156557,1000,1,1,7.0,True
1156690,1000,1,1,24.0,True
1156787,1000,1,1,2.0,True
1156943,1000,1,1,196.0,True
1156982,1000,1,1,8.0,True
1157269,1000,1,1,34.0,True
1157381,1000,1,1,59.0,True
1157402,1000,1,1,1.0,True
1157482,1000,1,1,2.0,True
1157532,1000,1,1,151.0,True
1157571,1000,1,1,5.0,True
1157926,1000,1,1,12.0,True
1157975,1000,1,1,22.0,True
1157988,1000,1,1,255.0,True
115801,1000,2,1,21.0,True
1158056,1000,1,1,345.0,True
1158078,1000,1,1,95.0,True
1158106,1000,1,1,8.0,True
1158114,1000,1,0,,False
1158182,1000,1,0,,False
1158205,1000,1,1,234.0,True
1158234,1000,1,1,5.0,True
1158266,1000,1,1,483.0,True
1158301,1000,1,1,15.0,True
115832,1000,1,1,14.0,True
1158448,1000,1,1,3.0,True
1158487,1000,1,1,3.0,True
1158635,1000,1,1,5.0,True
1158716,1000,1,1,10.0,True
1158879,1000,1,1,27.0,True
1158918,1000,1,1,29.0,True
115894,1000,1,1,11.0,True
1158943,1000,1,1,37.0,True
1159095,1000,1,1,69.0,True
1159110,1000,1,1,253.0,True
1159116,1000,1,1,3.0,True
1159120,1000,1,1,1.0,True
1159170,1000,1,0,,False
1159329,1000,1,1,2.0,True
1159489,1000,1,0,,False
1159530,1000,1,1,2.0,True
1159622,1000,1,1,19.0,True
1159641,1000,1,1,1.0,True
1159728,1000,1,1,5.0,True
1159744,1000,1,1,1.0,True
1159758,1000,1,1,2.0,True
1159806,1000,1,1,27.0,True
1159821,1000,1,0,,False
1159845,1000,1,1,65.0,True
1159882,1000,1,1,4.0,True
1159897,1000,1,1,49.0,True
1160086,1000,1,0,,False
116010,1000,1,1,224.0,True
1160127,1000,1,0,,False
1160146,1000,1,1,6.0,True
1160323,1000,1,1,3.0,True
1160327,1000,1,0,,False
1160367,1000,2,1,73.0,True
1160400,1000,1,1,817.0,True
1160462,1000,1,1,26.0,True
1160474,1000,1,1,288.0,True
1160557,1000,1,0,,False
1160622,1000,1,0,,False
1160727,1000,1,0,,False
1160873,1000,1,1,161.0,True
1160909,1000,1,1,44.0,True
1161,1000,1,1,266.0,True
1161053,1000,1,1,2.0,True
1161183,1000,1,1,2.0,True
1161353,1000,1,1,80.0,True
116139,1000,1,1,234.0,True
1161402,1000,1,1,278.0,True
1161406,1000,1,0,,False
1161420,1000,1,0,,False
1161624,1000,1,1,4.0,True
1161668,1000,1,0,,False
1161946,1000,1,0,,False
1162132,1000,1,0,,False
1162432,1000,1,1,3.0,True
1162476,1000,1,0,,False
1162509,1000,1,0,,False
1162541,1000,1,1,23.0,True
1162558,1000,1,0,,False
1162576,1000,1,1,794.0,True
1162714,1000,1,1,10.0,True
116283,1000,1,0,,False
1163086,1000,1,1,5.0,True
1163095,1000,2,2,3.0,True
1163170,1000,1,1,1.0,True
1163193,1000,1,1,39.0,True
1163223,1000,1,1,249.0,True
1163412,1000,1,0,,False
1163479,1000,1,1,882.0,True
1163487,1000,1,1,8.0,True
1163630,1000,1,1,159.0,True
1163691,1000,1,1,205.0,True
1163698,1000,1,1,6.0,True
1163871,1000,1,1,35.0,True
1164078,1000,1,1,84.0,True
1164123,1000,1,1,41.0,True
1164185,1000,1,1,106.0,True
1164269,1000,1,1,287.0,True
1164285,1000,1,1,1.0,True
1164304,1000,1,0,,False
1164334,1000,1,1,19.0,True
116449,1000,1,1,117.0,True
1164955,1000,1,1,2.0,True
116508,1000,1,1,256.0,True
1165126,1000,1,1,51.0,True
1165145,1000,1,1,5.0,True
1165193,1000,1,1,6.0,True
1165207,1000,1,1,10.0,True
1165223,1000,1,1,7.0,True
1165232,1000,1,1,27.0,True
1165334,1000,1,1,12.0,True
1165504,1000,1,1,620.0,True
1165512,1000,1,1,28.0,True
1165538,1000,1,1,13.0,True
1165631,1000,1,1,116.0,True
1165679,1000,1,1,65.0,True
1165989,1000,1,1,56.0,True
1166016,1000,1,1,21.0,True
1166045,1000,1,1,3.0,True
1166100,1000,1,1,1.0,True
116622,1000,1,1,19.0,True
1166276,1000,1,1,8.0,True
1166286,1000,1,1,44.0,True
1166414,1000,1,1,369.0,True
1166469,1000,1,1,16.0,True
1166570,1000,1,1,3.0,True
1166955,1000,1,1,3.0,True
1166965,1000,1,1,5.0,True
1167009,1000,1,1,2.0,True
1167195,1000,1,1,60.0,True
1167370,1000,1,1,6.0,True
1167519,1000,1,1,7.0,True
1167540,1000,1,1,5.0,True
1167571,1000,1,1,100.0,True
116784,1000,1,1,445.0,True
1167854,1000,1,1,147.0,True
1167856,1000,1,1,3.0,True
1167861,1000,1,1,3.0,True
1167955,1000,1,1,5.0,True
1167973,1000,1,0,,False
1167975,1000,1,1,10.0,True
1168027,1000,1,1,26.0,True
1168154,1000,1,1,3.0,True
1168170,1000,1,1,123.0,True
1168251,1000,1,1,55.0,True
1168269,1000,1,1,17.0,True
1168335,1000,1,1,1.0,True
1168341,1000,1,1,8.0,True
1168426,1000,1,1,42.0,True
1168446,1000,1,1,3.0,True
1168587,1000,1,1,9.0,True
1168679,1000,1,1,2.0,True
1168694,1000,1,0,,False
1168866,1000,1,1,1.0,True
1168870,1000,1,0,,False
1169049,1000,1,1,111.0,True
1169076,1000,1,1,695.0,True
1169131,1000,1,1,2.0,True
1169164,1000,1,1,630.0,True
1169165,1000,1,1,1.0,True
116917,1000,1,1,376.0,True
1169178,1000,1,1,56.0,True
1169198,1000,1,1,3.0,True
116924,1000,1,0,,False
116930,1000,1,1,8.0,True
116941,1000,1,0,,False
1169496,1000,1,1,2.0,True
1169676,1000,1,1,36.0,True
116968,1000,1,1,4.0,True
1169698,1000,1,1,2.0,True
1169702,1000,1,1,19.0,True
1169707,1000,1,1,12.0,True
1169735,1000,1,1,94.0,True
1169849,1000,1,1,3.0,True
1169925,1000,1,1,5.0,True
1170076,1000,1,1,5.0,True
117016,1000,1,1,5.0,True
1170314,1000,1,1,8.0,True
1170339,1000,1,0,,False
1170353,1000,1,1,1.0,True
1170357,1000,1,1,18.0,True
1170370,1000,1,1,2.0,True
1170389,1000,1,1,4.0,True
1170626,1000,1,1,350.0,True
1170646,1000,1,1,7.0,True
1170753,1000,1,1,61.0,True
1171076,1000,1,1,18.0,True
1171184,1000,1,0,,False
1171273,1000,1,0,,False
1171293,1000,1,0,,False
1171296,1000,1,1,8.0,True
1171429,1000,1,1,219.0,True
1171450,1000,1,1,2.0,True
1171455,1000,1,1,2.0,True
1171645,1000,1,1,44.0,True
1171659,1000,1,1,2.0,True
1171669,1000,1,1,70.0,True
1171767,1000,1,1,20.0,True
1171897,1000,1,1,2.0,True
1171959,1000,2,0,,False
1171960,1000,1,1,10.0,True
1171967,1000,1,1,136.0,True
1171995,1000,1,0,,False
1172019,1000,1,1,2.0,True
1172150,1000,1,1,1.0,True
1172198,1000,1,1,9.0,True
117226,1000,1,1,2.0,True
1172295,1000,1,1,1.0,True
1172342,1000,1,1,14.0,True
1172446,1000,1,1,2.0,True
1172552,1000,2,2,1.0,True
1172555,1000,1,1,132.0,True
1172592,1000,1,1,34.0,True
1172626,1000,1,1,260.0,True
1172636,1000,1,1,2.0,True
1172672,1000,1,1,3.0,True
1172688,1000,1,1,4.0,True
1172698,1000,2,2,24.0,True
1172883,1000,1,1,4.0,True
1173299,1000,1,1,4.0,True
1173325,1000,1,1,7.0,True
1173365,1000,1,1,4.0,True
1173525,1000,1,0,,False
1173551,1000,1,1,627.0,True
1173594,1000,1,1,5.0,True
1173793,1000,1,1,5.0,True
1173846,1000,1,1,5.0,True
1173932,1000,1,1,2.0,True
1173938,1000,1,1,3.0,True
1174078,1000,1,1,54.0,True
1174088,1000,1,1,2.0,True
1174098,1000,1,1,4.0,True
1174124,1000,1,0,,False
1174170,1000,1,1,4.0,True
1174265,1000,1,1,61.0,True
1174324,1000,1,1,123.0,True
117435,1000,2,2,73.0,True
1174542,1000,1,1,2.0,True
1174556,1000,1,1,1.0,True
1174563,1000,1,1,5.0,True
1174655,1000,1,1,205.0,True
1174669,1000,1,1,37.0,True
1174812,1000,1,1,2.0,True
1174900,1000,1,1,254.0,True
1174936,1000,1,1,22.0,True
1174948,1000,1,1,22.0,True
1174963,1000,1,1,364.0,True
1175058,1000,1,1,60.0,True
1175195,1000,1,1,170.0,True
1175247,1000,1,1,3.0,True
1175290,1000,1,1,104.0,True
117532,1000,1,1,155.0,True
117542,1000,1,1,34.0,True
1175424,1000,1,1,5.0,True
1175485,1000,1,0,,False
1175503,1000,1,1,4.0,True
1175791,1000,1,1,6.0,True
1175817,1000,1,1,4.0,True
1175825,1000,1,1,36.0,True
1175935,1000,1,1,29.0,True
1176022,1000,1,1,3.0,True
1176042,1000,1,1,21.0,True
1176148,1000,1,0,,False
1176243,1000,1,1,9.0,True
1176392,1000,1,1,1.0,True
1176412,1000,1,1,1.0,True
1176528,1000,1,1,3.0,True
1176532,1000,1,0,,False
1176823,1000,1,1,2.0,True
1176827,1000,1,1,407.0,True
1176994,1000,1,1,51.0,True
1177026,1000,1,1,4.0,True
1177058,1000,1,1,24.0,True
1177277,1000,1,1,10.0,True
1177311,1000,1,0,,False
1177371,1000,1,1,421.0,True
1177631,1000,1,0,,False
1177783,1000,1,0,,False
1177784,1000,1,1,9.0,True
1177883,1000,1,1,7.0,True
1178110,1000,1,1,30.0,True
1178269,1000,1,1,3.0,True
1178299,1000,1,1,7.0,True
1178475,1000,1,1,2.0,True
1178482,1000,1,1,2.0,True
1178538,1000,1,1,1.0,True
1178590,1000,1,0,,False
1178930,1000,1,1,22.0,True
1179034,1000,1,1,3.0,True
1179500,1000,1,1,152.0,True
1179515,1000,1,0,,False
1179548,1000,1,0,,False
1179843,1000,1,1,2.0,True
1179892,1000,1,0,,False
1179911,1000,1,1,42.0,True
1179943,1000,1,1,190.0,True
1180088,1000,1,1,632.0,True
1180334,1000,1,1,366.0,True
1180452,1000,1,1,26.0,True
1180752,1000,1,1,27.0,True
1180847,1000,1,1,263.0,True
1180860,1000,1,1,8.0,True
1180903,1000,1,1,55.0,True
1180932,1000,1,1,14.0,True
1181057,1000,1,1,17.0,True
1181084,1000,1,1,96.0,True
1181155,1000,1,0,,False
1181190,1000,1,1,8.0,True
1181237,1000,1,1,2.0,True
1181286,1000,1,1,41.0,True
1181412,1000,1,1,478.0,True
1181476,1000,1,1,3.0,True
1181485,1000,1,1,1.0,True
1181520,1000,1,1,31.0,True
1181619,1000,1,0,,False
1181781,1000,1,1,43.0,True
1181817,1000,1,1,2.0,True
1181865,1000,1,0,,False
1181906,1000,1,0,,False
1181997,1000,1,1,267.0,True
1182235,1000,1,1,1.0,True
1182292,1000,1,1,5.0,True
1182309,1000,1,1,10.0,True
1182312,1000,1,1,31.0,True
1182380,1000,1,1,5.0,True
1182392,1000,1,0,,False
1182561,1000,1,1,12.0,True
1182738,1000,1,1,3.0,True
118283,1000,1,0,,False
1182970,1000,1,1,15.0,True
1183016,1000,1,1,2.0,True
1183122,1000,1,1,3.0,True
1183432,1000,1,1,22.0,True
1183640,1000,1,0,,False
1183697,1000,1,1,9.0,True
1183757,1000,1,1,161.0,True
1183862,1000,1,1,1.0,True
1183971,1000,1,1,36.0,True
1184098,1000,1,1,32.0,True
118414,1000,1,0,,False
1184282,1000,1,1,3.0,True
1184298,1000,1,1,2.0,True
1184323,1000,1,1,7.0,True
1184408,1000,1,1,325.0,True
1184412,1000,1,1,16.0,True
1184416,1000,1,1,3.0,True
118442,1000,1,1,26.0,True
1184452,1000,1,1,29.0,True
1184457,1000,1,1,2.0,True
1184488,1000,1,0,,False
1184513,1000,2,2,5.0,True
1184567,1000,1,1,1.0,True
1184658,1000,2,1,6.0,True
1184757,1000,1,1,1.0,True
1184918,1000,1,1,6.0,True
1184948,1000,1,1,1.0,True
118507,1000,1,1,12.0,True
1185091,1000,1,1,18.0,True
1185161,1000,1,1,113.0,True
1185239,1000,1,1,676.0,True
1185247,1000,1,1,53.0,True
1185263,1000,1,0,,False
1185341,1000,1,1,11.0,True
1185392,1000,1,1,46.0,True
1185400,1000,2,1,36.0,True
1185444,1000,1,1,402.0,True
1185582,1000,1,0,,False
1185696,1000,1,1,113.0,True
11857,1000,1,1,136.0,True
1185784,1000,1,1,2.0,True
1185795,1000,1,1,5.0,True
1185796,1000,1,1,2.0,True
118727,1000,1,0,,False
118756,1000,1,1,105.0,True
118882,1000,1,1,567.0,True
11895,1000,1,1,3.0,True
11898,1000,1,1,44.0,True
119018,1000,1,1,137.0,True
11910,1000,1,1,13.0,True
119119,1000,1,1,22.0,True
119170,1000,2,2,1.0,True
119310,1000,1,1,39.0,True
119558,1000,1,1,129.0,True
119621,1000,1,1,174.0,True
119628,1000,1,1,2.0,True
119666,1000,1,1,49.0,True
119695,1000,1,1,105.0,True
119770,1000,1,1,28.0,True
119791,1000,1,1,325.0,True
120076,1000,1,1,12.0,True
120150,1000,1,0,,False
120252,1000,1,1,47.0,True
120360,1000,1,0,,False
120601,1000,1,1,3.0,True
120633,1000,1,1,105.0,True
120690,1000,1,1,1.0,True
120715,1000,1,1,106.0,True
120840,1000,1,1,421.0,True
121101,1000,1,1,133.0,True
12137,1000,1,1,1.0,True
12154,1000,1,1,10.0,True
121568,1000,1,1,16.0,True
121623,1000,1,0,,False
121634,1000,1,1,17.0,True
121642,1000,1,0,,False
121713,1000,1,1,249.0,True
121728,1000,1,1,23.0,True
121863,1000,1,0,,False
122023,1000,1,0,,False
122129,1000,1,1,76.0,True
122176,1000,1,1,7.0,True
122242,1000,1,1,1.0,True
122360,1000,1,0,,False
122379,1000,1,1,112.0,True
12253,1000,1,1,55.0,True
122640,1000,1,1,6.0,True
123038,1000,1,1,567.0,True
123349,1000,1,0,,False
123414,1000,1,1,329.0,True
12345,1000,1,1,1.0,True
123674,1000,1,1,8.0,True
123706,1000,1,1,10.0,True
123810,1000,1,1,162.0,True
12391,1000,1,0,,False
123986,1000,1,1,118.0,True
124069,1000,1,0,,False
12433,1000,1,1,8.0,True
124404,1000,1,1,3.0,True
124443,1000,1,1,136.0,True
124457,1000,1,1,18.0,True
124524,1000,1,1,46.0,True
124546,1000,1,1,14.0,True
124561,1000,1,1,32.0,True
124598,1000,1,1,16.0,True
124708,1000,1,1,53.0,True
124789,1000,1,1,57.0,True
124825,1000,1,1,17.0,True
124911,1000,1,1,231.0,True
124914,1000,1,1,93.0,True
124960,1000,2,2,2.0,True
12515,1000,1,1,36.0,True
12525,1000,1,1,12.0,True
125394,1000,1,1,122.0,True
125434,1000,1,1,26.0,True
125491,1000,1,0,,False
125954,1000,1,1,765.0,True
126056,1000,1,1,2.0,True
126281,1000,1,1,31.0,True
126400,1000,1,1,633.0,True
126442,1000,2,2,5.0,True
126493,1000,1,1,136.0,True
126553,1000,1,1,6.0,True
126635,1000,1,0,,False
126656,1000,1,1,566.0,True
126820,1000,1,1,71.0,True
126911,1000,1,1,28.0,True
126927,1000,1,0,,False
126943,1000,1,0,,False
126971,1000,1,1,20.0,True
127051,1000,1,1,55.0,True
127196,1000,1,1,45.0,True
127201,1000,1,1,3.0,True
127229,1000,1,1,4.0,True
127280,1000,1,1,103.0,True
127412,1000,1,1,49.0,True
127446,1000,1,1,12.0,True
127472,1000,1,1,9.0,True
127475,1000,1,0,,False
127476,1000,1,1,1.0,True
127537,1000,1,1,76.0,True
127600,1000,1,1,30.0,True
127628,1000,1,1,2.0,True
127675,1000,1,1,6.0,True
127900,1000,1,1,43.0,True
128265,1000,1,1,212.0,True
12860,1000,1,0,,False
128677,1000,1,1,136.0,True
128876,1000,1,1,17.0,True
128901,1000,1,1,94.0,True
128938,1000,1,1,1.0,True
128951,1000,1,1,110.0,True
128995,1000,1,0,,False
129280,1000,1,1,234.0,True
129344,1000,1,1,26.0,True
129349,1000,1,1,5.0,True
129432,1000,1,0,,False
129453,1000,1,1,3.0,True
12955,1000,1,0,,False
129602,1000,1,1,8.0,True
129673,1000,1,1,8.0,True
129765,1000,1,1,6.0,True
129860,1000,1,1,498.0,True
129977,1000,1,1,45.0,True
130181,1000,1,1,1.0,True
130234,1000,1,1,4.0,True
130252,1000,1,1,4.0,True
130279,1000,1,1,7.0,True
130545,1000,1,1,1.0,True
130655,1000,1,1,51.0,True
130742,1000,1,1,3.0,True
130785,1000,1,0,,False
130802,1000,1,0,,False
130952,1000,1,0,,False
13096,1000,1,0,,False
131018,1000,1,1,5.0,True
131047,1000,1,1,14.0,True
131054,1000,1,1,15.0,True
131097,1000,1,1,972.0,True
131114,1000,1,1,1.0,True
131118,1000,1,1,1.0,True
131130,1000,1,1,1.0,True
131169,1000,1,1,1.0,True
131533,1000,1,1,3.0,True
131546,1000,2,2,7.0,True
131576,1000,1,0,,False
131596,1000,1,1,2.0,True
131606,1000,2,2,640.0,True
131837,1000,1,0,,False
13184,1000,2,2,123.0,True
131967,1000,1,0,,False
132074,1000,2,1,30.0,True
132258,1000,1,1,336.0,True
132350,1000,1,1,41.0,True
132407,1000,1,1,1.0,True
132600,1000,1,1,98.0,True
132629,1000,1,1,229.0,True
132648,1000,1,0,,False
132683,1000,1,0,,False
133011,1000,1,1,3.0,True
133220,1000,1,1,45.0,True
133240,1000,1,0,,False
133278,1000,1,1,552.0,True
13351,1000,1,1,83.0,True
133515,1000,1,1,27.0,True
133590,1000,1,1,7.0,True
133665,1000,1,0,,False
133715,1000,1,1,469.0,True
133783,1000,1,0,,False
133795,1000,1,1,12.0,True
133823,1000,1,1,3.0,True
134236,1000,1,1,62.0,True
134254,1000,1,1,4.0,True
13429,1000,1,1,1.0,True
134293,1000,1,1,353.0,True
134386,1000,1,1,308.0,True
134400,1000,1,1,16.0,True
134466,1000,1,0,,False
134520,1000,1,0,,False
134640,1000,1,1,1.0,True
134647,1000,1,1,844.0,True
134649,1000,1,1,30.0,True
134785,1000,1,1,189.0,True
134830,1000,1,1,957.0,True
134990,1000,1,1,3.0,True
135029,1000,1,1,6.0,True
135061,1000,1,0,,False
135306,1000,1,1,10.0,True
135313,1000,2,2,4.0,True
135320,1000,1,1,697.0,True
135434,1000,1,1,358.0,True
135477,1000,1,1,127.0,True
135597,1000,1,1,242.0,True
135610,1000,1,1,1.0,True
13570,1000,1,1,47.0,True
135876,1000,1,1,15.0,True
136076,1000,1,1,45.0,True
136315,1000,1,1,6.0,True
136460,1000,1,1,49.0,True
136531,1000,1,1,3.0,True
136835,1000,1,1,1.0,True
136924,1000,1,1,125.0,True
137009,1000,1,0,,False
137081,1000,1,0,,False
137084,1000,1,1,4.0,True
137258,1000,1,1,41.0,True
13741,1000,1,1,102.0,True
137418,1000,1,1,11.0,True
137631,1000,1,1,308.0,True
13771,1000,1,1,1.0,True
137789,1000,1,0,,False
137792,1000,1,1,129.0,True
138002,1000,2,1,2.0,True
138079,1000,1,1,3.0,True
138384,1000,1,1,3.0,True
138465,1000,1,0,,False
138530,1000,1,1,9.0,True
138842,1000,1,1,3.0,True
139135,1000,1,1,62.0,True
139194,1000,1,1,12.0,True
139258,1000,1,1,6.0,True
139259,1000,1,1,3.0,True
139374,1000,1,0,,False
139406,1000,1,0,,False
139441,1000,1,1,157.0,True
139568,1000,1,1,67.0,True
139579,1000,1,0,,False
139713,1000,1,1,1.0,True
139738,1000,1,1,53.0,True
139746,1000,1,1,32.0,True
139781,1000,1,1,67.0,True
139868,1000,1,1,11.0,True
139886,1000,1,1,19.0,True
140014,1000,1,1,14.0,True
140129,1000,1,1,1.0,True
140138,1000,1,0,,False
140305,1000,1,0,,False
140405,1000,1,1,18.0,True
140469,1000,1,1,96.0,True
140494,1000,1,1,1.0,True
140495,1000,1,1,258.0,True
140512,1000,1,1,2.0,True
140699,1000,1,0,,False
140782,1000,1,1,3.0,True
140803,1000,1,1,1.0,True
140876,1000,1,1,97.0,True
141036,1000,1,0,,False
141040,1000,1,1,195.0,True
141055,1000,1,0,,False
141232,1000,1,0,,False
141327,1000,2,0,,False
141351,1000,1,0,,False
141539,1000,1,0,,False
141946,1000,1,1,749.0,True
141975,1000,1,1,1000.0,True
142020,1000,1,1,416.0,True
142032,1000,1,1,323.0,True
142056,1000,2,2,4.0,True
142061,1000,1,1,8.0,True
142063,1000,1,1,3.0,True
142149,1000,1,1,330.0,True
142431,1000,1,1,2.0,True
142463,1000,1,0,,False
142554,1000,1,1,15.0,True
142736,1000,1,0,,False
143077,1000,1,1,3.0,True
14309,1000,1,1,135.0,True
143285,1000,1,1,111.0,True
143319,1000,1,1,90.0,True
143399,1000,1,1,21.0,True
14362,1000,2,1,2.0,True
143653,1000,1,1,7.0,True
143753,1000,1,1,5.0,True
144069,1000,1,1,68.0,True
144235,1000,1,1,17.0,True
144247,1000,1,0,,False
14428,1000,1,1,587.0,True
144769,1000,1,0,,False
144946,1000,1,1,1.0,True
144971,1000,1,1,109.0,True
14532,1000,1,0,,False
145353,1000,1,1,350.0,True
145387,1000,1,1,2.0,True
145520,1000,1,0,,False
145834,1000,1,1,8.0,True
145929,1000,1,0,,False
146098,1000,1,1,1.0,True
146114,1000,3,3,12.0,True
146188,1000,1,0,,False
146433,1000,2,0,,False
146569,1000,1,1,3.0,True
146588,1000,2,2,1.0,True
146653,1000,2,1,20.0,True
146664,1000,2,0,,False
146799,1000,1,1,26.0,True
147025,1000,1,1,1.0,True
147301,1000,1,1,23.0,True
147379,1000,2,2,2.0,True
147384,1000,3,3,2.0,True
147517,1000,2,2,2.0,True
147638,1000,1,1,126.0,True
147673,1000,1,1,19.0,True
14768,1000,1,1,4.0,True
147846,1000,1,1,2.0,True
147855,1000,1,1,5.0,True
147865,1000,1,1,33.0,True
147908,1000,1,1,45.0,True
148066,1000,1,1,400.0,True
14814,1000,1,1,13.0,True
148552,1000,2,2,1.0,True
148697,1000,1,1,109.0,True
148733,1000,1,1,6.0,True
148840,1000,2,2,1.0,True
148910,1000,1,0,,False
149020,1000,2,1,126.0,True
149203,1000,1,1,2.0,True
1493,1000,2,1,379.0,True
149345,1000,2,1,596.0,True
149452,1000,1,1,6.0,True
149678,1000,2,2,137.0,True
149741,1000,2,2,24.0,True
149744,1000,3,0,,False
14984,1000,1,1,9.0,True
149862,1000,1,1,13.0,True
149893,1000,2,2,6.0,True
14991,1000,1,1,3.0,True
149999,1000,1,1,2.0,True
150035,1000,2,1,111.0,True
150237,1000,1,1,96.0,True
150241,1000,1,1,34.0,True
150283,1000,1,0,,False
150371,1000,1,1,293.0,True
150431,1000,1,0,,False
150432,1000,2,0,,False
150574,1000,2,1,26.0,True
150601,1000,1,1,55.0,True
150656,1000,1,1,32.0,True
15070,1000,1,1,241.0,True
150739,1000,1,1,3.0,True
15078,1000,1,1,88.0,True
150869,1000,1,1,6.0,True
150935,1000,1,1,4.0,True
150959,1000,1,1,1.0,True
151028,1000,1,1,102.0,True
15104,1000,1,1,14.0,True
151107,1000,2,2,1.0,True
151310,1000,1,1,6.0,True
151315,1000,1,1,21.0,True
151381,1000,1,1,23.0,True
151440,1000,1,1,1.0,True
15160,1000,1,1,16.0,True
151629,1000,1,1,22.0,True
151697,1000,1,1,16.0,True
15172,1000,1,1,4.0,True
151891,1000,1,1,3.0,True
151969,1000,1,1,12.0,True
151978,1000,1,1,10.0,True
152123,1000,1,1,132.0,True
152190,1000,1,1,7.0,True
152313,1000,1,1,247.0,True
152486,1000,1,1,942.0,True
152490,1000,1,0,,False
152547,1000,3,0,,False
152673,1000,1,1,15.0,True
152756,1000,1,1,1.0,True
152908,1000,1,1,75.0,True
153009,1000,1,1,14.0,True
153042,1000,1,1,1.0,True
153143,1000,1,1,10.0,True
153302,1000,1,1,84.0,True
153657,1000,1,1,1.0,True
153660,1000,1,1,30.0,True
153797,1000,1,1,79.0,True
153879,1000,1,1,145.0,True
15393,1000,1,1,3.0,True
154028,1000,1,1,2.0,True
154121,1000,1,1,4.0,True
154161,1000,1,1,95.0,True
154315,1000,1,1,1.0,True
154348,1000,1,1,1.0,True
154703,1000,1,1,4.0,True
154847,1000,1,1,3.0,True
154863,1000,2,2,51.0,True
155067,1000,1,1,1.0,True
155214,1000,1,1,1.0,True
155516,1000,1,1,31.0,True
155590,1000,1,1,11.0,True
155657,1000,1,1,1.0,True
156029,1000,1,0,,False
156056,1000,1,1,3.0,True
156124,1000,1,1,242.0,True
15616,1000,1,1,267.0,True
156203,1000,1,0,,False
156260,1000,2,2,1.0,True
156306,1000,1,1,383.0,True
156450,1000,1,0,,False
156489,1000,1,0,,False
156507,1000,1,1,59.0,True
156625,1000,1,1,2.0,True
156872,1000,1,1,3.0,True
156988,1000,1,1,4.0,True
157129,1000,1,1,331.0,True
157251,1000,1,0,,False
157427,1000,1,1,8.0,True
15757,1000,1,1,3.0,True
157630,1000,1,1,1.0,True
157645,1000,1,1,13.0,True
157759,1000,2,2,1.0,True
157825,1000,1,1,2.0,True
157836,1000,1,1,64.0,True
157980,1000,1,1,3.0,True
158019,1000,1,0,,False
158045,1000,1,1,1.0,True
158064,1000,1,1,1.0,True
15844,1000,1,1,11.0,True
158459,1000,1,1,3.0,True
158591,1000,1,1,7.0,True
158609,1000,1,0,,False
158612,1000,1,1,33.0,True
158666,1000,1,1,11.0,True
15870,1000,1,1,24.0,True
158740,1000,1,1,5.0,True
158820,1000,1,1,11.0,True
15888,1000,1,1,629.0,True
158973,1000,1,1,5.0,True
158998,1000,1,1,21.0,True
159107,1000,1,1,5.0,True
15937,1000,1,1,3.0,True
15949,1000,1,1,34.0,True
159521,1000,1,0,,False
159676,1000,1,0,,False
159897,1000,1,1,5.0,True
159904,1000,1,0,,False
160142,1000,1,1,107.0,True
160155,1000,1,1,14.0,True
160167,1000,1,0,,False
160329,1000,1,0,,False
160367,1000,1,1,3.0,True
160570,1000,1,0,,False
160967,1000,1,1,27.0,True
161115,1000,1,1,259.0,True
161150,1000,1,1,428.0,True
161294,1000,1,1,30.0,True
161391,1000,1,1,30.0,True
161546,1000,1,0,,False
162102,1000,1,1,38.0,True
162184,1000,1,0,,False
162271,1000,1,1,3.0,True
162318,1000,1,1,30.0,True
162376,1000,1,0,,False
16239,1000,1,1,4.0,True
162429,1000,1,1,1.0,True
162452,1000,1,1,1.0,True
162634,1000,2,2,4.0,True
162638,1000,1,1,234.0,True
162770,1000,1,0,,False
16278,1000,1,0,,False
162991,1000,1,0,,False
163330,1000,1,1,524.0,True
163348,1000,1,1,2.0,True
163400,1000,1,1,17.0,True
163682,1000,1,1,446.0,True
163708,1000,1,1,25.0,True
1638,1000,1,1,1.0,True
164135,1000,1,1,16.0,True
164137,1000,1,1,340.0,True
164145,1000,1,0,,False
16441,1000,1,1,758.0,True
164665,1000,1,1,3.0,True
16510,1000,2,1,196.0,True
165152,1000,1,1,1.0,True
165255,1000,1,1,1.0,True
165281,1000,1,0,,False
165342,1000,1,1,95.0,True
165827,1000,1,1,1.0,True
165929,1000,1,1,3.0,True
166048,1000,1,1,23.0,True
1662,1000,1,1,11.0,True
166236,1000,1,1,13.0,True
166275,1000,1,1,11.0,True
166343,1000,1,0,,False
166380,1000,1,1,4.0,True
166463,1000,1,1,23.0,True
16652,1000,1,1,41.0,True
167127,1000,1,1,18.0,True
167175,1000,1,0,,False
167393,1000,1,1,948.0,True
167438,1000,1,1,784.0,True
1675,1000,1,0,,False
167721,1000,1,1,205.0,True
167792,1000,1,0,,False
16809,1000,1,1,8.0,True
168113,1000,1,1,1.0,True
168123,1000,1,1,2.0,True
168124,1000,1,0,,False
168260,1000,1,1,3.0,True
168616,1000,1,0,,False
168638,1000,1,1,1.0,True
168740,1000,1,1,60.0,True
168958,1000,1,1,157.0,True
16903,1000,1,1,8.0,True
169255,1000,1,1,898.0,True
169331,1000,1,0,,False
169398,1000,1,1,49.0,True
169406,1000,1,0,,False
16947,1000,3,3,3.0,True
170050,1000,1,1,37.0,True
170095,1000,1,1,1.0,True
170098,1000,1,1,35.0,True
170433,1000,1,1,8.0,True
170480,1000,1,1,5.0,True
170669,1000,1,1,489.0,True
170935,1000,1,1,1.0,True
170938,1000,1,1,5.0,True
17094,1000,1,1,29.0,True
171040,1000,1,1,113.0,True
171224,1000,1,1,2.0,True
171266,1000,1,1,1.0,True
171327,1000,1,1,9.0,True
171667,1000,1,1,164.0,True
171670,1000,1,0,,False
171714,1000,1,1,19.0,True
171827,1000,1,1,96.0,True
171880,1000,1,0,,False
17205,1000,1,1,48.0,True
17224,1000,3,3,5.0,True
172286,1000,1,1,70.0,True
17235,1000,1,0,,False
172616,1000,1,1,10.0,True
172680,1000,1,0,,False
172722,1000,1,1,555.0,True
172875,1000,1,1,3.0,True
172885,1000,1,1,140.0,True
172995,1000,1,1,64.0,True
173330,1000,1,1,47.0,True
173533,1000,1,1,2.0,True
173534,1000,1,1,51.0,True
173745,1000,1,1,4.0,True
173843,1000,1,0,,False
174046,1000,1,1,7.0,True
174086,1000,1,1,45.0,True
174168,1000,1,1,2.0,True
174169,1000,1,1,812.0,True
174320,1000,2,1,13.0,True
174341,1000,1,1,551.0,True
174408,1000,1,1,1.0,True
174449,1000,1,1,245.0,True
174474,1000,2,1,257.0,True
174607,1000,1,1,3.0,True
174892,1000,1,1,62.0,True
174952,1000,1,1,13.0,True
174979,1000,1,1,11.0,True
175127,1000,1,1,8.0,True
175215,1000,1,1,39.0,True
175283,1000,1,1,1.0,True
17531,1000,1,1,2.0,True
175617,1000,1,1,98.0,True
175862,1000,1,1,350.0,True
176167,1000,2,2,1.0,True
176174,1000,1,1,122.0,True
176289,1000,1,1,3.0,True
176331,1000,1,1,8.0,True
176437,1000,1,0,,False
176447,1000,1,1,6.0,True
176497,1000,1,1,6.0,True
176524,1000,1,1,1.0,True
176683,1000,1,1,2.0,True
176792,1000,1,1,25.0,True
176862,1000,1,1,10.0,True
17703,1000,1,1,14.0,True
177117,1000,1,1,5.0,True
177494,1000,1,1,1.0,True
177505,1000,1,1,500.0,True
177534,1000,1,1,35.0,True
177710,1000,1,1,3.0,True
177772,1000,1,0,,False
177801,1000,1,1,3.0,True
177860,1000,1,1,5.0,True
177874,1000,1,1,355.0,True
177891,1000,1,1,4.0,True
178105,1000,1,1,358.0,True
178123,1000,1,1,1.0,True
178180,1000,1,1,24.0,True
178267,1000,1,1,1.0,True
17845,1000,1,1,223.0,True
178517,1000,3,0,,False
178731,1000,1,1,54.0,True
178831,1000,1,1,243.0,True
178849,1000,1,1,4.0,True
178866,1000,1,1,23.0,True
178879,1000,1,1,102.0,True
178897,1000,1,1,27.0,True
178917,1000,1,1,49.0,True
178997,1000,1,1,1.0,True
179015,1000,3,3,68.0,True
179110,1000,1,0,,False
179125,1000,2,1,14.0,True
179165,1000,1,0,,False
179213,1000,1,1,2.0,True
179392,1000,1,1,104.0,True
179482,1000,1,0,,False
179747,1000,1,1,102.0,True
179868,1000,1,1,1.0,True
179960,1000,1,1,4.0,True
180026,1000,1,1,11.0,True
180089,1000,1,1,121.0,True
18009,1000,1,1,4.0,True
180107,1000,1,1,12.0,True
180155,1000,1,0,,False
180191,1000,1,1,667.0,True
180457,1000,1,1,78.0,True
180547,1000,2,2,37.0,True
180560,1000,1,0,,False
180670,1000,1,1,2.0,True
180821,1000,1,1,1.0,True
180897,1000,1,1,2.0,True
180977,1000,2,1,62.0,True
180983,1000,1,1,109.0,True
181039,1000,1,1,4.0,True
181113,1000,1,1,19.0,True
181569,1000,1,1,7.0,True
181585,1000,1,1,521.0,True
181632,1000,1,1,61.0,True
18165,1000,1,0,,False
181698,1000,1,1,338.0,True
181925,1000,1,0,,False
182037,1000,1,1,1.0,True
182048,1000,1,1,41.0,True
182149,1000,1,1,2.0,True
182258,1000,1,0,,False
182316,1000,1,1,55.0,True
18238,1000,1,1,63.0,True
182616,1000,2,1,18.0,True
183105,1000,2,2,15.0,True
183344,1000,1,1,155.0,True
183708,1000,1,1,598.0,True
183722,1000,1,1,5.0,True
183773,1000,1,1,17.0,True
183774,1000,1,0,,False
18378,1000,1,1,4.0,True
183804,1000,1,1,31.0,True
183894,1000,1,1,2.0,True
183897,1000,1,0,,False
183910,1000,1,1,77.0,True
184046,1000,1,1,23.0,True
184188,1000,1,1,183.0,True
184220,1000,1,1,5.0,True
184538,1000,1,0,,False
184690,1000,1,1,2.0,True
184758,1000,1,1,41.0,True
184831,1000,1,0,,False
185120,1000,1,1,1.0,True
185133,1000,1,1,113.0,True
185214,1000,1,1,60.0,True
185557,1000,1,1,29.0,True
185653,1000,1,1,811.0,True
18585,1000,1,1,1.0,True
185886,1000,1,1,46.0,True
185932,1000,1,1,4.0,True
18609,1000,1,1,478.0,True
18615,1000,1,1,7.0,True
187036,1000,1,1,386.0,True
187155,1000,1,1,364.0,True
187372,1000,1,0,,False
187423,1000,1,1,3.0,True
187495,1000,1,1,2.0,True
187621,1000,1,1,12.0,True
187738,1000,1,1,1.0,True
187788,1000,1,1,61.0,True
187790,1000,1,1,1.0,True
187805,1000,1,1,24.0,True
187812,1000,4,4,3.0,True
187883,1000,2,1,340.0,True
18790,1000,1,1,340.0,True
188203,1000,1,1,48.0,True
188276,1000,1,1,24.0,True
188307,1000,1,1,7.0,True
188309,1000,1,1,57.0,True
188400,1000,1,1,1.0,True
188426,1000,1,0,,False
188506,1000,1,1,67.0,True
188633,1000,1,0,,False
188730,1000,1,1,72.0,True
188783,1000,2,2,13.0,True
188828,1000,1,1,50.0,True
189022,1000,1,0,,False
18903,1000,1,1,10.0,True
189054,1000,1,1,76.0,True
189060,1000,1,1,314.0,True
189132,1000,1,0,,False
189356,1000,1,1,593.0,True
189392,1000,1,1,8.0,True
18941,1000,1,1,988.0,True
189422,1000,1,1,106.0,True
189470,1000,1,1,2.0,True
189591,1000,1,0,,False
189699,1000,1,1,19.0,True
189703,1000,3,3,5.0,True
189792,1000,1,1,320.0,True
189842,1000,1,0,,False
189959,1000,1,0,,False
190010,1000,1,1,14.0,True
190163,1000,1,1,20.0,True
190465,1000,1,0,,False
190711,1000,1,1,2.0,True
191290,1000,1,1,2.0,True
191476,1000,1,1,1.0,True
191641,1000,1,1,8.0,True
191668,1000,1,1,1.0,True
191784,1000,1,0,,False
192165,1000,1,1,5.0,True
192171,1000,1,1,18.0,True
192372,1000,1,0,,False
192495,1000,1,1,1.0,True
192607,1000,1,1,23.0,True
193004,1000,1,1,2.0,True
193210,1000,1,1,89.0,True
193503,1000,1,1,286.0,True
193538,1000,1,1,15.0,True
19379,1000,1,1,2.0,True
193803,1000,1,1,9.0,True
193868,1000,1,1,59.0,True
194023,1000,1,1,9.0,True
194110,1000,1,1,416.0,True
194138,1000,1,1,5.0,True
194181,1000,1,1,262.0,True
19427,1000,1,0,,False
194301,1000,1,1,33.0,True
194347,1000,1,1,63.0,True
194465,1000,1,1,25.0,True
194519,1000,1,0,,False
194571,1000,1,1,1.0,True
19460,1000,1,1,91.0,True
194747,1000,1,1,6.0,True
194880,1000,1,0,,False
194928,1000,1,1,1.0,True
195004,1000,1,1,5.0,True
195120,1000,1,1,1.0,True
195223,1000,1,1,44.0,True
195429,1000,2,0,,False
195761,1000,1,1,7.0,True
195790,1000,1,0,,False
195815,1000,1,1,1.0,True
195864,1000,2,2,25.0,True
196046,1000,1,0,,False
196047,1000,1,0,,False
196105,1000,1,1,15.0,True
196191,1000,2,0,,False
196323,1000,1,1,3.0,True
196342,1000,1,1,358.0,True
196349,1000,1,1,2.0,True
196350,1000,1,1,3.0,True
196455,1000,1,1,1.0,True
196485,1000,1,1,235.0,True
196859,1000,1,1,7.0,True
196862,1000,1,1,7.0,True
197240,1000,1,1,3.0,True
197385,1000,1,1,2.0,True
197501,1000,1,1,6.0,True
197637,1000,2,2,15.0,True
197708,20,1,1,4.0,True
197718,1000,1,1,14.0,True
197788,1000,1,1,36.0,True
197884,1000,1,1,6.0,True
197999,1000,1,1,10.0,True
198026,1000,1,1,1.0,True
198351,1000,1,0,,False
198499,1000,1,0,,False
198611,1000,1,0,,False
198623,1000,1,1,5.0,True
198641,1000,2,2,2.0,True
198672,1000,1,0,,False
198673,1000,1,1,2.0,True
198694,1000,1,0,,False
198725,1000,1,0,,False
198745,1000,1,1,4.0,True
198801,1000,1,1,7.0,True
199569,1000,1,0,,False
199652,1000,1,1,70.0,True
199660,1000,1,0,,False
19969,1000,1,1,10.0,True
199700,1000,2,1,1.0,True
199703,1000,1,0,,False
200130,1000,1,1,1.0,True
200301,1000,1,0,,False
200357,1000,1,1,41.0,True
200410,1000,1,0,,False
200446,1000,1,1,1.0,True
200609,1000,1,1,1.0,True
200640,1000,1,1,117.0,True
200871,1000,1,1,53.0,True
200996,1000,1,1,6.0,True
20107,1000,1,0,,False
201151,1000,1,1,4.0,True
201179,1000,1,1,71.0,True
201206,1000,1,1,5.0,True
201271,1000,1,1,14.0,True
201336,1000,1,1,634.0,True
201450,1000,1,1,271.0,True
201761,1000,2,2,38.0,True
201778,1000,1,1,81.0,True
201785,1000,1,1,8.0,True
202015,1000,1,1,61.0,True
202028,1000,1,1,355.0,True
202079,1000,1,1,7.0,True
202189,1000,1,1,307.0,True
20227,1000,1,1,6.0,True
202449,1000,1,1,5.0,True
202649,1000,1,0,,False
202658,1000,1,0,,False
202693,1000,1,1,21.0,True
202738,1000,1,1,996.0,True
202913,1000,1,1,495.0,True
203082,1000,1,1,3.0,True
203193,1000,1,1,98.0,True
203301,1000,1,1,1.0,True
203308,1000,1,1,35.0,True
203465,1000,1,1,2.0,True
203645,1000,1,0,,False
203701,1000,1,1,8.0,True
203709,1000,1,1,5.0,True
203728,1000,1,1,20.0,True
203753,1000,1,1,26.0,True
203806,1000,2,1,873.0,True
203847,1000,2,0,,False
203910,1000,1,1,3.0,True
203914,1000,1,1,2.0,True
204036,1000,1,0,,False
204292,1000,2,2,27.0,True
204359,1000,1,1,9.0,True
204414,1000,1,0,,False
204533,1000,1,1,62.0,True
20454,1000,1,0,,False
204667,1000,1,1,5.0,True
204735,1000,1,1,4.0,True
20477,1000,1,1,641.0,True
204783,1000,1,1,499.0,True
20488,1000,1,1,32.0,True
204895,1000,1,0,,False
205013,1000,1,1,16.0,True
20502,1000,1,1,1.0,True
205074,1000,1,1,1.0,True
205628,1000,1,1,2.0,True
205660,1000,1,1,11.0,True
205841,1000,1,1,2.0,True
205964,1000,3,3,1.0,True
206149,1000,3,2,62.0,True
206167,1000,1,1,98.0,True
206168,1000,3,3,30.0,True
206669,1000,1,1,5.0,True
206682,1000,1,1,4.0,True
20683,1000,1,1,13.0,True
206921,1000,1,0,,False
20700,1000,1,1,35.0,True
207099,1000,1,0,,False
207114,1000,1,0,,False
207281,1000,1,1,5.0,True
207593,1000,1,1,218.0,True
20774,1000,1,1,10.0,True
207751,1000,1,0,,False
207766,1000,1,1,1.0,True
207851,1000,1,1,6.0,True
207898,1000,1,1,8.0,True
207947,1000,1,0,,False
207983,1000,1,1,150.0,True
208114,1000,1,1,9.0,True
208164,1000,1,1,12.0,True
208284,1000,1,0,,False
20834,1000,1,1,259.0,True
208373,1000,1,1,182.0,True
209311,1000,1,1,391.0,True
20942,1000,1,1,2.0,True
209612,1000,1,1,217.0,True
20972,1000,1,1,1.0,True
209737,1000,1,1,26.0,True
210186,1000,1,1,693.0,True
210360,1000,1,1,98.0,True
210431,1000,1,0,,False
210471,1000,1,1,17.0,True
210505,1000,1,0,,False
210534,1000,1,0,,False
210604,1000,1,1,99.0,True
210845,1000,1,0,,False
210890,1000,1,0,,False
210919,1000,1,1,86.0,True
211146,1000,1,1,1.0,True
211689,1000,2,1,114.0,True
211715,1000,1,1,901.0,True
211800,1000,1,1,25.0,True
211926,1000,1,1,254.0,True
211933,1000,1,1,16.0,True
211992,1000,1,1,12.0,True
21228,1000,1,1,65.0,True
21239,1000,1,0,,False
212556,1000,1,1,263.0,True
212893,1000,1,1,217.0,True
213080,1000,1,1,6.0,True
213147,1000,1,1,13.0,True
213385,1000,1,1,2.0,True
213666,1000,1,0,,False
213682,1000,1,1,513.0,True
21371,1000,1,1,73.0,True
213764,1000,1,1,35.0,True
213972,1000,1,1,4.0,True
214042,1000,1,1,30.0,True
214145,1000,1,1,52.0,True
214463,1000,1,1,5.0,True
214562,1000,1,0,,False
214702,1000,1,1,1.0,True
214797,1000,1,1,76.0,True
214963,1000,2,2,1.0,True
215062,1000,1,0,,False
215148,1000,1,1,67.0,True
215422,1000,1,1,2.0,True
215465,1000,1,1,61.0,True
215490,1000,1,1,283.0,True
215667,1000,1,1,23.0,True
216128,1000,1,0,,False
216681,1000,1,0,,False
216770,1000,1,0,,False
216805,1000,1,0,,False
216825,1000,1,1,177.0,True
216881,1000,1,1,4.0,True
216919,1000,1,1,9.0,True
217257,1000,1,0,,False
217329,1000,2,2,2.0,True
21734,1000,2,0,,False
217814,1000,1,0,,False
218698,1000,1,1,47.0,True
21901,1000,1,1,29.0,True
219047,1000,1,1,14.0,True
21933,1000,1,1,1.0,True
21955,1000,1,1,3.0,True
219652,1000,1,1,129.0,True
219730,1000,1,1,25.0,True
219878,1000,1,1,117.0,True
220074,1000,2,1,110.0,True
220082,1000,1,0,,False
220217,1000,1,0,,False
220555,1000,1,0,,False
220947,1000,1,1,16.0,True
22109,1000,1,1,3.0,True
2211,1000,1,1,1.0,True
221292,1000,1,0,,False
22161,1000,1,1,1.0,True
22224,1000,1,1,1.0,True
222488,1000,1,0,,False
22269,1000,1,1,821.0,True
223404,1000,1,0,,False
223506,1000,1,0,,False
224236,1000,1,1,575.0,True
224490,1000,1,1,21.0,True
224845,1000,1,1,296.0,True
225564,1000,1,1,1.0,True
226174,1000,1,1,30.0,True
22627,1000,1,0,,False
226313,1000,1,1,1.0,True
226342,1000,2,2,11.0,True
226355,1000,1,1,1.0,True
226360,1000,1,0,,False
22640,1000,1,1,3.0,True
226454,1000,1,1,10.0,True
226470,1000,1,1,15.0,True
226513,1000,1,1,31.0,True
226529,1000,1,1,2.0,True
22655,1000,1,1,162.0,True
226642,1000,1,1,900.0,True
226764,1000,1,1,3.0,True
227125,1000,1,1,3.0,True
227166,1000,1,1,71.0,True
227210,1000,1,0,,False
227353,1000,1,1,49.0,True
22738,1000,1,1,9.0,True
22739,1000,1,1,199.0,True
227512,1000,1,1,34.0,True
227544,1000,1,1,115.0,True
227571,1000,1,1,280.0,True
227620,1000,1,0,,False
22805,1000,1,1,3.0,True
228222,1000,1,0,,False
228261,1000,1,1,575.0,True
228563,1000,1,1,16.0,True
2288,1000,1,1,7.0,True
228898,1000,1,0,,False
228944,1000,1,0,,False
228954,1000,1,1,45.0,True
229180,1000,1,1,34.0,True
229269,1000,1,1,1.0,True
229445,1000,1,0,,False
229501,1000,1,1,53.0,True
229600,1000,1,1,42.0,True
229615,1000,1,1,429.0,True
229654,1000,1,1,508.0,True
229879,1000,1,1,3.0,True
230298,1000,1,1,152.0,True
230335,1000,1,1,279.0,True
230497,1000,1,1,83.0,True
230820,1000,1,1,3.0,True
230936,1000,1,1,287.0,True
23099,1000,1,1,1.0,True
23102,1000,3,2,1.0,True
231053,1000,1,1,30.0,True
231348,1000,1,1,1.0,True
231366,1000,1,1,3.0,True
231470,1000,1,1,1.0,True
231480,1000,1,1,1.0,True
231564,1000,1,1,134.0,True
231591,1000,1,1,3.0,True
231817,1000,1,1,2.0,True
23186,1000,1,1,2.0,True
231900,1000,1,1,1.0,True
232067,1000,1,1,5.0,True
232215,1000,1,1,8.0,True
232304,1000,1,1,3.0,True
23234,1000,1,1,1.0,True
232383,1000,1,1,105.0,True
23247,1000,1,1,27.0,True
23253,1000,1,1,421.0,True
232787,1000,1,1,241.0,True
233041,1000,1,1,144.0,True
233199,1000,1,1,580.0,True
233207,1000,1,1,669.0,True
233222,1000,1,1,837.0,True
233440,1000,1,0,,False
233509,1000,1,0,,False
233635,1000,1,0,,False
233647,1000,1,1,412.0,True
233801,1000,1,0,,False
233841,1000,1,1,37.0,True
233946,1000,1,0,,False
234072,1000,1,1,6.0,True
234204,1000,1,0,,False
23476,1000,1,1,1.0,True
234843,1000,4,4,23.0,True
235115,1000,1,0,,False
235156,1000,1,0,,False
235176,1000,1,0,,False
23524,1000,1,1,50.0,True
235521,1000,1,0,,False
235609,1000,1,1,569.0,True
235654,1000,1,1,471.0,True
235772,1000,1,1,2.0,True
23641,1000,1,1,6.0,True
236412,1000,1,1,542.0,True
236477,1000,1,1,657.0,True
236759,1000,1,1,71.0,True
236898,1000,1,1,1.0,True
236904,1000,1,0,,False
237486,1000,1,1,7.0,True
237762,1000,1,0,,False
237851,1000,1,1,8.0,True
23812,1000,1,1,2.0,True
238193,1000,1,1,69.0,True
238361,1000,1,1,2.0,True
238607,1000,1,1,7.0,True
238615,1000,1,1,7.0,True
238805,1000,1,1,7.0,True
238919,1000,1,0,,False
238956,1000,1,0,,False
239047,1000,1,0,,False
239089,1000,1,0,,False
239126,1000,1,0,,False
239293,1000,1,0,,False
239355,1000,1,0,,False
23975,1000,1,0,,False
239763,1000,1,1,10.0,True
23977,1000,1,1,17.0,True
239816,1000,1,1,79.0,True
239840,1000,1,1,467.0,True
239943,1000,1,1,548.0,True
239966,1000,1,0,,False
239977,1000,1,1,2.0,True
240085,1000,1,0,,False
240086,1000,1,0,,False
240252,1000,1,0,,False
240337,1000,1,1,392.0,True
240372,1000,1,1,30.0,True
240444,1000,1,1,77.0,True
240445,1000,1,1,911.0,True
240510,1000,1,1,14.0,True
240648,1000,1,0,,False
240874,1000,1,1,44.0,True
241583,1000,1,0,,False
241619,1000,1,0,,False
24166,1000,2,2,1.0,True
241727,1000,1,0,,False
24207,1000,1,1,4.0,True
242160,1000,1,1,10.0,True
242174,1000,1,1,14.0,True
242223,1000,1,0,,False
242307,1000,1,0,,False
24248,1000,1,1,3.0,True
242620,1000,1,1,81.0,True
242655,1000,1,1,299.0,True
242759,1000,1,0,,False
242899,1000,1,1,517.0,True
243014,1000,1,0,,False
24303,1000,1,1,12.0,True
243236,1000,2,2,120.0,True
243346,1000,1,0,,False
243372,1000,1,0,,False
243499,1000,1,0,,False
243552,1000,1,1,165.0,True
243707,1000,1,1,836.0,True
243759,1000,1,1,25.0,True
243813,1000,1,1,89.0,True
24382,1000,1,0,,False
243864,1000,1,0,,False
24387,1000,1,1,146.0,True
244042,1000,1,1,637.0,True
244084,1000,1,1,9.0,True
244093,1000,1,0,,False
244135,1000,1,1,24.0,True
244216,1000,1,0,,False
244241,1000,1,0,,False
244275,1000,1,1,116.0,True
244419,1000,1,1,594.0,True
244480,1000,1,1,69.0,True
244871,1000,1,1,605.0,True
244932,1000,1,1,105.0,True
245051,1000,1,1,1.0,True
245278,1000,1,1,44.0,True
245347,1000,1,1,19.0,True
245434,1000,1,1,62.0,True
245439,1000,1,0,,False
245441,1000,1,0,,False
245445,1000,1,0,,False
24553,1000,1,1,129.0,True
245558,1000,1,1,300.0,True
245817,1000,1,0,,False
245835,1000,1,0,,False
245932,1000,1,0,,False
245951,1000,1,0,,False
24612,1000,1,1,16.0,True
246247,1000,2,2,13.0,True
246338,1000,1,0,,False
246381,1000,1,0,,False
246423,1000,3,2,19.0,True
246673,1000,1,1,7.0,True
246682,1000,1,1,2.0,True
246709,1000,1,0,,False
246811,1000,1,0,,False
246859,1000,1,0,,False
246869,1000,1,1,18.0,True
246901,1000,1,1,1.0,True
246980,1000,2,0,,False
246981,1000,1,1,11.0,True
247080,1000,1,0,,False
247140,1000,1,1,122.0,True
247231,1000,1,0,,False
247429,1000,1,0,,False
247456,1000,1,1,59.0,True
247494,1000,1,0,,False
247522,1000,1,1,30.0,True
24753,1000,1,1,4.0,True
247708,1000,1,1,494.0,True
247740,1000,1,1,286.0,True
247932,1000,1,0,,False
247934,1000,2,0,,False
248004,1000,1,1,373.0,True
248005,1000,1,1,341.0,True
24819,1000,1,1,4.0,True
248202,1000,1,1,436.0,True
248321,1000,1,1,792.0,True
248397,1000,1,1,6.0,True
248406,1000,1,0,,False
248540,1000,1,0,,False
248578,1000,1,1,52.0,True
248596,1000,1,0,,False
24865,1000,1,1,20.0,True
248765,1000,1,1,296.0,True
248983,1000,1,1,285.0,True
249143,1000,1,1,149.0,True
249174,1000,1,0,,False
249224,1000,1,1,537.0,True
249466,1000,1,0,,False
249765,1000,1,1,29.0,True
249778,1000,1,0,,False
249952,1000,1,1,2.0,True
249960,1000,1,1,415.0,True
249991,1000,1,1,107.0,True
250098,1000,1,0,,False
250099,1000,1,1,49.0,True
250217,1000,1,1,1.0,True
250270,1000,1,1,305.0,True
250286,1000,1,0,,False
250382,1000,1,0,,False
250399,1000,1,1,8.0,True
250512,1000,1,0,,False
250516,1000,1,1,15.0,True
250715,1000,1,1,609.0,True
250842,1000,1,0,,False
250971,1000,1,0,,False
251070,1000,1,0,,False
251110,1000,1,0,,False
251314,1000,1,0,,False
251433,1000,1,1,369.0,True
251446,1000,1,1,274.0,True
251472,1000,1,1,48.0,True
251495,1000,1,0,,False
251512,1000,1,0,,False
251639,1000,1,1,2.0,True
251722,1000,1,1,571.0,True
251936,1000,1,1,7.0,True
252047,1000,1,1,23.0,True
252102,1000,1,0,,False
252162,1000,1,0,,False
252183,1000,1,0,,False
252187,1000,1,0,,False
25226,1000,1,1,54.0,True
252308,1000,1,1,35.0,True
252366,1000,1,0,,False
252528,1000,1,0,,False
252703,1000,1,1,68.0,True
252758,1000,1,1,449.0,True
252922,1000,1,0,,False
253,1000,1,1,2.0,True
25310,1000,2,2,390.0,True
253165,1000,1,1,330.0,True
253276,1000,1,1,53.0,True
253443,1000,2,1,80.0,True
253478,1000,1,1,13.0,True
253544,1000,1,1,172.0,True
25367,1000,1,1,2.0,True
253908,1000,1,1,2.0,True
254140,1000,1,0,,False
254158,1000,1,0,,False
254317,1000,1,1,295.0,True
254331,1000,1,0,,False
254449,1000,1,1,13.0,True
254627,1000,1,1,183.0,True
254640,1000,1,1,168.0,True
254648,1000,1,1,26.0,True
254746,1000,1,0,,False
254836,1000,1,1,345.0,True
254879,1000,1,0,,False
254966,1000,1,1,181.0,True
254973,1000,1,0,,False
254977,1000,1,1,1.0,True
255133,1000,1,1,1.0,True
255205,1000,1,0,,False
255212,1000,1,0,,False
255218,1000,3,0,,False
255434,1000,1,1,21.0,True
255528,1000,1,1,9.0,True
255605,1000,1,0,,False
255610,1000,1,0,,False
255643,1000,2,0,,False
255693,1000,1,0,,False
255727,1000,1,1,307.0,True
255837,1000,1,1,274.0,True
255879,1000,1,1,2.0,True
256075,1000,1,1,16.0,True
25620,1000,1,1,76.0,True
25624,1000,2,2,124.0,True
256453,1000,1,0,,False
256497,1000,1,0,,False
256565,1000,1,0,,False
256574,1000,1,0,,False
256678,1000,1,0,,False
256892,1000,1,1,12.0,True
25691,1000,1,0,,False
25702,1000,1,1,1.0,True
25712,1000,1,0,,False
257210,1000,1,1,38.0,True
257306,1000,1,0,,False
257323,1000,1,0,,False
257358,1000,1,0,,False
257369,1000,1,0,,False
257542,1000,1,0,,False
257550,1000,1,0,,False
257580,1000,1,1,265.0,True
257662,1000,1,0,,False
257724,1000,1,0,,False
257867,1000,1,1,199.0,True
257879,1000,1,0,,False
257916,1000,1,0,,False
258002,1000,1,0,,False
258086,1000,1,1,669.0,True
258122,1000,1,1,120.0,True
258215,1000,1,1,114.0,True
25827,1000,1,1,18.0,True
258356,1000,1,1,141.0,True
25836,1000,1,1,105.0,True
258762,1000,1,1,712.0,True
258801,1000,2,2,28.0,True
259152,1000,1,1,75.0,True
259212,1000,1,1,67.0,True
259339,1000,1,0,,False
259544,1000,1,0,,False
259581,1000,1,1,99.0,True
259657,1000,1,1,153.0,True
259664,1000,1,1,251.0,True
259764,1000,1,0,,False
259819,1000,2,1,355.0,True
259829,1000,1,0,,False
259863,1000,1,1,324.0,True
259957,1000,1,1,548.0,True
259996,1000,1,0,,False
260226,1000,1,1,404.0,True
260249,1000,1,1,3.0,True
260259,1000,1,0,,False
260289,1000,1,1,179.0,True
260301,1000,1,1,849.0,True
260436,1000,1,1,55.0,True
260449,1000,1,1,318.0,True
260609,1000,1,1,42.0,True
260636,1000,1,1,3.0,True
260813,1000,1,1,400.0,True
260945,1000,1,0,,False
260968,1000,1,1,614.0,True
261070,1000,1,1,125.0,True
261231,1000,1,1,2.0,True
261256,1000,1,1,539.0,True
261275,1000,1,1,10.0,True
26178,1000,1,0,,False
261988,1000,1,1,1.0,True
262248,1000,1,1,3.0,True
262300,1000,2,2,31.0,True
262307,1000,1,1,227.0,True
262398,1000,1,1,79.0,True
262407,1000,1,1,8.0,True
262563,1000,1,1,21.0,True
262603,1000,1,0,,False
262714,1000,1,0,,False
262836,1000,1,1,2.0,True
263025,1000,1,1,19.0,True
263291,1000,1,0,,False
263358,1000,1,0,,False
263412,1000,2,2,1.0,True
263460,1000,1,1,209.0,True
263487,1000,1,0,,False
26349,1000,2,2,102.0,True
263642,1000,1,0,,False
263680,1000,1,1,10.0,True
263682,1000,1,1,1.0,True
263942,1000,1,1,50.0,True
264143,1000,3,3,2.0,True
264286,1000,1,1,1.0,True
264377,1000,2,0,,False
26446,1000,1,1,10.0,True
264706,1000,1,1,1.0,True
264740,1000,1,1,369.0,True
26483,1000,1,1,2.0,True
264853,1000,1,1,3.0,True
264858,1000,1,1,31.0,True
264954,1000,1,1,747.0,True
265339,1000,1,1,541.0,True
265362,1000,1,1,9.0,True
265636,1000,1,1,4.0,True
265722,1000,2,2,2.0,True
265741,1000,1,0,,False
265829,1000,1,1,88.0,True
265904,1000,1,0,,False
266270,1000,1,0,,False
266282,1000,1,0,,False
266292,1000,1,0,,False
266476,1000,1,0,,False
266500,1000,2,1,161.0,True
266521,1000,1,0,,False
266636,1000,1,1,188.0,True
266975,1000,1,0,,False
267057,1000,1,1,21.0,True
267075,1000,1,0,,False
267120,1000,1,1,12.0,True
267131,1000,1,1,351.0,True
267163,1000,1,0,,False
267195,1000,1,1,9.0,True
267392,1000,1,1,11.0,True
267774,1000,1,1,740.0,True
267840,1000,1,1,16.0,True
267937,1000,1,0,,False
268007,1000,1,1,870.0,True
268086,1000,1,1,396.0,True
268159,1000,1,1,11.0,True
268189,1000,1,1,16.0,True
268275,1000,1,1,329.0,True
268324,1000,1,1,29.0,True
26851,1000,1,1,8.0,True
268576,1000,1,0,,False
268617,1000,1,1,51.0,True
268640,1000,1,1,34.0,True
268820,1000,1,1,452.0,True
269156,1000,1,1,280.0,True
269192,1000,1,1,26.0,True
269330,1000,1,0,,False
269331,1000,1,1,177.0,True
269370,1000,1,1,19.0,True
269374,1000,1,0,,False
269383,1000,1,0,,False
269442,1000,1,0,,False
269586,1000,1,0,,False
269966,1000,1,1,22.0,True
269996,1000,1,0,,False
270082,1000,1,1,249.0,True
270144,1000,1,1,35.0,True
270439,1000,1,1,3.0,True
270526,1000,1,0,,False
270527,1000,1,0,,False
270531,1000,1,1,22.0,True
270564,1000,1,1,653.0,True
27059,1000,1,1,5.0,True
270749,1000,1,0,,False
270814,1000,1,1,423.0,True
270961,1000,1,1,172.0,True
270979,1000,1,1,6.0,True
271023,1000,1,1,7.0,True
271078,1000,1,1,152.0,True
271114,1000,1,1,35.0,True
271160,1000,1,1,411.0,True
271243,1000,1,1,3.0,True
271283,1000,1,1,68.0,True
271323,1000,1,1,56.0,True
271451,1000,1,1,59.0,True
271465,1000,1,1,22.0,True
271489,1000,1,0,,False
271540,1000,1,0,,False
271564,1000,1,1,39.0,True
271675,1000,1,1,130.0,True
271676,1000,1,1,1.0,True
271764,1000,1,0,,False
271823,1000,1,1,342.0,True
271846,1000,1,1,46.0,True
271865,1000,1,0,,False
271883,1000,1,1,10.0,True
271893,1000,1,1,55.0,True
271920,1000,1,1,228.0,True
27195,1000,1,1,2.0,True
271987,1000,1,1,64.0,True
272104,1000,1,1,7.0,True
272426,1000,1,1,23.0,True
272565,1000,1,1,201.0,True
27288,1000,1,1,40.0,True
272913,1000,1,1,454.0,True
272985,1000,1,1,5.0,True
273120,1000,1,1,42.0,True
273177,1000,1,1,7.0,True
273415,1000,1,0,,False
273459,1000,1,1,2.0,True
273488,1000,1,0,,False
273511,1000,1,0,,False
273528,1000,1,1,278.0,True
273590,1000,1,0,,False
273734,1000,1,1,31.0,True
273759,1000,1,0,,False
273762,1000,1,1,16.0,True
274068,1000,1,0,,False
274072,1000,1,1,257.0,True
27439,1000,1,1,2.0,True
27446,1000,1,0,,False
274568,1000,1,1,86.0,True
274578,1000,1,0,,False
274592,1000,1,1,1.0,True
274691,1000,1,0,,False
274863,1000,1,1,12.0,True
274914,1000,1,1,64.0,True
274955,1000,1,1,26.0,True
274969,1000,1,0,,False
275228,1000,1,1,14.0,True
275264,1000,1,0,,False
275269,1000,2,1,38.0,True
275404,1000,1,1,71.0,True
275500,1000,1,1,12.0,True
275733,1000,1,1,102.0,True
275918,1000,1,0,,False
276180,1000,1,1,1.0,True
276321,1000,1,1,466.0,True
276890,1000,1,1,106.0,True
276927,1000,1,1,1.0,True
277044,1000,1,1,19.0,True
27711,1000,1,1,97.0,True
277158,1000,1,1,5.0,True
277219,1000,1,1,1.0,True
277535,1000,1,1,4.0,True
27754,1000,1,1,264.0,True
277545,1000,1,1,5.0,True
277597,1000,1,1,1.0,True
27764,1000,1,1,11.0,True
277649,1000,1,1,3.0,True
277755,1000,1,1,1.0,True
277876,1000,1,1,3.0,True
278080,1000,1,0,,False
278215,1000,2,0,,False
2783,1000,1,0,,False
278352,1000,1,1,17.0,True
278430,1000,1,0,,False
278451,1000,1,1,16.0,True
278489,1000,1,1,3.0,True
278577,1000,1,1,3.0,True
278676,1000,1,1,958.0,True
278718,1000,1,1,4.0,True
278828,1000,1,1,35.0,True
27886,1000,1,1,81.0,True
278888,1000,1,0,,False
279018,1000,1,1,210.0,True
279142,1000,1,1,1.0,True
279173,1000,1,1,76.0,True
279197,1000,1,1,88.0,True
279211,1000,1,0,,False
279382,1000,1,1,22.0,True
279388,1000,1,1,15.0,True
279425,1000,1,1,2.0,True
279453,1000,1,1,19.0,True
27952,1000,1,1,21.0,True
279523,1000,1,1,55.0,True
279697,1000,1,1,107.0,True
279841,1000,1,1,34.0,True
280068,1000,1,0,,False
280105,1000,1,1,229.0,True
280112,1000,1,1,146.0,True
280294,1000,1,1,752.0,True
280330,1000,1,1,73.0,True
280387,1000,1,1,108.0,True
280457,1000,1,1,45.0,True
280515,1000,1,1,2.0,True
280561,1000,1,1,558.0,True
280594,1000,1,1,451.0,True
280606,1000,1,1,4.0,True
280698,1000,1,0,,False
280723,1000,1,0,,False
280794,1000,1,0,,False
280843,1000,1,0,,False
280874,1000,1,1,2.0,True
281036,1000,1,1,4.0,True
281240,1000,1,1,8.0,True
281481,1000,1,1,17.0,True
281580,1000,1,0,,False
281680,1000,1,1,85.0,True
281697,1000,1,0,,False
281726,1000,1,1,247.0,True
281911,1000,1,1,88.0,True
281917,1000,1,0,,False
2820,1000,1,0,,False
282053,1000,1,1,7.0,True
282094,1000,1,1,113.0,True
282180,1000,1,1,76.0,True
282189,1000,1,0,,False
28247,1000,1,1,1.0,True
282588,1000,1,0,,False
282797,1000,1,1,135.0,True
282829,1000,1,1,583.0,True
282842,1000,1,1,395.0,True
282869,1000,1,1,9.0,True
283003,1000,1,1,22.0,True
283359,1000,1,0,,False
283447,1000,1,1,167.0,True
283776,1000,1,0,,False
283883,1000,1,1,1.0,True
283974,1000,1,1,75.0,True
284029,1000,1,1,4.0,True
284051,1000,1,1,72.0,True
284130,1000,1,1,106.0,True
284149,1000,1,1,170.0,True
284171,1000,1,1,25.0,True
284237,1000,1,0,,False
284257,1000,1,0,,False
284267,1000,1,1,18.0,True
284299,1000,1,1,35.0,True
284301,1000,1,1,1.0,True
284359,1000,1,1,13.0,True
284379,1000,1,1,284.0,True
284761,1000,1,0,,False
284769,1000,1,0,,False
284807,1000,1,1,2.0,True
285183,1000,1,1,3.0,True
285225,1000,1,1,668.0,True
285349,1000,1,1,40.0,True
285432,1000,1,1,5.0,True
28548,1000,1,1,206.0,True
285513,1000,1,1,1.0,True
285579,1000,1,0,,False
285709,1000,1,0,,False
285854,1000,1,1,337.0,True
285889,1000,1,1,1.0,True
28607,1000,1,0,,False
286146,1000,1,1,6.0,True
286576,1000,1,1,19.0,True
286666,1000,1,0,,False
28682,1000,1,1,473.0,True
286996,1000,1,1,4.0,True
28717,1000,1,1,4.0,True
28725,1000,1,1,325.0,True
287433,1000,1,1,3.0,True
287456,1000,1,1,241.0,True
28762,1000,1,1,1.0,True
28779,1000,1,1,219.0,True
287860,1000,1,0,,False
287879,1000,1,0,,False
287986,1000,1,1,798.0,True
28803,1000,1,1,2.0,True
288063,1000,1,0,,False
288234,1000,1,1,63.0,True
288361,1000,1,1,49.0,True
288375,1000,1,0,,False
28846,1000,1,1,9.0,True
288474,1000,1,1,256.0,True
288655,1000,1,0,,False
288671,1000,1,1,29.0,True
288761,1000,1,1,110.0,True
288783,1000,1,1,36.0,True
288853,1000,1,1,48.0,True
288876,1000,1,1,242.0,True
288973,1000,1,1,1.0,True
289003,1000,1,1,198.0,True
289070,1000,1,1,4.0,True
289208,1000,1,1,43.0,True
289250,1000,1,1,39.0,True
28929,1000,1,0,,False
28957,1000,1,1,126.0,True
289626,1000,1,1,21.0,True
289659,1000,1,1,17.0,True
289660,1000,1,1,151.0,True
289670,1000,1,1,876.0,True
289804,1000,1,0,,False
289905,1000,1,0,,False
290471,1000,1,1,326.0,True
290495,1000,1,1,28.0,True
290518,1000,1,1,407.0,True
290614,1000,1,0,,False
290631,1000,1,1,27.0,True
290762,1000,1,1,47.0,True
290906,1000,1,0,,False
290964,1000,1,1,616.0,True
291253,1000,1,0,,False
29127,1000,1,0,,False
291315,1000,1,1,694.0,True
291351,1000,1,1,3.0,True
291370,1000,1,1,10.0,True
291517,1000,1,1,43.0,True
291567,1000,1,1,45.0,True
291613,1000,1,0,,False
29164,1000,1,1,8.0,True
291776,1000,1,0,,False
292125,1000,1,1,13.0,True
292312,1000,1,1,3.0,True
292402,1000,1,0,,False
293031,1000,1,1,6.0,True
293051,1000,1,0,,False
293067,1000,1,1,2.0,True
293312,1000,1,0,,False
29333,1000,1,1,97.0,True
293385,1000,1,1,2.0,True
293439,1000,1,1,31.0,True
293471,1000,1,1,4.0,True
293576,1000,1,1,57.0,True
293577,1000,1,1,207.0,True
293769,1000,1,1,563.0,True
293792,1000,1,1,139.0,True
293939,1000,1,1,37.0,True
294080,1000,1,1,5.0,True
294122,1000,1,1,869.0,True
294224,1000,1,1,8.0,True
294259,1000,1,1,19.0,True
294268,1000,1,1,258.0,True
29431,1000,1,1,297.0,True
294353,1000,1,1,228.0,True
294858,1000,1,1,9.0,True
295119,1000,1,1,10.0,True
295126,1000,1,1,65.0,True
295285,1000,1,1,902.0,True
295576,1000,1,1,12.0,True
29576,1000,1,1,1.0,True
295761,1000,1,1,3.0,True
295947,1000,1,0,,False
295999,1000,1,1,4.0,True
296075,1000,1,1,15.0,True
29608,1000,1,1,1.0,True
296099,1000,1,1,15.0,True
296104,1000,1,1,22.0,True
296141,1000,1,1,1.0,True
296212,1000,1,0,,False
296447,1000,1,1,678.0,True
296451,1000,1,1,228.0,True
296618,1000,1,1,65.0,True
296672,1000,1,1,84.0,True
296769,1000,1,0,,False
296829,1000,1,1,23.0,True
296859,1000,2,1,233.0,True
297287,1000,2,2,87.0,True
297324,1000,1,1,66.0,True
297509,1000,1,0,,False
297619,1000,1,1,387.0,True
297647,1000,1,1,130.0,True
297668,1000,1,1,39.0,True
297708,1000,1,1,1.0,True
29773,1000,1,0,,False
297753,1000,1,1,716.0,True
297887,1000,1,1,1.0,True
297932,1000,1,0,,False
297942,1000,1,0,,False
29798,1000,1,1,32.0,True
297991,1000,1,1,662.0,True
297998,1000,1,0,,False
298118,1000,1,1,202.0,True
298589,1000,2,2,55.0,True
298598,1000,1,1,981.0,True
298636,1000,1,0,,False
298733,1000,1,1,35.0,True
298757,1000,1,0,,False
298811,1000,1,1,1.0,True
298903,1000,1,1,91.0,True
298968,1000,1,1,44.0,True
299001,1000,1,1,2.0,True
299026,1000,1,1,641.0,True
299316,1000,2,0,,False
299415,1000,1,1,4.0,True
299957,1000,1,1,15.0,True
3001,1000,1,1,39.0,True
30035,1000,1,1,14.0,True
300366,1000,1,1,39.0,True
300723,1000,1,1,350.0,True
300827,1000,1,1,5.0,True
300918,1000,1,1,813.0,True
300967,1000,1,1,335.0,True
30114,1000,1,1,47.0,True
301479,1000,1,0,,False
30149,1000,1,0,,False
301775,1000,1,1,5.0,True
301893,1000,1,0,,False
302060,1000,1,0,,False
302067,1000,1,0,,False
302137,1000,1,1,36.0,True
302193,1000,1,1,461.0,True
302216,1000,1,0,,False
302470,1000,1,0,,False
302497,1000,1,1,208.0,True
302641,1000,1,1,168.0,True
302839,1000,1,1,158.0,True
302862,1000,1,1,133.0,True
302901,1000,1,1,90.0,True
302906,1000,1,0,,False
302923,1000,1,1,3.0,True
302928,1000,1,0,,False
302981,1000,1,1,9.0,True
303079,1000,1,0,,False
30310,1000,1,1,23.0,True
303205,1000,1,1,43.0,True
303317,1000,1,1,106.0,True
303415,1000,1,0,,False
303424,1000,1,1,346.0,True
303714,1000,1,1,317.0,True
303756,1000,1,0,,False
303933,1000,1,1,380.0,True
304129,1000,1,1,799.0,True
304305,1000,1,1,51.0,True
30443,1000,1,1,49.0,True
304504,1000,1,0,,False
304536,1000,2,2,45.0,True
304553,1000,1,0,,False
304556,1000,1,0,,False
304796,1000,1,1,23.0,True
305035,1000,1,0,,False
30507,1000,1,1,2.0,True
305154,1000,1,0,,False
305278,1000,1,1,1.0,True
305311,1000,1,1,712.0,True
305329,1000,1,0,,False
30549,1000,1,0,,False
305630,1000,1,0,,False
305699,1000,1,1,55.0,True
305736,1000,1,0,,False
305999,1000,1,0,,False
306185,1000,1,1,144.0,True
306315,1000,1,0,,False
306398,1000,1,0,,False
306492,1000,1,1,165.0,True
306973,1000,1,1,61.0,True
307178,1000,1,0,,False
307184,1000,1,0,,False
307200,1000,1,1,861.0,True
307296,1000,1,0,,False
307378,1000,1,1,148.0,True
307398,1000,1,1,4.0,True
307413,1000,1,1,415.0,True
307555,1000,1,1,287.0,True
307603,1000,1,1,1.0,True
307638,1000,1,0,,False
307751,1000,1,1,364.0,True
307791,1000,1,1,20.0,True
307979,1000,1,1,16.0,True
308283,1000,1,1,15.0,True
308442,1000,1,0,,False
30847,1000,1,1,287.0,True
308544,1000,1,0,,False
308573,1000,1,0,,False
30873,1000,1,1,121.0,True
308752,1000,1,1,74.0,True
308760,1000,1,1,362.0,True
308889,1000,1,1,480.0,True
308945,1000,1,0,,False
309051,1000,1,0,,False
309192,1000,1,0,,False
309373,1000,1,1,163.0,True
309621,1000,1,1,25.0,True
310062,1000,1,1,25.0,True
310095,1000,1,0,,False
310293,1000,1,0,,False
310354,1000,1,1,76.0,True
31039,1000,1,0,,False
310622,1000,1,1,12.0,True
310683,1000,1,0,,False
311101,1000,1,0,,False
311223,1000,1,0,,False
311426,1000,1,1,42.0,True
311427,1000,1,0,,False
311431,1000,1,0,,False
31151,1000,1,1,1.0,True
311931,1000,1,1,136.0,True
312050,1000,1,0,,False
31232,1000,1,1,195.0,True
312423,1000,1,0,,False
312505,1000,1,0,,False
312562,1000,1,1,1.0,True
312714,1000,1,0,,False
312716,1000,1,1,759.0,True
312811,1000,1,0,,False
312869,1000,1,1,147.0,True
312971,1000,1,0,,False
313070,1000,1,0,,False
313267,1000,1,1,6.0,True
313446,1000,1,1,38.0,True
313555,1000,1,1,219.0,True
313733,1000,1,1,35.0,True
313990,1000,1,1,10.0,True
314004,1000,1,1,6.0,True
314034,1000,1,1,469.0,True
314095,1000,1,1,5.0,True
314142,1000,1,1,6.0,True
314162,1000,1,1,47.0,True
314256,1000,1,1,92.0,True
314427,1000,1,1,558.0,True
314438,1000,1,1,71.0,True
314493,1000,1,0,,False
314637,1000,1,1,470.0,True
314707,1000,1,1,51.0,True
315021,1000,1,1,845.0,True
315025,1000,1,0,,False
315152,1000,3,0,,False
315200,1000,1,0,,False
315487,1000,1,1,16.0,True
315603,1000,1,1,3.0,True
31571,1000,1,1,620.0,True
315751,1000,1,0,,False
315784,1000,1,0,,False
315865,1000,1,1,53.0,True
315977,1000,1,0,,False
316051,1000,1,1,967.0,True
316118,1000,1,0,,False
31623,1000,1,1,9.0,True
316322,1000,1,1,299.0,True
31634,1000,1,0,,False
316368,1000,1,1,57.0,True
316427,1000,1,1,516.0,True
316758,1000,1,0,,False
316830,1000,1,0,,False
316999,1000,1,1,8.0,True
317042,1000,1,0,,False
317080,1000,1,1,558.0,True
317131,1000,1,0,,False
317149,1000,1,1,20.0,True
317291,1000,1,1,2.0,True
317463,1000,1,1,121.0,True
317526,1000,1,1,85.0,True
317622,1000,1,1,346.0,True
317699,1000,1,1,6.0,True
317911,1000,1,0,,False
317968,1000,1,1,860.0,True
318039,1000,1,0,,False
318098,1000,1,1,4.0,True
318159,1000,1,1,2.0,True
318205,1000,1,0,,False
318229,1000,1,1,9.0,True
318428,1000,1,0,,False
318480,1000,1,0,,False
318482,1000,1,1,114.0,True
318520,1000,1,1,130.0,True
318611,1000,1,0,,False
31869,1000,1,1,2.0,True
318778,1000,1,0,,False
318896,1000,1,0,,False
319030,1000,2,0,,False
319209,1000,1,1,9.0,True
319225,1000,1,1,19.0,True
319236,1000,1,0,,False
31925,1000,1,1,3.0,True
319398,1000,2,1,33.0,True
319415,1000,1,1,21.0,True
319685,1000,1,1,74.0,True
319764,1000,1,1,131.0,True
319875,1000,1,1,838.0,True
319917,1000,1,1,183.0,True
320147,1000,1,1,259.0,True
320181,1000,1,1,48.0,True
320190,1000,1,1,2.0,True
320414,1000,1,1,355.0,True
320463,1000,1,1,37.0,True
320509,1000,1,0,,False
320703,1000,1,1,165.0,True
320743,1000,2,1,100.0,True
320805,1000,1,1,48.0,True
320825,1000,1,1,166.0,True
321119,1000,1,1,19.0,True
321161,1000,1,1,272.0,True
321173,1000,1,1,35.0,True
321402,1000,1,1,202.0,True
321444,1000,1,0,,False
321680,1000,1,0,,False
321719,1000,1,0,,False
32178,1000,1,0,,False
32196,1000,1,1,33.0,True
322007,1000,1,1,1.0,True
322077,1000,1,0,,False
322210,1000,1,1,272.0,True
322262,1000,1,0,,False
322339,1000,1,1,67.0,True
322399,1000,1,1,2.0,True
322595,1000,1,1,4.0,True
322643,1000,1,1,73.0,True
322755,1000,1,1,120.0,True
323032,1000,1,1,152.0,True
323077,1000,1,0,,False
323093,1000,1,0,,False
323127,1000,1,1,2.0,True
323256,1000,1,1,589.0,True
323590,1000,1,0,,False
32401,1000,1,1,135.0,True
324106,1000,1,1,9.0,True
324146,1000,1,1,186.0,True
324655,1000,1,1,220.0,True
324668,1000,1,0,,False
324673,1000,1,1,41.0,True
324727,1000,1,1,261.0,True
324812,1000,1,0,,False
324834,1000,1,1,361.0,True
325059,1000,1,0,,False
325114,1000,1,1,581.0,True
325203,1000,1,0,,False
325325,1000,1,1,1.0,True
325374,1000,1,0,,False
325411,1000,1,0,,False
325412,1000,1,1,824.0,True
325493,1000,1,1,1.0,True
325793,1000,1,0,,False
325848,1000,1,1,2.0,True
325859,1000,1,0,,False
326018,1000,1,1,10.0,True
326089,1000,1,1,155.0,True
326162,1000,1,1,10.0,True
326478,1000,1,1,101.0,True
32660,1000,1,1,5.0,True
326907,1000,1,0,,False
327262,1000,1,0,,False
327273,1000,1,1,1.0,True
327467,1000,1,0,,False
327720,1000,1,0,,False
327893,1000,1,1,597.0,True
327923,1000,1,1,4.0,True
327974,1000,1,0,,False
327983,1000,1,1,415.0,True
328173,1000,1,1,291.0,True
328187,1000,1,0,,False
328231,1000,1,1,181.0,True
328264,1000,1,0,,False
328331,1000,1,1,3.0,True
328594,1000,1,1,83.0,True
328954,1000,1,1,60.0,True
32940,1000,1,1,259.0,True
329455,1000,1,1,4.0,True
329581,1000,1,1,1.0,True
329637,1000,1,1,15.0,True
330124,1000,1,1,129.0,True
330211,1000,1,0,,False
330366,1000,1,1,10.0,True
33042,1000,1,1,7.0,True
33063,1000,1,1,6.0,True
330641,1000,1,0,,False
330644,1000,1,0,,False
330674,1000,1,1,704.0,True
330843,1000,1,0,,False
330892,1000,1,0,,False
330907,1000,1,0,,False
330945,1000,1,0,,False
330980,1000,1,1,119.0,True
33151,1000,1,0,,False
331549,1000,1,0,,False
331552,1000,1,1,154.0,True
331697,1000,1,0,,False
331808,1000,1,1,342.0,True
332033,1000,1,1,55.0,True
332072,1000,1,0,,False
332085,1000,1,0,,False
332097,1000,1,0,,False
332217,1000,1,1,2.0,True
332433,1000,1,0,,False
332542,1000,1,0,,False
332543,1000,1,1,31.0,True
332585,1000,1,1,3.0,True
332844,1000,1,1,66.0,True
332867,1000,1,0,,False
332919,1000,1,1,1.0,True
332964,1000,1,0,,False
333017,1000,1,1,57.0,True
333179,1000,1,0,,False
333279,1000,1,1,68.0,True
333449,1000,1,0,,False
333571,1000,1,1,47.0,True
333578,1000,1,0,,False
333640,1000,1,1,442.0,True
33368,1000,1,1,4.0,True
333716,1000,1,1,154.0,True
33383,1000,1,1,2.0,True
333858,1000,1,1,36.0,True
333885,1000,1,1,1.0,True
333910,1000,1,1,20.0,True
334017,1000,1,1,16.0,True
334030,1000,1,1,12.0,True
334056,1000,1,1,277.0,True
334141,1000,1,1,32.0,True
334148,1000,1,1,170.0,True
334284,1000,1,1,1.0,True
334699,1000,1,1,1.0,True
334828,1000,1,1,8.0,True
334854,1000,1,1,36.0,True
335049,1000,1,1,5.0,True
335191,1000,1,1,1.0,True
335298,1000,1,1,4.0,True
335353,1000,1,1,5.0,True
33536,1000,1,1,7.0,True
335533,1000,1,1,1.0,True
335551,1000,1,1,1.0,True
335912,1000,1,1,3.0,True
335914,1000,1,1,1.0,True
336051,1000,1,1,10.0,True
336063,1000,1,1,25.0,True
336338,1000,1,1,1.0,True
336347,1000,1,1,1.0,True
336643,1000,1,1,87.0,True
336853,1000,1,0,,False
336972,1000,1,1,2.0,True
337011,1000,1,1,248.0,True
337314,1000,1,1,21.0,True
33743,1000,1,1,44.0,True
337443,1000,1,1,7.0,True
337547,1000,1,0,,False
337677,1000,1,1,2.0,True
338047,1000,1,1,20.0,True
338059,1000,1,0,,False
338086,1000,1,1,70.0,True
338146,1000,1,0,,False
338196,1000,1,1,72.0,True
338318,1000,1,1,9.0,True
338395,1000,1,1,848.0,True
338581,1000,1,1,73.0,True
338605,1000,2,2,7.0,True
338831,1000,1,1,97.0,True
3389,1000,1,1,296.0,True
338986,1000,1,1,2.0,True
339071,1000,1,0,,False
339084,1000,1,1,687.0,True
33923,1000,1,1,58.0,True
339382,1000,1,1,17.0,True
339489,1000,1,1,78.0,True
339537,1000,1,1,26.0,True
339545,1000,1,0,,False
339701,1000,1,1,10.0,True
339966,1000,1,1,8.0,True
339971,1000,1,0,,False
340072,1000,1,1,61.0,True
34011,1000,1,1,7.0,True
340118,1000,1,1,3.0,True
340187,1000,2,1,590.0,True
340300,1000,1,1,4.0,True
340467,1000,1,0,,False
340514,1000,1,0,,False
340532,1000,1,0,,False
340715,1000,1,1,1.0,True
340801,1000,1,1,3.0,True
340959,1000,1,1,3.0,True
341058,1000,1,1,6.0,True
34108,1000,1,1,304.0,True
341097,1000,1,1,46.0,True
341238,1000,1,1,1.0,True
341258,1000,1,1,4.0,True
341628,1000,1,1,30.0,True
34168,1000,1,0,,False
341714,1000,1,1,1.0,True
341806,1000,1,1,25.0,True
342140,1000,1,1,27.0,True
342198,1000,1,1,1.0,True
342396,1000,1,1,19.0,True
342527,1000,1,0,,False
342722,1000,1,1,6.0,True
342877,1000,1,1,29.0,True
34288,1000,1,1,431.0,True
343037,1000,1,0,,False
343362,1000,1,1,159.0,True
34368,1000,1,1,1.0,True
34370,1000,1,1,1.0,True
343870,1000,1,0,,False
34388,1000,1,1,220.0,True
343942,1000,1,1,536.0,True
344069,1000,1,1,13.0,True
34411,1000,1,1,52.0,True
344508,1000,1,1,4.0,True
345093,1000,1,1,3.0,True
345124,1000,1,0,,False
345238,1000,1,1,26.0,True
345265,1000,1,1,954.0,True
345288,1000,1,1,855.0,True
345682,1000,1,1,1.0,True
345766,1000,1,1,38.0,True
34585,1000,1,1,108.0,True
346383,1000,1,1,11.0,True
347060,1000,1,1,412.0,True
347140,1000,1,1,8.0,True
347160,1000,1,1,222.0,True
34724,1000,1,1,516.0,True
347344,1000,1,1,673.0,True
34737,1000,1,1,30.0,True
347409,1000,1,1,190.0,True
347931,1000,1,1,783.0,True
348060,1000,1,1,11.0,True
348437,1000,1,1,136.0,True
348499,1000,1,1,506.0,True
348501,1000,1,1,253.0,True
348960,1000,1,1,29.0,True
34934,1000,1,1,17.0,True
3496,1000,1,0,,False
349739,1000,1,1,11.0,True
349830,1000,1,1,46.0,True
349956,1000,1,1,411.0,True
349996,1000,1,1,6.0,True
350054,1000,1,0,,False
350086,1000,1,1,252.0,True
350382,1000,1,0,,False
350574,1000,1,1,57.0,True
350606,1000,1,1,25.0,True
35083,1000,1,0,,False
351254,1000,1,1,31.0,True
351513,1000,1,1,43.0,True
351526,1000,1,0,,False
352022,1000,1,0,,False
352160,1000,1,1,82.0,True
352177,1000,1,1,21.0,True
352213,1000,3,0,,False
352638,1000,1,1,30.0,True
35295,1000,1,1,9.0,True
35322,1000,1,1,40.0,True
353446,1000,1,0,,False
354170,1000,1,1,317.0,True
354174,1000,1,1,41.0,True
354458,1000,1,1,9.0,True
354792,1000,1,1,174.0,True
35488,1000,1,1,58.0,True
355022,1000,1,1,885.0,True
35510,1000,1,0,,False
355627,1000,1,1,15.0,True
355640,1000,1,0,,False
35583,1000,1,0,,False
35593,1000,1,1,6.0,True
356407,1000,1,1,104.0,True
356593,1000,1,0,,False
35668,1000,1,1,712.0,True
356789,1000,1,0,,False
356843,1000,1,1,111.0,True
356903,1000,1,0,,False
357561,1000,1,1,7.0,True
35767,1000,1,0,,False
357805,1000,1,0,,False
358192,1000,1,0,,False
358404,1000,1,0,,False
358511,1000,1,1,62.0,True
358792,1000,1,1,140.0,True
359638,1000,1,1,171.0,True
359747,1000,1,1,199.0,True
359813,1000,1,1,131.0,True
35983,1000,1,1,719.0,True
359860,1000,1,1,4.0,True
360046,1000,1,1,9.0,True
360159,1000,1,0,,False
360329,1000,1,1,569.0,True
36074,1000,1,1,1.0,True
360753,1000,1,1,39.0,True
361282,1000,1,1,1.0,True
361351,1000,1,1,685.0,True
361614,1000,1,1,3.0,True
36192,1000,1,1,889.0,True
362110,1000,1,1,118.0,True
362122,1000,1,1,699.0,True
362201,1000,1,1,19.0,True
363374,1000,1,0,,False
363931,1000,1,1,14.0,True
364047,1000,1,1,16.0,True
364556,1000,1,1,14.0,True
364751,1000,1,1,1.0,True
364779,1000,1,1,8.0,True
364836,1000,1,1,1.0,True
364878,1000,1,1,261.0,True
364887,1000,1,0,,False
365042,1000,1,1,5.0,True
365066,1000,1,1,1.0,True
365167,1000,1,1,130.0,True
365201,1000,1,1,100.0,True
365289,1000,1,1,26.0,True
365439,1000,1,1,1.0,True
366053,1000,1,1,1.0,True
366245,1000,1,1,97.0,True
367140,1000,1,1,5.0,True
367379,1000,1,1,6.0,True
368186,1000,1,0,,False
368563,1000,1,0,,False
368571,1000,1,0,,False
36875,1000,1,1,2.0,True
368809,1000,1,1,36.0,True
36896,1000,1,1,1.0,True
36925,1000,1,1,13.0,True
369416,1000,1,0,,False
36989,1000,1,1,9.0,True
370609,1000,1,1,9.0,True
37089,1000,1,1,19.0,True
370917,1000,1,1,99.0,True
371258,1000,1,1,12.0,True
371390,1000,1,1,230.0,True
371441,1000,1,0,,False
371480,1000,1,1,10.0,True
371859,1000,1,1,8.0,True
372286,1000,1,1,8.0,True
372299,1000,1,1,4.0,True
372542,1000,1,1,17.0,True
372543,1000,1,1,9.0,True
37266,1000,1,1,32.0,True
372928,1000,1,1,2.0,True
373194,1000,1,1,527.0,True
373406,1000,1,1,1.0,True
37343,1000,1,0,,False
373449,1000,1,0,,False
373499,1000,1,1,7.0,True
373540,1000,1,0,,False
373729,1000,1,0,,False
37379,1000,1,1,13.0,True
373830,1000,1,1,62.0,True
373871,1000,1,1,36.0,True
3740,1000,1,1,1.0,True
374659,1000,1,1,95.0,True
375341,1000,1,0,,False
375452,1000,1,1,8.0,True
375625,1000,1,1,262.0,True
376032,1000,1,1,144.0,True
376301,1000,1,1,21.0,True
376643,1000,1,1,209.0,True
376801,1000,1,1,120.0,True
37694,1000,1,1,709.0,True
377725,1000,4,1,14.0,True
378370,1000,1,1,140.0,True
379013,1000,3,1,130.0,True
379170,1000,1,0,,False
37975,1000,1,1,32.0,True
379836,1000,1,1,3.0,True
380276,1000,1,1,8.0,True
380657,1000,1,1,26.0,True
380990,1000,1,1,38.0,True
381247,1000,1,0,,False
381334,1000,1,1,16.0,True
381521,1000,1,0,,False
381668,1000,1,1,71.0,True
381743,1000,1,1,363.0,True
38179,1000,1,1,163.0,True
382256,1000,1,1,786.0,True
382669,1000,1,0,,False
383153,1000,1,1,23.0,True
383211,1000,1,0,,False
383226,1000,1,0,,False
383321,1000,1,1,22.0,True
383742,1000,1,1,185.0,True
383821,1000,1,0,,False
383961,1000,1,0,,False
384018,1000,1,1,275.0,True
384062,1000,1,1,3.0,True
384202,1000,1,1,464.0,True
38472,1000,1,1,20.0,True
384725,1000,1,1,12.0,True
384737,1000,1,1,41.0,True
384819,1000,1,1,30.0,True
384996,1000,1,1,462.0,True
385123,1000,2,2,2.0,True
385206,1000,1,1,8.0,True
385323,1000,1,1,13.0,True
385540,1000,1,0,,False
385808,1000,1,1,30.0,True
386093,1000,1,1,16.0,True
38707,1000,1,1,4.0,True
387070,1000,1,1,555.0,True
387288,1000,1,0,,False
387304,1000,1,1,660.0,True
387453,1000,1,1,20.0,True
387521,1000,1,0,,False
387734,1000,1,1,1.0,True
387792,1000,1,1,64.0,True
388004,1000,1,0,,False
38807,1000,1,1,356.0,True
388288,1000,1,1,260.0,True
388364,1000,1,1,11.0,True
388649,1000,1,0,,False
38866,1000,1,1,532.0,True
388731,1000,1,1,245.0,True
388817,1000,1,1,1.0,True
388874,1000,1,1,20.0,True
389061,1000,1,1,2.0,True
38922,1000,1,1,338.0,True
389220,1000,1,1,26.0,True
389412,1000,1,1,1.0,True
389610,1000,1,1,4.0,True
389829,1000,1,1,73.0,True
389911,1000,1,1,8.0,True
389938,1000,1,1,18.0,True
389959,1000,1,0,,False
390070,1000,1,1,2.0,True
390112,1000,1,0,,False
39012,1000,1,0,,False
39057,1000,1,1,5.0,True
390686,1000,1,1,111.0,True
390702,1000,1,1,2.0,True
390708,1000,1,1,105.0,True
390806,1000,1,1,10.0,True
390959,1000,1,1,46.0,True
391349,1000,1,1,2.0,True
391370,1000,1,1,15.0,True
391374,1000,1,1,539.0,True
391398,1000,1,1,59.0,True
391425,1000,1,1,137.0,True
39161,1000,1,1,3.0,True
391819,1000,1,1,1.0,True
391886,1000,1,1,235.0,True
392036,1000,1,0,,False
392044,1000,1,1,2.0,True
392059,1000,1,0,,False
392077,1000,1,1,241.0,True
392118,1000,1,1,11.0,True
392175,1000,1,1,5.0,True
392451,1000,1,1,14.0,True
392625,1000,3,1,971.0,True
39297,1000,1,1,8.0,True
392976,1000,1,1,2.0,True
393000,1000,1,1,216.0,True
393022,1000,1,1,988.0,True
393044,1000,1,0,,False
393062,1000,2,1,439.0,True
393066,1000,1,0,,False
393157,1000,1,1,24.0,True
393198,1000,1,1,15.0,True
393263,1000,1,1,665.0,True
393450,1000,1,1,18.0,True
393803,1000,1,1,342.0,True
393990,1000,1,1,12.0,True
394084,1000,1,1,1.0,True
394127,1000,1,1,3.0,True
394156,1000,1,0,,False
394226,1000,1,1,115.0,True
394305,1000,1,1,467.0,True
394323,1000,1,1,8.0,True
394526,1000,1,1,435.0,True
394599,1000,1,1,241.0,True
394692,1000,1,0,,False
394734,1000,1,1,683.0,True
394836,1000,1,1,5.0,True
394957,1000,1,1,72.0,True
395030,1000,1,1,231.0,True
395128,1000,1,0,,False
395284,1000,1,1,162.0,True
395371,1000,1,0,,False
395438,1000,1,1,99.0,True
395537,1000,1,1,2.0,True
395622,1000,1,1,30.0,True
395743,1000,1,0,,False
395745,1000,1,1,21.0,True
395798,1000,1,1,12.0,True
395864,1000,1,1,7.0,True
396084,1000,2,2,15.0,True
396119,1000,1,0,,False
396156,1000,1,1,178.0,True
39668,1000,1,1,12.0,True
396799,1000,1,1,425.0,True
396822,199,1,1,6.0,True
396865,1000,1,1,1.0,True
39717,1000,1,0,,False
397171,1000,1,1,1.0,True
397245,1000,1,1,79.0,True
397361,1000,1,1,48.0,True
397389,1000,2,2,1.0,True
397580,1000,1,1,2.0,True
397587,1000,1,1,16.0,True
397808,1000,1,1,346.0,True
397861,1000,1,0,,False
397866,1000,1,1,5.0,True
397947,1000,1,1,14.0,True
397998,1000,1,0,,False
398017,1000,1,1,64.0,True
3981,1000,1,0,,False
398152,1000,1,1,649.0,True
398191,1000,1,1,8.0,True
3982,1000,1,0,,False
398214,1000,1,1,8.0,True
398217,1000,1,0,,False
398385,1000,1,1,23.0,True
398467,1000,1,1,4.0,True
398605,1000,1,0,,False
398790,1000,1,0,,False
398830,1000,1,1,6.0,True
39895,1000,1,1,3.0,True
399135,1000,1,1,61.0,True
39918,1000,1,1,141.0,True
399257,1000,1,1,2.0,True
399338,1000,1,1,32.0,True
399506,1000,1,1,1.0,True
399523,1000,2,2,2.0,True
399538,1000,1,1,466.0,True
399623,1000,1,1,3.0,True
399630,1000,2,1,3.0,True
399809,1000,1,1,1.0,True
399934,1000,1,0,,False
39994,1000,1,1,13.0,True
400448,1000,1,0,,False
400562,1000,1,1,2.0,True
400576,1000,1,1,1.0,True
40076,1000,1,1,2.0,True
400791,1000,1,1,28.0,True
40095,1000,1,1,118.0,True
400997,1000,1,1,41.0,True
401068,1000,1,1,1.0,True
401069,1000,1,1,38.0,True
401141,1000,1,1,88.0,True
401219,1000,1,1,2.0,True
401223,1000,1,1,1.0,True
401298,1000,1,1,11.0,True
40130,1000,3,1,2.0,True
401303,1000,1,1,26.0,True
401319,1000,1,1,1.0,True
401632,1000,1,1,13.0,True
401688,1000,1,1,1.0,True
401690,1000,1,1,1.0,True
401908,1000,1,1,247.0,True
402062,1000,1,0,,False
402074,1000,2,2,8.0,True
402177,1000,1,1,5.0,True
402268,1000,1,1,323.0,True
40227,1000,1,1,285.0,True
402321,1000,1,0,,False
402333,1000,2,2,306.0,True
4025,1000,1,0,,False
402632,1000,1,0,,False
402937,1000,1,1,47.0,True
402958,1000,1,1,199.0,True
403153,1000,1,1,1.0,True
403158,1000,1,1,8.0,True
403480,1000,1,1,13.0,True
403528,1000,1,1,41.0,True
403563,1000,2,2,1.0,True
403788,1000,1,0,,False
404121,1000,1,1,36.0,True
404140,1000,1,1,326.0,True
404253,1000,1,1,1.0,True
404346,1000,1,1,29.0,True
404417,1000,1,0,,False
404544,1000,1,1,187.0,True
404587,1000,1,1,50.0,True
404591,1000,1,1,21.0,True
404664,1000,1,1,5.0,True
404788,1000,1,0,,False
404823,1000,1,1,3.0,True
404872,1000,1,1,14.0,True
404924,1000,1,1,11.0,True
405065,1000,1,1,299.0,True
405263,1000,1,1,171.0,True
40543,1000,1,1,328.0,True
405655,1000,1,0,,False
405793,1000,1,1,60.0,True
405864,1000,1,1,7.0,True
405961,1000,1,1,2.0,True
406191,1000,1,1,102.0,True
406244,1000,1,1,16.0,True
406297,1000,1,1,1.0,True
406505,1000,1,1,10.0,True
406508,1000,1,1,34.0,True
406517,1000,2,2,361.0,True
406544,1000,1,1,9.0,True
406553,1000,1,1,6.0,True
406563,1000,1,1,1.0,True
406615,1000,1,1,8.0,True
406737,1000,1,1,1.0,True
406854,1000,2,0,,False
406881,1000,1,1,34.0,True
40703,1000,1,0,,False
407056,1000,1,1,13.0,True
407080,1000,1,1,60.0,True
407125,1000,1,1,189.0,True
407224,1000,1,1,134.0,True
407323,1000,1,1,33.0,True
407531,1000,1,1,61.0,True
407563,1000,1,1,287.0,True
407677,1000,1,1,2.0,True
407719,1000,1,1,8.0,True
407768,1000,1,1,227.0,True
407821,1000,1,1,1.0,True
407847,1000,1,1,140.0,True
407997,1000,1,1,2.0,True
40810,1000,1,1,54.0,True
408102,1000,1,1,11.0,True
408192,1000,1,1,4.0,True
408299,1000,1,0,,False
408355,1000,1,1,118.0,True
408374,1000,1,1,28.0,True
40843,1000,1,0,,False
408458,1000,1,1,3.0,True
40854,1000,1,0,,False
40862,1000,1,1,378.0,True
40863,1000,1,1,146.0,True
408709,1000,1,1,11.0,True
40878,1000,1,1,19.0,True
408901,1000,1,1,9.0,True
408961,1000,1,1,3.0,True
40906,1000,1,0,,False
409108,1000,1,1,3.0,True
409429,1000,1,1,83.0,True
409568,1000,1,1,7.0,True
409583,1000,1,1,415.0,True
40964,1000,1,1,293.0,True
409723,1000,1,1,677.0,True
409937,1000,1,1,19.0,True
409975,1000,1,1,3.0,True
410054,1000,1,0,,False
410159,1000,1,1,14.0,True
410188,1000,2,1,134.0,True
410405,1000,1,1,4.0,True
410422,1000,1,1,60.0,True
410545,1000,1,0,,False
410558,1000,1,1,25.0,True
410647,1000,1,1,2.0,True
410778,1000,1,1,28.0,True
410831,1000,1,1,91.0,True
411027,1000,1,1,13.0,True
411352,1000,1,1,10.0,True
411538,1000,1,1,2.0,True
411711,1000,1,1,119.0,True
41190,1000,1,0,,False
411999,1000,1,1,23.0,True
412130,1000,1,1,47.0,True
412145,1000,1,1,1.0,True
412174,1000,1,1,21.0,True
412224,1000,1,1,17.0,True
412250,1000,1,1,667.0,True
412583,1000,1,1,115.0,True
412755,1000,1,1,200.0,True
412790,1000,1,1,117.0,True
412951,1000,1,1,1.0,True
412957,1000,1,1,4.0,True
412959,1000,1,1,217.0,True
412995,1000,1,1,56.0,True
413002,1000,1,1,16.0,True
413049,1000,1,1,308.0,True
413462,1000,1,1,995.0,True
413670,1000,1,1,129.0,True
413716,1000,1,1,132.0,True
413732,1000,1,1,18.0,True
413948,1000,1,1,1.0,True
413970,1000,1,1,94.0,True
414281,1000,1,1,322.0,True
414295,1000,1,1,95.0,True
4143,1000,1,1,16.0,True
414325,1000,1,1,19.0,True
414537,1000,1,1,51.0,True
414605,1000,1,1,323.0,True
414620,1000,1,1,12.0,True
414731,1000,1,0,,False
414881,1000,1,0,,False
414949,1000,1,1,193.0,True
414980,1000,1,1,5.0,True
415296,1000,1,1,1.0,True
415302,1000,1,0,,False
415384,1000,1,1,10.0,True
415435,1000,1,1,6.0,True
415511,1000,1,1,3.0,True
415604,1000,1,1,5.0,True
415732,1000,1,1,2.0,True
415799,1000,1,1,1.0,True
415865,1000,1,1,7.0,True
41591,1000,1,1,2.0,True
415932,1000,1,1,6.0,True
416029,1000,1,1,13.0,True
416083,1000,1,1,70.0,True
416167,1000,1,1,2.0,True
416222,1000,1,1,1.0,True
416272,1000,1,1,79.0,True
416345,1000,1,1,173.0,True
416546,1000,1,1,6.0,True
41657,1000,1,1,2.0,True
416587,1000,1,1,1.0,True
416827,1000,1,1,3.0,True
416854,1000,1,1,11.0,True
416924,1000,1,0,,False
416928,1000,1,0,,False
417007,1000,1,1,4.0,True
41717,1000,1,0,,False
417357,1000,1,1,8.0,True
417523,1000,1,1,1.0,True
417674,1000,1,1,5.0,True
417859,1000,1,1,1.0,True
417897,1000,1,1,160.0,True
418003,1000,1,0,,False
418188,1000,1,1,3.0,True
418194,1000,1,1,161.0,True
418271,1000,1,1,2.0,True
418364,1000,1,1,2.0,True
418498,1000,1,1,18.0,True
418661,1000,2,2,3.0,True
418676,1000,1,1,4.0,True
41868,1000,1,1,5.0,True
418920,1000,1,0,,False
418955,1000,1,1,5.0,True
419038,1000,1,1,25.0,True
419126,1000,1,1,18.0,True
419133,1000,1,1,106.0,True
419304,1000,1,1,1.0,True
419318,1000,1,1,1.0,True
419354,1000,1,1,6.0,True
419419,1000,1,1,5.0,True
419463,1000,1,0,,False
419522,1000,1,1,2.0,True
419543,1000,1,1,17.0,True
419596,1000,1,1,758.0,True
419658,1000,1,1,3.0,True
419659,1000,1,0,,False
419671,1000,1,1,2.0,True
419731,1000,1,1,14.0,True
419817,1000,2,2,8.0,True
419818,1000,1,1,3.0,True
419831,1000,1,0,,False
419884,1000,1,1,184.0,True
41996,1000,1,1,239.0,True
419966,1000,1,1,2.0,True
420061,1000,1,1,3.0,True
420303,1000,1,1,137.0,True
420339,1000,1,1,124.0,True
420547,1000,1,1,1.0,True
420585,1000,1,1,1.0,True
420596,1000,1,1,2.0,True
420769,1000,1,1,9.0,True
420885,1000,1,1,6.0,True
420979,1000,1,1,1.0,True
420992,1000,1,1,3.0,True
420999,1000,1,1,16.0,True
421144,1000,1,1,89.0,True
421162,1000,2,2,477.0,True
421168,1000,1,1,19.0,True
421172,1000,1,1,5.0,True
421265,1000,1,1,3.0,True
421302,1000,1,1,1.0,True
421445,1000,1,1,1.0,True
421553,1000,1,1,3.0,True
421558,1000,1,0,,False
421783,1000,1,1,544.0,True
421843,1000,1,1,1.0,True
421848,1000,1,1,1.0,True
42204,1000,1,1,12.0,True
42211,1000,1,1,20.0,True
422136,1000,1,1,15.0,True
422153,1000,1,1,309.0,True
422279,1000,1,1,6.0,True
422391,1000,1,1,43.0,True
422508,1000,1,1,84.0,True
42254,1000,1,1,1.0,True
422598,1000,1,1,269.0,True
422944,1000,1,1,57.0,True
422965,1000,1,1,5.0,True
423153,1000,1,0,,False
423192,1000,1,0,,False
423366,1000,1,1,32.0,True
423806,1000,1,1,26.0,True
424067,1000,1,1,269.0,True
424071,1000,1,1,378.0,True
424102,1000,1,1,452.0,True
424148,1000,1,1,1.0,True
424161,1000,1,1,21.0,True
424194,1000,1,1,124.0,True
424208,1000,1,1,1.0,True
424276,1000,1,1,1.0,True
424401,1000,1,1,1.0,True
424607,1000,2,1,821.0,True
424703,1000,1,1,2.0,True
424710,1000,1,1,90.0,True
424742,1000,1,1,33.0,True
42482,1000,1,1,1.0,True
42484,1000,1,1,41.0,True
424886,1000,1,1,36.0,True
42494,1000,1,1,15.0,True
424989,1000,1,1,9.0,True
425060,1000,1,1,7.0,True
425129,1000,1,1,586.0,True
425226,1000,1,1,7.0,True
425231,1000,1,0,,False
425280,1000,1,1,2.0,True
425461,1000,1,1,1.0,True
425493,1000,1,0,,False
425840,1000,1,1,4.0,True
425970,1000,1,1,8.0,True
425985,1000,1,0,,False
426033,1000,1,1,4.0,True
426365,1000,1,1,106.0,True
426431,1000,1,1,101.0,True
42649,1000,1,1,2.0,True
426510,1000,1,1,38.0,True
426619,1000,1,1,3.0,True
426693,1000,1,1,1.0,True
426787,1000,1,0,,False
426918,1000,1,1,146.0,True
426931,1000,1,1,7.0,True
426946,1000,1,1,1.0,True
426993,1000,1,1,16.0,True
427029,1000,1,1,1.0,True
427173,1000,1,1,2.0,True
427358,1000,1,1,7.0,True
427552,1000,1,1,6.0,True
427574,1000,1,1,69.0,True
427599,1000,1,1,1.0,True
427663,1000,1,1,1.0,True
427740,1000,1,0,,False
427754,1000,1,1,58.0,True
427794,1000,1,1,192.0,True
427851,1000,1,1,2.0,True
427928,1000,1,0,,False
427952,1000,1,0,,False
427954,1000,1,1,32.0,True
42801,1000,1,1,2.0,True
428179,1000,1,1,16.0,True
428201,1000,1,1,73.0,True
428294,1000,1,1,4.0,True
428336,1000,1,0,,False
428555,1000,1,1,4.0,True
428699,1000,2,2,11.0,True
428826,1000,2,2,55.0,True
428838,1000,1,1,145.0,True
428901,1000,1,1,69.0,True
429063,1000,1,1,5.0,True
429073,1000,2,2,2.0,True
429260,1000,1,1,4.0,True
429370,1000,1,1,7.0,True
42944,1000,1,1,458.0,True
43012,1000,1,1,99.0,True
430394,1000,1,1,43.0,True
430396,1000,1,1,1.0,True
430481,1000,1,1,314.0,True
430526,1000,1,0,,False
430531,1000,1,1,5.0,True
430607,1000,1,1,186.0,True
430802,1000,1,1,21.0,True
430961,1000,1,0,,False
430969,1000,1,1,28.0,True
43100,1000,1,1,125.0,True
431111,1000,1,1,4.0,True
431224,1000,1,0,,False
43141,1000,1,1,2.0,True
431424,1000,1,1,3.0,True
43161,1000,1,0,,False
431627,1000,1,1,2.0,True
431675,1000,1,1,21.0,True
43170,1000,1,1,25.0,True
431854,1000,1,1,2.0,True
431933,1000,1,1,18.0,True
432092,1000,1,1,9.0,True
432113,1000,1,1,18.0,True
432119,1000,1,1,4.0,True
432169,1000,1,1,8.0,True
432230,1000,1,1,3.0,True
432342,1000,1,1,17.0,True
432357,1000,1,1,1.0,True
432415,1000,1,1,2.0,True
432707,1000,1,1,6.0,True
432711,1000,1,1,13.0,True
432945,1000,1,1,23.0,True
433007,1000,1,1,17.0,True
433247,1000,1,0,,False
433418,1000,1,1,1.0,True
43348,1000,1,1,1.0,True
433561,1000,1,1,21.0,True
433574,1000,1,1,10.0,True
433575,1000,1,1,1.0,True
433678,1000,1,1,2.0,True
433788,1000,1,1,80.0,True
433789,1000,1,1,1.0,True
433799,1000,1,0,,False
433807,1000,1,1,101.0,True
433918,1000,1,0,,False
43392,1000,1,1,149.0,True
433922,1000,1,1,31.0,True
433944,1000,2,2,1.0,True
434074,1000,1,1,2.0,True
434153,1000,1,1,2.0,True
43423,1000,1,1,21.0,True
434281,1000,1,1,54.0,True
43462,1000,1,1,1.0,True
434879,1000,1,1,147.0,True
434905,1000,1,1,4.0,True
435004,1000,1,1,212.0,True
435007,1000,1,1,1.0,True
43503,1000,1,1,9.0,True
435041,1000,1,1,14.0,True
435066,1000,1,0,,False
435174,1000,1,1,120.0,True
435292,1000,1,1,41.0,True
435476,1000,1,1,4.0,True
435595,1000,2,2,8.0,True
435638,1000,1,1,15.0,True
435659,1000,1,1,50.0,True
435725,1000,1,1,211.0,True
435729,1000,1,1,16.0,True
435941,1000,1,0,,False
436038,1000,1,1,4.0,True
436053,1000,1,1,13.0,True
436123,1000,1,1,8.0,True
43614,1000,1,1,2.0,True
436250,1000,1,1,46.0,True
43633,1000,1,1,1.0,True
436361,1000,2,1,415.0,True
436457,1000,1,1,83.0,True
436502,1000,1,1,1.0,True
436506,1000,1,1,3.0,True
436535,1000,1,1,339.0,True
436645,1000,1,1,412.0,True
436733,1000,1,1,39.0,True
436956,1000,1,1,29.0,True
436969,1000,1,1,11.0,True
437081,1000,1,1,6.0,True
437101,1000,1,1,9.0,True
437284,1000,1,1,372.0,True
437410,1000,1,1,42.0,True
437539,1000,4,1,147.0,True
437670,1000,1,1,7.0,True
437770,1000,1,1,1.0,True
43799,1000,1,1,417.0,True
438169,1000,1,1,39.0,True
438188,1000,1,0,,False
438189,1000,1,0,,False
438224,1000,1,1,5.0,True
438269,1000,2,2,5.0,True
43859,1000,1,1,8.0,True
438621,1000,4,3,60.0,True
438772,1000,1,1,6.0,True
438778,1000,1,0,,False
438799,1000,1,0,,False
43885,1000,1,1,2.0,True
438890,1000,1,1,810.0,True
439248,1000,1,0,,False
439291,1000,1,1,19.0,True
439350,1000,1,1,6.0,True
439487,1000,1,1,30.0,True
439640,1000,1,1,26.0,True
439685,1000,1,1,33.0,True
440088,1000,1,1,166.0,True
440104,1000,1,1,13.0,True
440191,1000,1,1,510.0,True
440342,1000,1,1,2.0,True
440427,1000,1,1,2.0,True
440669,1000,3,2,2.0,True
440690,1000,1,1,133.0,True
440697,1000,1,1,46.0,True
440776,1000,2,1,386.0,True
440941,1000,2,0,,False
440992,1000,1,1,1.0,True
441127,1000,1,1,81.0,True
441144,1000,1,0,,False
441438,1000,1,1,6.0,True
441510,1000,1,1,11.0,True
441553,1000,1,1,101.0,True
441596,1000,1,1,65.0,True
441655,1000,1,1,3.0,True
441675,1000,1,1,24.0,True
44175,1000,1,1,40.0,True
441791,1000,1,1,2.0,True
441826,1000,1,1,18.0,True
441938,1000,1,1,2.0,True
442244,1000,1,0,,False
442462,1000,1,1,840.0,True
44255,1000,1,1,471.0,True
442695,1000,1,1,361.0,True
442778,1000,1,1,95.0,True
442783,1000,1,1,3.0,True
442817,1000,1,1,3.0,True
442945,1000,1,1,2.0,True
443045,1000,1,1,39.0,True
443361,1000,1,1,4.0,True
443386,1000,2,2,1.0,True
443463,1000,1,1,4.0,True
443499,1000,1,1,2.0,True
443664,1000,1,0,,False
443712,1000,1,1,4.0,True
443718,1000,1,1,175.0,True
443981,1000,1,1,47.0,True
4441,1000,1,1,990.0,True
444151,1000,1,1,4.0,True
444178,1000,1,1,1.0,True
44421,1000,1,1,367.0,True
444243,1000,1,0,,False
444263,1000,1,1,1.0,True
444274,1000,1,1,151.0,True
444278,1000,1,1,1.0,True
444396,1000,1,1,1.0,True
444601,1000,1,1,370.0,True
444899,1000,1,1,1.0,True
444906,1000,1,0,,False
445189,1000,1,1,50.0,True
44519,1000,1,0,,False
445307,1000,1,0,,False
44534,1000,1,1,17.0,True
445712,1000,1,1,36.0,True
445815,1000,1,1,7.0,True
445826,1000,1,1,8.0,True
446008,1000,1,1,731.0,True
446217,1000,1,1,32.0,True
446236,1000,1,1,1.0,True
446272,1000,1,1,1.0,True
446323,1000,1,1,13.0,True
44635,1000,1,1,33.0,True
446368,1000,1,1,27.0,True
44644,1000,1,1,786.0,True
446471,1000,1,1,210.0,True
446491,1000,1,1,126.0,True
446571,1000,1,1,2.0,True
446880,1000,1,1,12.0,True
446947,1000,1,1,853.0,True
447121,1000,1,1,54.0,True
447195,1000,1,1,211.0,True
447461,1000,1,0,,False
447506,1000,1,1,815.0,True
447556,1000,1,1,4.0,True
447563,1000,1,1,2.0,True
447593,1000,1,1,5.0,True
447674,1000,1,1,1.0,True
447776,1000,1,1,540.0,True
447831,1000,1,1,6.0,True
447891,1000,1,1,3.0,True
447910,1000,1,1,10.0,True
44802,1000,1,0,,False
448081,1000,1,1,302.0,True
448295,1000,1,1,355.0,True
448296,1000,1,1,1.0,True
44833,1000,1,1,4.0,True
44839,1000,1,1,65.0,True
44848,1000,1,1,8.0,True
448525,1000,2,2,14.0,True
448614,1000,1,1,36.0,True
448679,1000,1,1,2.0,True
448944,1000,1,1,66.0,True
449109,1000,1,1,86.0,True
449121,1000,1,1,1.0,True
449135,1000,1,1,15.0,True
449149,1000,1,1,294.0,True
449217,1000,1,1,339.0,True
449263,1000,1,1,310.0,True
449271,1000,1,1,31.0,True
449324,1000,1,1,5.0,True
44951,1000,1,1,24.0,True
449618,1000,1,1,1.0,True
449622,1000,1,1,2.0,True
449629,1000,1,1,1.0,True
449640,1000,1,1,1.0,True
449666,1000,1,1,2.0,True
44972,1000,1,1,36.0,True
449848,1000,2,2,4.0,True
449853,1000,1,1,1.0,True
450144,1000,1,1,42.0,True
450154,1000,2,2,2.0,True
450327,1000,1,0,,False
450504,1000,1,1,5.0,True
450510,1000,1,1,8.0,True
450571,1000,1,0,,False
450606,1000,1,1,37.0,True
450712,1000,1,1,18.0,True
450871,1000,1,1,7.0,True
451013,1000,1,0,,False
451077,1000,1,1,36.0,True
451084,1000,1,1,2.0,True
451107,1000,1,1,89.0,True
451157,1000,1,1,24.0,True
451266,1000,1,0,,False
451326,1000,1,1,2.0,True
451408,1000,1,1,365.0,True
451558,1000,1,0,,False
451756,1000,3,3,42.0,True
451834,1000,2,1,40.0,True
45225,1000,1,0,,False
452315,1000,1,1,2.0,True
452412,1000,1,0,,False
452492,1000,1,1,87.0,True
452505,1000,1,1,143.0,True
45253,1000,1,1,6.0,True
452541,1000,1,1,52.0,True
452657,1000,1,1,36.0,True
452818,1000,1,1,2.0,True
452841,1000,1,1,42.0,True
452904,1000,1,1,338.0,True
453052,1000,1,1,117.0,True
453108,1000,1,1,3.0,True
453289,1000,1,1,2.0,True
453508,1000,1,1,3.0,True
45353,1000,1,1,59.0,True
453746,1000,1,1,3.0,True
453795,1000,1,1,263.0,True
453818,1000,1,1,55.0,True
453930,1000,1,1,159.0,True
453933,1000,1,1,185.0,True
454198,1000,1,1,34.0,True
45432,1000,1,1,209.0,True
454410,1000,1,1,2.0,True
454759,1000,1,1,12.0,True
454930,1000,1,1,5.0,True
454983,1000,1,1,2.0,True
45516,1000,1,1,1.0,True
455190,1000,1,1,2.0,True
455269,1000,1,1,1.0,True
455355,1000,1,0,,False
455494,1000,1,1,12.0,True
455787,1000,1,1,9.0,True
455824,1000,1,1,4.0,True
456024,1000,1,1,961.0,True
456044,1000,1,1,1.0,True
456384,1000,1,1,12.0,True
456442,1000,1,1,13.0,True
456617,1000,1,1,4.0,True
456645,1000,1,0,,False
456661,1000,1,1,744.0,True
456684,1000,1,0,,False
456851,1000,1,1,7.0,True
456948,1000,1,1,11.0,True
457097,1000,1,1,46.0,True
457158,1000,1,1,407.0,True
45735,1000,1,1,1.0,True
45736,1000,1,1,15.0,True
45754,1000,1,1,229.0,True
457580,1000,2,2,4.0,True
457887,1000,1,1,111.0,True
458261,1000,1,0,,False
458273,1000,1,0,,False
458291,1000,1,1,94.0,True
4585,1000,1,0,,False
458594,1000,1,1,136.0,True
458677,1000,1,1,1.0,True
458731,1000,1,1,22.0,True
458990,1000,1,0,,False
459128,1000,2,2,233.0,True
459205,1000,1,1,169.0,True
459215,1000,1,1,28.0,True
459332,1000,1,1,987.0,True
459453,1000,1,1,13.0,True
459538,1000,1,1,2.0,True
45959,1000,1,1,108.0,True
459602,1000,2,1,75.0,True
459622,1000,1,1,6.0,True
459661,1000,5,2,346.0,True
459726,1000,1,0,,False
459763,1000,1,1,130.0,True
459968,1000,1,1,140.0,True
460163,1000,1,1,5.0,True
460184,1000,1,1,11.0,True
460254,1000,1,1,2.0,True
460333,1000,1,1,826.0,True
460630,1000,1,1,107.0,True
46065,1000,1,1,34.0,True
460740,1000,1,0,,False
460937,1000,1,0,,False
461067,1000,1,1,6.0,True
461124,1000,1,1,418.0,True
461280,1000,1,1,5.0,True
461285,1000,1,1,48.0,True
461294,1000,1,1,3.0,True
461386,1000,1,0,,False
461454,1000,1,1,2.0,True
461564,1000,1,1,2.0,True
461587,1000,2,2,2.0,True
461632,1000,1,1,261.0,True
461647,1000,1,0,,False
461691,1000,1,0,,False
461739,1000,1,0,,False
461983,1000,1,1,10.0,True
462104,1000,1,1,1.0,True
462284,1000,1,1,11.0,True
462534,1000,1,1,3.0,True
462604,1000,1,1,55.0,True
462633,1000,1,1,1.0,True
462709,1000,1,1,201.0,True
462972,1000,1,0,,False
463119,1000,1,1,3.0,True
463131,1000,1,1,2.0,True
463140,1000,2,1,10.0,True
463264,1000,1,1,67.0,True
463281,1000,1,1,2.0,True
46334,1000,1,1,120.0,True
463427,1000,1,1,49.0,True
463449,1000,2,2,17.0,True
463547,1000,1,1,3.0,True
463654,1000,1,1,1.0,True
463815,1000,1,1,1.0,True
463921,1000,1,1,25.0,True
464088,1000,1,0,,False
464146,1000,1,0,,False
464297,1000,1,1,10.0,True
464302,1000,1,1,123.0,True
464344,1000,1,1,1.0,True
464392,1000,1,1,23.0,True
464601,1000,1,1,149.0,True
464622,1000,1,1,4.0,True
464677,1000,1,1,745.0,True
464701,1000,1,1,94.0,True
464781,1000,1,1,16.0,True
465323,1000,1,1,25.0,True
465368,1000,1,0,,False
465441,1000,1,1,308.0,True
465524,1000,2,1,7.0,True
465620,1000,1,1,109.0,True
46563,1000,1,1,1.0,True
465715,1000,1,1,255.0,True
465772,1000,1,0,,False
465829,1000,1,1,5.0,True
465941,1000,1,1,2.0,True
46617,1000,1,1,123.0,True
466345,1000,1,1,477.0,True
466500,1000,1,1,5.0,True
466695,1000,1,1,1.0,True
466802,1000,1,0,,False
466909,1000,1,1,220.0,True
466919,1000,1,0,,False
466939,1000,1,1,337.0,True
466947,1000,1,1,41.0,True
466970,1000,1,1,2.0,True
467132,1000,1,0,,False
46727,1000,1,1,69.0,True
467353,1000,1,1,876.0,True
467395,1000,1,1,5.0,True
467538,1000,1,1,12.0,True
467586,1000,1,0,,False
467594,1000,1,1,1.0,True
467625,1000,1,1,430.0,True
467693,1000,1,1,12.0,True
468067,1000,1,1,5.0,True
468638,1000,1,1,46.0,True
468700,1000,1,1,202.0,True
46874,1000,1,1,41.0,True
468751,1000,1,1,96.0,True
468850,1000,1,1,8.0,True
468996,1000,1,1,473.0,True
468999,1000,1,1,57.0,True
469029,1000,1,1,1.0,True
46921,1000,1,0,,False
469521,1000,1,1,109.0,True
469532,1000,1,1,29.0,True
469581,1000,1,1,1.0,True
46959,1000,1,1,11.0,True
469631,1000,1,1,132.0,True
469644,1000,1,1,26.0,True
469789,1000,1,1,206.0,True
469864,1000,1,0,,False
469942,1000,1,1,6.0,True
469948,1000,1,1,942.0,True
470000,1000,1,1,1.0,True
470172,1000,1,0,,False
47028,1000,1,1,7.0,True
470399,1000,1,1,2.0,True
470427,1000,1,1,37.0,True
47044,1000,1,1,44.0,True
470659,1000,1,1,185.0,True
470690,1000,1,1,699.0,True
470894,1000,2,2,70.0,True
47105,1000,1,1,34.0,True
471075,1000,1,1,2.0,True
471276,1000,1,1,25.0,True
471533,1000,1,0,,False
471582,1000,1,0,,False
47168,1000,1,1,42.0,True
471723,1000,1,1,50.0,True
471737,1000,1,0,,False
471801,1000,1,1,4.0,True
472089,1000,1,1,26.0,True
472351,1000,1,1,25.0,True
472358,1000,1,1,2.0,True
472430,1000,1,1,1.0,True
472645,1000,1,1,43.0,True
472657,1000,1,1,20.0,True
472672,1000,1,0,,False
472716,1000,1,1,2.0,True
472829,1000,1,1,49.0,True
472876,1000,1,1,38.0,True
47323,1000,1,1,50.0,True
473238,1000,1,1,58.0,True
473248,1000,1,1,1.0,True
473390,1000,1,1,27.0,True
473499,1000,1,1,34.0,True
473563,1000,1,1,4.0,True
473804,1000,1,1,4.0,True
474054,1000,1,0,,False
474068,1000,1,1,25.0,True
474132,1000,1,1,28.0,True
474380,1000,1,1,1.0,True
474417,1000,1,1,41.0,True
474432,1000,1,1,319.0,True
474490,1000,1,1,1.0,True
474728,1000,1,1,1.0,True
474853,1000,1,1,5.0,True
474860,1000,1,1,6.0,True
474983,1000,1,1,5.0,True
475090,1000,1,0,,False
475185,1000,1,1,57.0,True
475295,1000,1,1,63.0,True
475388,1000,1,1,24.0,True
475467,1000,1,1,12.0,True
475602,1000,1,1,34.0,True
475637,1000,1,1,126.0,True
475747,1000,1,1,214.0,True
475907,1000,1,1,37.0,True
475913,1000,1,1,11.0,True
475983,1000,1,1,3.0,True
476019,1000,1,1,344.0,True
476075,1000,1,1,531.0,True
476133,1000,1,1,95.0,True
476183,1000,1,1,3.0,True
476295,1000,1,1,8.0,True
476377,1000,1,1,27.0,True
476425,1000,1,1,14.0,True
47645,1000,1,1,2.0,True
476877,1000,1,1,18.0,True
476880,1000,1,1,5.0,True
476886,1000,1,1,4.0,True
477082,1000,1,1,4.0,True
477232,1000,1,1,322.0,True
477387,1000,1,1,6.0,True
477402,1000,1,1,5.0,True
477417,1000,1,1,55.0,True
477445,1000,1,1,101.0,True
477607,1000,1,1,1.0,True
477836,1000,1,1,4.0,True
477856,1000,1,1,2.0,True
477885,1000,1,1,15.0,True
477895,1000,1,1,12.0,True
477898,1000,1,1,41.0,True
478024,1000,1,1,1.0,True
478092,1000,1,1,1.0,True
478105,1000,1,1,13.0,True
478166,1000,1,1,41.0,True
478204,1000,1,1,36.0,True
478210,1000,1,1,1.0,True
478298,1000,1,1,2.0,True
478340,1000,1,1,14.0,True
478375,1000,1,1,41.0,True
478403,1000,1,1,1.0,True
478414,1000,1,0,,False
478448,1000,1,1,16.0,True
478489,1000,1,1,51.0,True
478506,1000,1,1,104.0,True
478558,1000,1,1,845.0,True
478562,1000,1,0,,False
478931,1000,1,1,21.0,True
478937,1000,1,1,2.0,True
478945,1000,1,1,209.0,True
479211,1000,1,1,16.0,True
479291,1000,1,1,362.0,True
479512,1000,1,1,31.0,True
47981,1000,1,1,6.0,True
480165,1000,1,1,55.0,True
480299,1000,1,0,,False
480446,1000,1,1,737.0,True
480465,1000,1,1,4.0,True
480593,1000,1,1,22.0,True
480828,1000,1,1,4.0,True
480879,1000,1,1,208.0,True
48102,1000,1,1,4.0,True
481026,1000,1,0,,False
48145,1000,1,0,,False
481482,1000,1,1,8.0,True
481501,1000,1,1,6.0,True
481847,1000,1,1,1.0,True
481860,1000,1,0,,False
482060,1000,1,1,9.0,True
482173,1000,1,1,1.0,True
482293,1000,1,1,2.0,True
482379,1000,1,1,87.0,True
482383,1000,1,1,212.0,True
482407,1000,1,1,1.0,True
482667,1000,1,1,174.0,True
482691,1000,1,1,51.0,True
482859,1000,1,1,6.0,True
48293,1000,1,1,13.0,True
482964,1000,1,1,42.0,True
483114,1000,1,1,4.0,True
483288,1000,1,1,6.0,True
483328,1000,1,1,2.0,True
483344,1000,1,0,,False
483582,1000,1,1,8.0,True
483584,1000,2,2,14.0,True
483816,1000,1,0,,False
483941,1000,1,1,6.0,True
483951,1000,1,1,6.0,True
484026,1000,1,1,24.0,True
484176,1000,1,1,1.0,True
484227,1000,1,1,4.0,True
484632,1000,1,1,23.0,True
48526,1000,1,1,49.0,True
485424,1000,1,0,,False
485528,1000,1,1,18.0,True
485555,1000,1,1,36.0,True
485598,1000,1,1,15.0,True
485655,1000,1,0,,False
485888,1000,1,1,1.0,True
485926,1000,1,1,7.0,True
485943,1000,1,0,,False
485989,1000,1,1,10.0,True
485997,1000,1,0,,False
486062,1000,1,0,,False
48613,1000,1,1,6.0,True
486222,1000,1,1,161.0,True
48631,1000,1,1,67.0,True
486507,1000,1,1,1.0,True
486710,1000,1,1,28.0,True
486790,1000,1,0,,False
486878,1000,1,1,287.0,True
487156,1000,1,1,24.0,True
487331,1000,1,1,438.0,True
487440,1000,1,0,,False
487702,1000,1,1,91.0,True
487827,1000,1,1,81.0,True
487862,1000,1,1,46.0,True
488385,1000,1,1,18.0,True
488461,1000,1,1,490.0,True
488511,1000,1,1,238.0,True
488539,1000,1,1,2.0,True
48859,1000,1,1,22.0,True
488831,1000,1,1,4.0,True
488857,1000,1,0,,False
488973,1000,1,0,,False
488985,1000,1,0,,False
489001,1000,1,1,2.0,True
489010,1000,1,1,81.0,True
489159,1000,1,1,2.0,True
48933,1000,1,0,,False
489417,1000,1,1,249.0,True
489486,1000,1,0,,False
489494,1000,1,1,5.0,True
489518,1000,1,1,1.0,True
489674,1000,1,1,2.0,True
489695,1000,1,1,19.0,True
489723,1000,1,1,9.0,True
489822,1000,1,1,2.0,True
489832,1000,1,1,49.0,True
490073,1000,1,1,2.0,True
49011,1000,1,1,865.0,True
49024,1000,1,1,411.0,True
490315,1000,1,1,62.0,True
490629,1000,1,1,4.0,True
490638,1000,1,1,32.0,True
490655,1000,1,1,9.0,True
490858,1000,1,1,28.0,True
490974,1000,2,0,,False
491273,1000,1,1,2.0,True
491334,1000,1,1,1.0,True
491556,1000,1,1,1.0,True
491874,1000,1,1,14.0,True
491979,1000,1,1,39.0,True
491991,1000,1,1,2.0,True
492076,1000,1,1,1.0,True
492103,1000,1,1,23.0,True
492109,1000,1,1,681.0,True
492456,1000,1,1,22.0,True
492544,1000,1,0,,False
492598,1000,1,1,5.0,True
492773,1000,1,1,7.0,True
492870,1000,1,1,49.0,True
492889,1000,1,1,59.0,True
493098,1000,2,1,3.0,True
493107,1000,1,1,18.0,True
493144,1000,1,1,10.0,True
493205,1000,1,1,1.0,True
493254,1000,1,0,,False
493307,1000,1,1,2.0,True
493903,1000,1,1,12.0,True
493918,1000,1,1,7.0,True
493953,1000,1,1,3.0,True
494009,1000,1,0,,False
494106,1000,1,1,98.0,True
494109,1000,1,1,3.0,True
494118,1000,1,0,,False
494615,1000,1,1,14.0,True
494705,1000,1,1,1.0,True
495184,1000,1,0,,False
495289,1000,2,2,21.0,True
49540,1000,1,1,3.0,True
49543,1000,1,1,2.0,True
495488,1000,1,0,,False
49558,1000,1,1,3.0,True
495683,1000,1,0,,False
495783,1000,1,1,39.0,True
495839,1000,1,1,30.0,True
495848,1000,1,1,556.0,True
496231,1000,1,1,3.0,True
49630,1000,1,1,1.0,True
496388,1000,1,1,3.0,True
496438,1000,1,1,5.0,True
496660,1000,1,1,10.0,True
496871,1000,1,1,2.0,True
496899,1000,1,1,6.0,True
497243,1000,1,0,,False
497343,1000,1,1,984.0,True
49735,1000,1,0,,False
497436,1000,1,1,1.0,True
497456,1000,1,0,,False
497469,1000,1,0,,False
497549,1000,1,1,39.0,True
497558,1000,1,1,3.0,True
497750,1000,1,1,610.0,True
497767,1000,1,1,3.0,True
497786,1000,1,1,1.0,True
497907,1000,2,2,18.0,True
497956,1000,1,0,,False
497976,1000,1,0,,False
498022,1000,2,1,549.0,True
4983,1000,1,1,5.0,True
49838,1000,1,1,24.0,True
49860,1000,1,1,3.0,True
498701,1000,1,1,16.0,True
498710,1000,1,1,2.0,True
498794,1000,1,1,3.0,True
498858,1000,1,1,30.0,True
499055,1000,1,0,,False
499063,1000,2,0,,False
49925,1000,1,1,7.0,True
49927,1000,1,0,,False
499389,1000,2,2,54.0,True
499583,1000,1,0,,False
499667,1000,1,1,5.0,True
499736,1000,1,1,7.0,True
49974,1000,1,1,13.0,True
499950,1000,1,1,2.0,True
500233,1000,1,1,968.0,True
50048,1000,1,1,14.0,True
500664,1000,1,1,240.0,True
500753,1000,1,1,20.0,True
500996,1000,1,1,1.0,True
500997,1000,1,1,5.0,True
501021,1000,1,1,783.0,True
501049,1000,1,1,6.0,True
501126,1000,2,2,7.0,True
50129,1000,1,1,40.0,True
501370,1000,1,0,,False
501407,1000,1,1,159.0,True
501419,1000,1,1,74.0,True
501625,1000,1,1,32.0,True
501654,1000,1,1,68.0,True
501719,1000,1,1,135.0,True
501833,1000,1,1,307.0,True
501863,1000,1,1,19.0,True
502164,1000,1,1,237.0,True
50223,1000,1,1,7.0,True
502242,1000,1,1,4.0,True
50228,1000,1,1,80.0,True
502304,1000,1,1,3.0,True
502413,1000,1,1,1.0,True
502526,1000,1,1,130.0,True
502736,1000,1,1,4.0,True
502867,1000,1,1,170.0,True
502891,1000,1,1,105.0,True
502906,1000,1,1,20.0,True
502997,1000,1,1,95.0,True
503176,1000,2,2,175.0,True
503182,1000,1,1,875.0,True
503202,1000,1,0,,False
503203,1000,2,2,54.0,True
503470,1000,1,1,45.0,True
503471,1000,1,1,72.0,True
503542,1000,1,1,25.0,True
503602,1000,1,1,21.0,True
503643,1000,1,0,,False
503736,1000,1,0,,False
503802,1000,1,1,1.0,True
503880,1000,1,0,,False
50393,1000,2,1,640.0,True
504297,1000,1,1,58.0,True
504344,1000,1,1,33.0,True
504671,1000,1,1,12.0,True
504860,1000,1,1,3.0,True
505372,1000,1,1,1.0,True
505464,1000,1,0,,False
505638,1000,1,1,5.0,True
50567,1000,1,0,,False
5058,1000,1,1,1.0,True
505945,1000,1,1,39.0,True
505975,1000,1,1,1.0,True
50598,1000,1,0,,False
506092,1000,1,1,3.0,True
506107,1000,1,1,769.0,True
506281,1000,1,0,,False
50643,1000,1,1,22.0,True
506535,1000,1,1,7.0,True
506696,1000,1,1,65.0,True
506831,1000,1,0,,False
50692,1000,1,1,34.0,True
507014,1000,1,0,,False
507036,1000,1,1,88.0,True
50711,1000,1,1,1.0,True
507164,1000,2,2,8.0,True
507281,1000,1,1,107.0,True
5075,1000,1,1,9.0,True
507624,1000,1,1,340.0,True
50772,1000,1,1,259.0,True
507839,1000,1,1,859.0,True
50791,1000,1,1,7.0,True
50795,1000,1,1,543.0,True
508060,1000,1,1,373.0,True
50807,1000,1,1,14.0,True
508070,1000,1,0,,False
508103,1000,1,0,,False
508172,1000,1,1,1.0,True
508233,1000,1,1,891.0,True
508268,1000,1,1,40.0,True
50832,1000,1,1,650.0,True
508339,1000,1,1,76.0,True
508400,1000,1,1,61.0,True
508530,1000,1,1,7.0,True
508568,1000,1,1,73.0,True
508678,1000,1,0,,False
508877,1000,3,2,45.0,True
509014,1000,1,1,2.0,True
509194,1000,1,1,152.0,True
509723,1000,1,1,952.0,True
509729,1000,2,1,529.0,True
509840,1000,1,0,,False
510112,1000,1,1,108.0,True
510401,1000,1,1,6.0,True
510405,1000,1,1,75.0,True
510503,1000,1,0,,False
510578,1000,1,1,95.0,True
510592,1000,1,1,1.0,True
510792,1000,1,1,5.0,True
51091,1000,1,1,242.0,True
511065,1000,1,1,7.0,True
511119,1000,1,1,3.0,True
511198,1000,1,1,7.0,True
511231,1000,1,1,1.0,True
511306,1000,1,1,2.0,True
511312,1000,1,0,,False
511421,1000,1,1,196.0,True
511480,1000,1,1,4.0,True
511909,1000,1,1,46.0,True
511975,1000,1,1,12.0,True
512008,1000,1,1,889.0,True
512049,1000,1,1,8.0,True
512249,1000,1,1,5.0,True
512275,1000,1,1,79.0,True
512366,1000,1,1,2.0,True
512585,1000,1,1,13.0,True
512647,1000,1,1,159.0,True
512683,1000,1,1,3.0,True
512719,1000,1,0,,False
513115,1000,1,1,1.0,True
513311,1000,1,1,5.0,True
513378,1000,1,1,6.0,True
513423,1000,1,1,145.0,True
513526,1000,1,1,183.0,True
513663,1000,1,1,43.0,True
513731,1000,1,1,1.0,True
513946,1000,1,1,22.0,True
514006,1000,1,1,8.0,True
514018,1000,1,1,52.0,True
514415,1000,1,1,73.0,True
514610,1000,1,1,20.0,True
514689,1000,1,1,180.0,True
51490,1000,1,1,1.0,True
5151,1000,2,2,3.0,True
515110,1000,1,1,156.0,True
515204,1000,1,0,,False
515250,1000,1,1,9.0,True
515263,1000,1,0,,False
515361,1000,1,1,2.0,True
515693,1000,1,1,42.0,True
515928,1000,1,1,5.0,True
515957,1000,1,1,1.0,True
516031,1000,1,0,,False
516115,1000,1,1,175.0,True
516354,1000,1,1,2.0,True
516376,1000,1,1,4.0,True
516394,1000,1,1,81.0,True
516694,1000,1,1,1.0,True
516817,1000,2,2,9.0,True
516993,1000,1,1,2.0,True
517058,1000,1,0,,False
517104,1000,1,0,,False
517105,1000,1,1,61.0,True
517394,1000,4,4,2.0,True
517500,1000,1,1,10.0,True
517526,1000,1,1,82.0,True
517556,1000,1,1,77.0,True
517661,1000,1,0,,False
517688,1000,1,1,400.0,True
517695,1000,1,1,8.0,True
517724,1000,1,0,,False
517739,1000,1,1,66.0,True
517899,1000,1,1,9.0,True
517900,1000,1,1,323.0,True
517922,1000,1,1,496.0,True
517981,1000,1,1,648.0,True
518071,1000,1,1,1.0,True
518177,1000,1,0,,False
518221,1000,1,1,1.0,True
518349,1000,1,1,387.0,True
518351,1000,1,1,12.0,True
518368,1000,1,1,25.0,True
518404,1000,1,1,37.0,True
518411,1000,1,1,1.0,True
518507,1000,1,1,90.0,True
518585,1000,1,1,24.0,True
518610,1000,1,0,,False
518831,1000,1,1,3.0,True
519161,1000,1,0,,False
519254,1000,1,1,12.0,True
519704,1000,1,1,2.0,True
519765,793,1,1,8.0,True
519982,1000,1,1,1.0,True
519996,1000,1,1,2.0,True
520012,1000,1,1,1.0,True
520076,1000,1,1,96.0,True
520234,1000,1,1,1.0,True
520243,1000,1,0,,False
520343,1000,1,1,51.0,True
520362,1000,1,1,84.0,True
520505,1000,2,1,14.0,True
520594,1000,2,1,389.0,True
520621,1000,1,1,4.0,True
520642,1000,1,0,,False
520818,1000,1,1,20.0,True
520880,1000,1,1,1.0,True
521209,1000,1,0,,False
521223,1000,1,1,67.0,True
521252,1000,1,0,,False
52145,1000,1,1,4.0,True
521538,1000,1,0,,False
52164,1000,1,0,,False
521737,1000,1,0,,False
521815,1000,1,1,1.0,True
521853,1000,1,1,129.0,True
522233,1000,1,1,24.0,True
522311,1000,1,1,1.0,True
522746,1000,1,0,,False
522784,1000,1,1,5.0,True
52307,1000,1,1,2.0,True
523078,1000,1,1,838.0,True
523124,1000,1,1,159.0,True
523307,1000,1,1,3.0,True
523348,1000,1,1,4.0,True
523349,1000,1,1,30.0,True
52338,1000,1,1,7.0,True
523725,1000,1,0,,False
52374,1000,1,1,39.0,True
523784,1000,1,1,18.0,True
523805,1000,1,1,8.0,True
523811,1000,1,0,,False
523835,1000,1,1,967.0,True
524016,1000,1,1,1.0,True
524022,1000,1,1,38.0,True
52407,1000,1,1,10.0,True
524124,1000,1,1,105.0,True
524195,1000,1,0,,False
524243,1000,1,1,1.0,True
524400,1000,2,2,2.0,True
524457,1000,1,1,1.0,True
524746,1000,1,1,81.0,True
524756,1000,1,1,190.0,True
524806,1000,1,1,1.0,True
524969,1000,1,1,81.0,True
525204,1000,1,0,,False
525370,1000,1,1,9.0,True
52544,1000,1,1,1.0,True
525491,1000,1,1,2.0,True
525577,1000,1,0,,False
525782,1000,1,1,2.0,True
526197,1000,1,1,6.0,True
526268,1000,2,1,23.0,True
526276,1000,1,1,75.0,True
526333,1000,2,1,348.0,True
52635,1000,1,0,,False
526378,1000,1,1,24.0,True
526443,1000,6,2,54.0,True
526498,1000,1,1,1.0,True
526741,1000,1,1,1.0,True
526801,1000,1,1,17.0,True
526810,1000,1,0,,False
52684,1000,1,1,612.0,True
526932,1000,1,0,,False
527084,1000,3,1,634.0,True
527118,1000,1,1,5.0,True
527427,1000,2,1,1.0,True
527775,1000,3,2,51.0,True
527983,1000,2,1,4.0,True
52815,1000,1,1,123.0,True
52816,1000,1,0,,False
528226,1000,1,1,3.0,True
528489,1000,1,1,9.0,True
529187,1000,1,1,6.0,True
529319,1000,1,1,15.0,True
529699,1000,1,1,4.0,True
529947,1000,1,0,,False
530091,1000,1,1,587.0,True
530146,1000,1,1,1.0,True
530337,1000,1,1,6.0,True
530370,1000,1,0,,False
530427,1000,1,1,2.0,True
530537,1000,1,1,51.0,True
530795,1000,1,1,79.0,True
530818,1000,1,1,1.0,True
531103,1000,1,1,209.0,True
531324,1000,1,1,722.0,True
531502,1000,1,0,,False
531563,1000,1,1,10.0,True
531607,1000,1,1,1.0,True
531689,1000,1,0,,False
531780,1000,1,1,2.0,True
531911,1000,1,0,,False
531995,1000,1,1,22.0,True
53203,1000,2,0,,False
532047,1000,1,0,,False
532127,1000,2,2,2.0,True
53237,1000,1,1,1.0,True
53244,1000,1,1,2.0,True
53266,1000,1,1,268.0,True
532679,1000,1,1,37.0,True
532767,1000,1,1,1.0,True
533177,1000,1,1,9.0,True
533185,1000,1,1,30.0,True
533189,1000,1,1,51.0,True
533263,1000,1,1,580.0,True
533377,1000,1,1,14.0,True
53339,1000,2,2,509.0,True
533436,1000,2,2,1.0,True
53353,1000,1,0,,False
533538,1000,1,1,32.0,True
53367,1000,1,0,,False
533680,1000,1,0,,False
533879,1000,1,1,32.0,True
534059,1000,1,0,,False
534560,1000,1,0,,False
53458,1000,1,1,36.0,True
534628,1000,2,2,70.0,True
534836,1000,1,1,1.0,True
535068,1000,1,1,395.0,True
535380,1000,1,0,,False
535485,1000,1,1,13.0,True
535550,1000,1,1,5.0,True
535636,1000,1,1,9.0,True
535816,1000,1,1,32.0,True
535949,1000,1,1,2.0,True
535998,1000,1,1,4.0,True
536021,1000,1,0,,False
536203,1000,1,1,2.0,True
536398,1000,1,1,131.0,True
536447,1000,1,1,7.0,True
536604,1000,2,1,63.0,True
536762,1000,1,1,5.0,True
536947,1000,1,1,5.0,True
53695,1000,1,1,10.0,True
536950,1000,1,1,448.0,True
537006,1000,1,1,1.0,True
537098,1000,1,1,5.0,True
53753,1000,1,1,964.0,True
537673,1000,1,1,1.0,True
537918,1000,1,0,,False
537941,1000,2,0,,False
537998,1000,1,1,9.0,True
538037,1000,1,1,600.0,True
538206,1000,2,2,2.0,True
538208,1000,2,1,444.0,True
53833,1000,1,1,137.0,True
538489,782,1,1,37.0,True
538532,1000,1,1,3.0,True
538568,1000,1,1,1.0,True
538578,1000,1,0,,False
538656,1000,1,1,39.0,True
538672,1000,1,1,69.0,True
538681,1000,1,1,449.0,True
539146,1000,1,1,949.0,True
539153,1000,1,0,,False
539220,1000,1,1,139.0,True
539336,1000,1,0,,False
539397,1000,1,1,12.0,True
539399,1000,1,1,7.0,True
539441,1000,2,2,239.0,True
539588,1000,1,1,3.0,True
53961,1000,1,0,,False
539701,1000,1,1,16.0,True
539725,1000,1,1,1.0,True
539797,1000,1,1,1.0,True
539886,1000,1,1,1.0,True
539930,1000,1,1,17.0,True
540045,1000,1,1,100.0,True
540134,1000,1,1,15.0,True
540298,1000,1,1,12.0,True
540303,1000,1,1,1.0,True
540374,1000,1,1,18.0,True
54038,1000,1,1,2.0,True
540406,1000,1,1,2.0,True
540546,1000,1,1,69.0,True
540561,1000,1,0,,False
54061,1000,1,1,1.0,True
540665,1000,1,1,3.0,True
540773,1000,1,1,1.0,True
540839,1000,1,1,72.0,True
540972,1000,1,1,2.0,True
541119,1000,1,1,20.0,True
541226,1000,2,0,,False
541286,1000,1,1,4.0,True
541462,1000,1,1,2.0,True
54150,1000,1,1,78.0,True
541683,1000,1,0,,False
541752,1000,1,1,1.0,True
541765,1000,1,1,949.0,True
541804,1000,1,0,,False
541983,1000,1,1,165.0,True
542091,1000,1,0,,False
542237,1000,2,0,,False
542249,1000,1,0,,False
542464,1000,1,0,,False
542514,1000,1,1,5.0,True
5427,1000,1,1,29.0,True
542715,1000,1,0,,False
542922,1000,2,2,68.0,True
543042,1000,1,1,23.0,True
543399,1000,1,1,1.0,True
543694,1000,1,1,652.0,True
543779,1000,1,0,,False
543811,1000,1,1,484.0,True
543824,1000,1,1,4.0,True
543908,1000,1,1,2.0,True
544069,1000,1,1,170.0,True
544446,1000,2,2,2.0,True
544505,1000,1,1,2.0,True
544507,1000,1,1,110.0,True
54467,1000,1,1,3.0,True
545013,1000,1,1,42.0,True
545032,1000,1,0,,False
545060,1000,1,1,48.0,True
545243,1000,1,0,,False
545596,1000,1,0,,False
545676,1000,1,1,1.0,True
545700,1000,2,2,3.0,True
545781,1000,1,1,1.0,True
54583,1000,1,1,11.0,True
545840,1000,1,1,10.0,True
545923,1000,2,2,4.0,True
546066,1000,1,1,353.0,True
546128,1000,1,1,4.0,True
546139,1000,1,1,1.0,True
546150,1000,1,1,1.0,True
546567,1000,1,1,33.0,True
546625,1000,1,1,3.0,True
546709,1000,1,1,24.0,True
546731,1000,1,1,5.0,True
546736,1000,1,1,16.0,True
546940,1000,1,1,1.0,True
547043,1000,2,2,2.0,True
547150,1000,2,2,1.0,True
547203,1000,1,0,,False
547380,1000,1,1,1.0,True
547391,1000,2,0,,False
547441,1000,1,1,339.0,True
547480,1000,3,2,2.0,True
547495,1000,1,1,10.0,True
547672,1000,1,1,2.0,True
547691,1000,1,1,12.0,True
547697,1000,1,1,58.0,True
54784,1000,1,1,8.0,True
548012,1000,2,1,329.0,True
548100,1000,1,1,2.0,True
548735,1000,1,1,5.0,True
548818,1000,1,1,189.0,True
548856,1000,1,1,485.0,True
548901,1000,1,1,109.0,True
549069,1000,1,1,1.0,True
549100,1000,1,1,151.0,True
549147,1000,1,1,5.0,True
549182,1000,1,0,,False
549189,1000,1,0,,False
549201,1000,1,1,237.0,True
549294,1000,1,0,,False
549305,1000,1,1,1.0,True
549307,1000,1,1,4.0,True
549329,1000,1,1,2.0,True
549350,1000,1,1,265.0,True
549388,1000,1,1,174.0,True
549411,1000,1,1,1.0,True
54957,1000,1,1,437.0,True
549698,1000,1,1,1.0,True
549769,1000,1,1,22.0,True
550127,1000,1,1,2.0,True
550129,1000,1,1,38.0,True
5502,1000,1,1,36.0,True
550388,1000,1,1,61.0,True
550597,1000,1,0,,False
550640,1000,1,1,311.0,True
550653,1000,1,1,4.0,True
550705,1000,1,1,1.0,True
550727,1000,1,1,11.0,True
550814,1000,1,1,37.0,True
550909,1000,1,1,2.0,True
550962,1000,2,2,29.0,True
551049,1000,1,1,27.0,True
551109,1000,1,1,25.0,True
551161,1000,1,1,328.0,True
551186,1000,1,1,9.0,True
551250,1000,1,1,192.0,True
551265,1000,1,0,,False
551360,1000,1,1,13.0,True
551433,1000,1,1,2.0,True
551439,1000,1,1,171.0,True
551560,1000,1,1,603.0,True
551762,1000,1,1,260.0,True
551836,1000,1,1,57.0,True
551902,1000,1,0,,False
552146,1000,1,1,20.0,True
552192,1000,1,1,319.0,True
552224,1000,1,1,1.0,True
552445,1000,1,1,1.0,True
552465,1000,1,1,1.0,True
552532,1000,1,0,,False
55257,1000,1,1,3.0,True
55259,1000,1,1,780.0,True
552599,1000,1,1,15.0,True
552651,1000,1,1,25.0,True
552705,1000,1,1,47.0,True
552779,1000,1,1,6.0,True
552840,1000,1,1,218.0,True
552853,1000,2,2,4.0,True
552857,1000,1,1,40.0,True
552862,1000,2,1,217.0,True
552866,1000,1,1,1.0,True
552930,1000,1,1,1.0,True
552941,1000,1,1,3.0,True
552977,1000,1,1,4.0,True
552985,1000,1,1,4.0,True
553380,1000,1,1,20.0,True
553582,1000,2,1,1.0,True
553716,1000,1,1,3.0,True
554127,1000,1,1,492.0,True
554347,1000,1,1,487.0,True
554395,1000,1,1,1.0,True
554473,1000,1,1,41.0,True
554775,1000,1,1,16.0,True
554811,1000,1,1,1.0,True
55495,1000,1,1,24.0,True
555010,1000,2,1,6.0,True
555156,1000,1,0,,False
555232,1000,1,1,21.0,True
555270,1000,3,0,,False
555466,1000,1,1,1.0,True
555613,1000,1,1,9.0,True
555658,1000,1,0,,False
555707,1000,1,1,2.0,True
555878,1000,1,0,,False
555929,1000,1,0,,False
555969,1000,2,2,296.0,True
556003,1000,1,1,191.0,True
556024,1000,1,1,1.0,True
556146,1000,1,1,2.0,True
556188,1000,1,1,7.0,True
556219,1000,2,1,448.0,True
556286,1000,1,0,,False
556382,1000,1,1,131.0,True
556460,1000,1,0,,False
55651,1000,1,1,11.0,True
556572,1000,1,0,,False
556822,1000,1,1,1.0,True
55683,1000,1,1,51.0,True
55709,1000,1,1,1.0,True
55714,1000,1,1,1.0,True
557143,1000,2,2,62.0,True
557146,1000,1,1,26.0,True
557490,1000,1,1,13.0,True
5575,1000,1,1,139.0,True
557532,1000,2,0,,False
557644,1000,1,0,,False
557782,1000,1,1,574.0,True
558005,1000,1,1,621.0,True
55808,1000,1,1,1.0,True
558183,1000,1,1,43.0,True
558197,1000,1,1,27.0,True
558227,1000,1,0,,False
558258,1000,1,0,,False
558310,1000,1,1,3.0,True
558449,1000,1,1,170.0,True
5585,1000,1,1,3.0,True
558597,1000,1,1,10.0,True
558603,1000,1,1,3.0,True
558784,1000,1,1,282.0,True
558879,1000,1,1,687.0,True
559031,1000,1,1,38.0,True
559248,1000,1,1,22.0,True
559316,1000,1,1,104.0,True
559403,1000,1,1,12.0,True
559407,1000,1,0,,False
55944,1000,1,0,,False
55970,1000,1,1,358.0,True
559733,1000,1,1,76.0,True
559831,1000,2,1,28.0,True
559865,1000,1,0,,False
559971,1000,1,1,77.0,True
559993,1000,1,1,13.0,True
560080,1000,1,1,11.0,True
560127,1000,1,0,,False
560193,1000,1,1,36.0,True
560194,1000,1,1,52.0,True
560227,1000,1,0,,False
560242,1000,1,1,14.0,True
560459,1000,1,1,2.0,True
560594,1000,1,1,640.0,True
560686,1000,1,1,31.0,True
560716,1000,1,1,1.0,True
560857,1000,1,1,41.0,True
560937,1000,1,0,,False
561267,1000,1,1,19.0,True
561348,1000,1,1,3.0,True
561467,1000,1,0,,False
561546,1000,1,1,2.0,True
561557,1000,1,1,4.0,True
561591,1000,1,0,,False
561641,1000,1,0,,False
561787,1000,1,1,378.0,True
562057,1000,1,1,23.0,True
562116,1000,1,1,54.0,True
56222,1000,1,1,319.0,True
562334,1000,1,1,2.0,True
562342,1000,1,1,4.0,True
56251,1000,1,1,2.0,True
562764,1000,1,1,37.0,True
562776,1000,1,1,167.0,True
562789,1000,1,1,388.0,True
562885,1000,1,1,653.0,True
562988,1000,1,1,24.0,True
563036,1000,1,1,14.0,True
563077,1000,1,0,,False
563171,1000,1,0,,False
563229,1000,1,1,59.0,True
563235,1000,1,0,,False
563265,1000,1,1,4.0,True
563560,1000,2,2,17.0,True
563680,1000,1,1,64.0,True
563733,1000,1,1,12.0,True
563734,1000,1,0,,False
563753,1000,1,1,21.0,True
56390,1000,1,1,14.0,True
563908,1000,1,1,43.0,True
563997,1000,1,1,47.0,True
564027,1000,1,1,368.0,True
564160,1000,1,0,,False
564192,1000,1,0,,False
564239,1000,1,0,,False
564308,1000,1,1,49.0,True
564346,1000,1,1,5.0,True
56436,1000,1,1,18.0,True
564507,1000,1,1,13.0,True
564522,1000,1,1,6.0,True
564648,1000,1,1,2.0,True
564834,1000,1,1,3.0,True
564859,1000,1,1,3.0,True
564962,1000,1,1,131.0,True
564970,1000,1,1,31.0,True
565035,1000,1,1,10.0,True
565062,1000,1,1,1.0,True
565127,1000,1,0,,False
565150,1000,2,2,3.0,True
565311,1000,1,1,1.0,True
565312,1000,2,2,26.0,True
565421,1000,1,1,160.0,True
565453,1000,1,0,,False
565551,1000,1,1,5.0,True
565812,1000,1,1,40.0,True
565848,1000,1,1,14.0,True
565931,1000,1,1,16.0,True
566000,1000,1,1,620.0,True
566030,1000,1,0,,False
566046,1000,1,1,222.0,True
566126,1000,1,1,15.0,True
56613,1000,1,1,68.0,True
566228,1000,1,1,145.0,True
56626,1000,1,1,37.0,True
566384,1000,1,0,,False
566501,1000,1,1,3.0,True
566503,1000,1,0,,False
56656,1000,1,1,10.0,True
566750,1000,1,1,1.0,True
566795,1000,1,1,1.0,True
566812,1000,1,0,,False
566936,1000,1,1,16.0,True
567160,1000,1,1,35.0,True
567428,1000,1,1,25.0,True
567506,1000,2,1,10.0,True
567539,1000,2,2,4.0,True
567564,1000,1,1,170.0,True
567655,1000,2,0,,False
567687,1000,1,1,6.0,True
567738,1000,1,1,9.0,True
567785,1000,1,1,571.0,True
567805,1000,1,1,78.0,True
567897,1000,1,1,618.0,True
567923,1000,1,1,463.0,True
567925,1000,1,1,51.0,True
568012,1000,2,2,3.0,True
568015,1000,1,1,77.0,True
568022,1000,1,1,9.0,True
568069,1000,1,1,47.0,True
568180,1000,1,1,6.0,True
568303,1000,1,1,34.0,True
568325,1000,1,1,173.0,True
568600,1000,1,0,,False
568678,1000,1,1,46.0,True
568929,1000,1,1,11.0,True
569129,1000,1,0,,False
569147,1000,2,1,17.0,True
569174,1000,1,1,3.0,True
5692,1000,1,1,326.0,True
569331,1000,1,1,50.0,True
569338,1000,1,1,122.0,True
569395,1000,1,0,,False
56946,1000,1,1,1.0,True
569710,1000,1,0,,False
56977,1000,1,1,20.0,True
569934,1000,1,1,31.0,True
570197,1000,1,1,61.0,True
570265,1000,1,1,259.0,True
570332,1000,1,1,3.0,True
570342,1000,1,1,20.0,True
57047,1000,1,1,7.0,True
570582,1000,1,0,,False
570731,1000,1,1,2.0,True
570764,1000,1,1,9.0,True
570925,1000,1,1,140.0,True
570929,1000,1,1,546.0,True
571084,1000,2,2,32.0,True
571117,1000,3,1,54.0,True
571203,1000,1,1,157.0,True
571219,1000,1,1,332.0,True
571274,1000,1,0,,False
571317,1000,1,1,1.0,True
571355,1000,1,1,21.0,True
571524,1000,1,1,41.0,True
571556,1000,1,0,,False
571566,1000,1,1,598.0,True
571679,1000,1,1,12.0,True
571733,1000,1,1,231.0,True
571843,1000,1,1,86.0,True
571882,1000,2,0,,False
571907,1000,1,1,11.0,True
571970,1000,1,1,11.0,True
571998,1000,1,1,987.0,True
572395,1000,1,1,2.0,True
572497,1000,1,1,8.0,True
572540,1000,1,0,,False
572592,1000,1,1,69.0,True
572943,1000,2,0,,False
572973,1000,1,1,1.0,True
572977,1000,1,1,9.0,True
573023,1000,1,1,225.0,True
573085,1000,1,0,,False
573178,1000,1,1,81.0,True
57319,1000,1,0,,False
573272,1000,1,1,1.0,True
573294,1000,1,1,96.0,True
573299,1000,1,0,,False
573610,1000,2,0,,False
573733,1000,1,0,,False
573744,1000,1,0,,False
573767,1000,1,1,2.0,True
574000,1000,1,1,371.0,True
574152,1000,1,1,377.0,True
574162,1000,3,2,129.0,True
574265,1000,1,1,90.0,True
574298,1000,1,1,1.0,True
574447,1000,1,1,41.0,True
574705,1000,1,1,1.0,True
574833,1000,2,1,7.0,True
574881,1000,1,1,22.0,True
574897,1000,1,1,2.0,True
57505,1000,1,1,98.0,True
575107,1000,1,1,60.0,True
57517,1000,2,2,8.0,True
575285,1000,3,0,,False
575386,1000,1,1,183.0,True
575434,1000,1,1,65.0,True
575495,1000,2,2,3.0,True
575576,1000,1,0,,False
575583,1000,1,1,331.0,True
575684,1000,1,1,1.0,True
575936,1000,1,1,116.0,True
575947,1000,1,1,35.0,True
576,1000,1,0,,False
576080,1000,1,1,195.0,True
576130,1000,1,0,,False
576214,1000,2,2,13.0,True
576372,1000,1,0,,False
576403,1000,2,2,141.0,True
576414,1000,1,1,65.0,True
576592,1000,1,1,7.0,True
576715,1000,1,0,,False
576728,1000,1,0,,False
576820,1000,1,0,,False
576821,1000,1,1,1.0,True
576891,1000,1,1,658.0,True
577394,1000,1,1,36.0,True
577514,1000,1,1,105.0,True
577786,1000,1,1,442.0,True
577800,1000,1,0,,False
57790,1000,1,1,241.0,True
577951,1000,1,1,87.0,True
578176,1000,1,1,86.0,True
578255,1000,1,1,352.0,True
578274,1000,1,1,33.0,True
578293,1000,1,1,1.0,True
578355,1000,1,1,10.0,True
578373,1000,1,1,4.0,True
578598,1000,1,1,25.0,True
578603,1000,1,1,1.0,True
578788,1000,1,1,32.0,True
578872,1000,1,1,15.0,True
579026,1000,1,1,27.0,True
579093,1000,1,0,,False
57920,1000,1,1,219.0,True
579314,1000,1,0,,False
579384,1000,1,1,205.0,True
579436,1000,1,0,,False
579588,1000,1,0,,False
579764,1000,1,1,5.0,True
579841,1000,1,1,80.0,True
58007,1000,1,1,4.0,True
580104,1000,1,1,5.0,True
580275,1000,1,0,,False
580403,1000,1,1,19.0,True
580695,1000,1,1,918.0,True
580751,1000,1,0,,False
580833,1000,1,0,,False
580835,1000,1,0,,False
581049,1000,1,1,529.0,True
581184,1000,2,2,43.0,True
581212,1000,1,1,375.0,True
581266,1000,4,4,1.0,True
581318,1000,2,2,106.0,True
581328,1000,2,2,237.0,True
581440,1000,1,0,,False
581470,1000,1,0,,False
581498,1000,4,0,,False
581603,1000,1,1,440.0,True
581749,1000,1,1,5.0,True
581794,1000,1,0,,False
581826,1000,2,2,273.0,True
58185,1000,1,1,2.0,True
581938,1000,1,1,738.0,True
581947,1000,1,1,634.0,True
582109,1000,1,0,,False
582530,1000,3,1,45.0,True
582582,1000,1,1,288.0,True
582733,1000,1,1,71.0,True
582766,1000,1,1,4.0,True
582929,1000,2,1,21.0,True
583040,1000,1,1,288.0,True
583054,1000,1,1,8.0,True
583066,1000,1,1,171.0,True
583157,1000,1,0,,False
583195,1000,1,1,214.0,True
583231,1000,1,1,4.0,True
583358,1000,1,1,2.0,True
583631,1000,1,1,5.0,True
58366,1000,1,0,,False
583669,1000,1,1,143.0,True
583697,1000,1,1,67.0,True
583778,1000,1,0,,False
583952,1000,1,0,,False
583992,1000,1,0,,False
584071,1000,1,1,177.0,True
584326,1000,1,0,,False
584445,1000,1,0,,False
584504,1000,1,1,151.0,True
584515,1000,1,1,2.0,True
584534,1000,1,1,26.0,True
584535,1000,1,1,26.0,True
584663,1000,2,0,,False
584664,1000,1,0,,False
584666,1000,3,3,48.0,True
58475,1000,1,1,241.0,True
584810,1000,1,1,257.0,True
584937,1000,1,1,23.0,True
584999,1000,1,1,811.0,True
58504,1000,1,1,71.0,True
585268,1000,1,1,141.0,True
585557,1000,1,1,97.0,True
585558,1000,1,1,86.0,True
585570,1000,1,0,,False
585801,1000,1,0,,False
586045,1000,1,0,,False
586062,1000,2,2,9.0,True
586631,1000,1,1,2.0,True
586840,1000,1,1,149.0,True
58690,1000,1,0,,False
587082,1000,2,2,29.0,True
587218,1000,1,1,47.0,True
587397,1000,1,1,1.0,True
587607,1000,1,1,6.0,True
587650,1000,1,1,55.0,True
587670,1000,1,0,,False
587802,1000,3,0,,False
587822,1000,1,1,89.0,True
587963,1000,1,1,146.0,True
588130,1000,1,1,66.0,True
588141,1000,1,1,13.0,True
588239,1000,1,0,,False
588492,1000,1,0,,False
588522,1000,1,1,54.0,True
588586,1000,2,2,2.0,True
588651,1000,1,1,10.0,True
588684,1000,1,0,,False
588803,1000,1,1,43.0,True
588821,1000,1,1,4.0,True
589174,1000,1,1,90.0,True
589828,1000,1,1,6.0,True
589845,1000,1,1,54.0,True
589933,1000,1,0,,False
590104,1000,1,1,169.0,True
590250,1000,2,2,1.0,True
590269,1000,1,0,,False
590628,1000,1,0,,False
59066,1000,1,1,3.0,True
59068,1000,1,1,11.0,True
590994,1000,1,1,27.0,True
591092,1000,1,0,,False
591173,1000,1,1,5.0,True
591468,1000,1,1,3.0,True
591503,1000,2,0,,False
591528,1000,1,1,64.0,True
59166,1000,1,1,6.0,True
591671,1000,1,0,,False
592001,1000,1,1,118.0,True
592021,1000,1,0,,False
592123,1000,2,0,,False
592259,1000,1,1,166.0,True
592449,1000,1,1,262.0,True
592555,1000,1,0,,False
592645,1000,1,1,25.0,True
592877,1000,1,1,31.0,True
593063,1000,1,0,,False
593081,1000,1,1,12.0,True
593114,1000,1,0,,False
593120,1000,2,1,452.0,True
593156,1000,1,1,1.0,True
593187,1000,1,1,61.0,True
593312,1000,2,0,,False
593371,1000,1,1,3.0,True
593553,1000,1,1,31.0,True
593566,1000,1,1,399.0,True
59357,1000,1,1,1.0,True
593571,1000,1,1,249.0,True
593605,1000,1,1,124.0,True
59366,1000,1,1,81.0,True
593879,1000,1,1,940.0,True
593934,1000,1,0,,False
59404,1000,4,2,3.0,True
594085,1000,1,1,58.0,True
594204,1000,1,1,125.0,True
594316,1000,1,1,12.0,True
594332,1000,1,0,,False
594351,1000,1,1,4.0,True
594452,1000,1,1,42.0,True
594483,1000,1,1,291.0,True
594685,1000,1,1,15.0,True
594702,1000,1,1,18.0,True
594739,1000,1,1,7.0,True
595135,1000,1,0,,False
595183,1000,1,1,295.0,True
595486,1000,1,1,63.0,True
595603,1000,1,1,56.0,True
595605,1000,1,1,700.0,True
595634,1000,1,0,,False
595673,1000,1,1,59.0,True
595716,1000,1,1,2.0,True
595919,1000,1,1,2.0,True
595979,1000,1,1,3.0,True
596146,1000,1,1,6.0,True
596216,1000,1,1,5.0,True
596246,1000,1,1,24.0,True
596318,1000,1,1,916.0,True
596344,1000,1,0,,False
59637,1000,1,1,26.0,True
596418,1000,1,1,9.0,True
596556,1000,2,1,4.0,True
596677,1000,1,1,499.0,True
596820,1000,1,1,115.0,True
596921,1000,1,1,23.0,True
596978,1000,1,1,108.0,True
597011,1000,1,0,,False
597170,1000,1,0,,False
59744,1000,1,1,41.0,True
597460,1000,1,1,278.0,True
597528,1000,1,0,,False
597677,1000,1,1,26.0,True
597804,1000,1,1,2.0,True
597963,1000,1,1,188.0,True
597971,1000,1,1,26.0,True
598114,1000,1,0,,False
598183,1000,1,1,37.0,True
598220,1000,1,1,1.0,True
598387,1000,1,1,3.0,True
598674,1000,1,0,,False
598756,1000,1,1,1.0,True
598865,1000,1,1,1.0,True
598971,1000,1,1,779.0,True
599089,1000,1,1,5.0,True
599232,1000,1,1,13.0,True
599239,1000,1,1,2.0,True
599431,1000,1,0,,False
59951,1000,1,1,12.0,True
599651,1000,2,1,3.0,True
599767,1000,1,0,,False
599856,1000,1,1,26.0,True
599858,1000,1,1,4.0,True
59990,1000,1,1,76.0,True
600282,1000,1,1,77.0,True
600513,1000,1,1,22.0,True
600616,1000,1,1,482.0,True
600718,1000,1,1,15.0,True
600981,1000,1,1,154.0,True
601361,1000,1,1,347.0,True
601365,1000,2,0,,False
601480,1000,1,1,84.0,True
601680,1000,1,0,,False
601721,1000,1,1,67.0,True
601838,1000,1,1,4.0,True
601911,1000,1,1,4.0,True
601933,1000,1,1,2.0,True
602112,1000,1,1,2.0,True
60214,1000,1,1,16.0,True
602406,1000,1,1,5.0,True
602454,1000,1,1,7.0,True
602467,1000,2,2,1.0,True
602487,1000,1,1,5.0,True
602593,1000,1,1,279.0,True
602620,1000,1,1,65.0,True
602658,1000,1,1,91.0,True
60268,1000,1,1,3.0,True
602843,1000,1,1,3.0,True
60294,1000,2,2,4.0,True
602993,1000,1,1,2.0,True
603004,1000,1,1,6.0,True
603023,1000,1,1,4.0,True
603163,1000,1,1,1.0,True
603258,1000,1,1,2.0,True
603272,1000,1,1,1.0,True
603338,1000,1,1,17.0,True
603434,1000,1,1,28.0,True
603475,1000,1,1,3.0,True
603485,1000,1,1,19.0,True
603487,1000,1,1,8.0,True
603502,1000,1,1,147.0,True
603592,1000,1,1,57.0,True
603595,1000,1,1,10.0,True
60360,1000,1,1,4.0,True
603667,1000,1,1,324.0,True
603684,1000,1,1,1.0,True
603780,1000,1,1,19.0,True
603804,1000,1,1,14.0,True
603885,1000,1,1,247.0,True
60395,1000,1,1,14.0,True
604105,1000,1,1,4.0,True
604116,1000,1,1,11.0,True
604122,1000,1,1,118.0,True
604130,1000,1,1,68.0,True
604178,1000,1,1,1.0,True
604251,1000,1,1,2.0,True
604285,1000,1,1,3.0,True
604295,1000,2,2,3.0,True
604353,1000,1,1,259.0,True
604446,1000,1,1,19.0,True
604454,1000,1,1,20.0,True
604591,1000,1,1,1.0,True
604609,1000,1,1,248.0,True
604711,1000,1,1,22.0,True
60477,1000,1,1,9.0,True
605018,1000,1,1,280.0,True
605088,1000,1,1,22.0,True
605176,1000,1,1,3.0,True
605207,1000,1,1,496.0,True
60531,1000,1,1,7.0,True
605310,1000,1,1,2.0,True
605396,1000,1,1,9.0,True
605640,1000,1,1,3.0,True
605782,1000,1,1,34.0,True
605812,1000,1,1,1.0,True
605897,1000,1,1,3.0,True
606098,1000,1,1,7.0,True
60616,1000,1,1,20.0,True
606166,1000,2,2,51.0,True
606298,1000,1,1,19.0,True
606368,1000,1,1,5.0,True
606376,1000,1,1,1.0,True
606419,1000,1,1,128.0,True
606755,1000,1,1,367.0,True
606839,1000,1,1,27.0,True
606868,1000,1,1,9.0,True
607002,1000,1,1,55.0,True
607004,1000,1,0,,False
607069,1000,1,1,12.0,True
607127,1000,1,1,27.0,True
607142,1000,1,1,5.0,True
607180,1000,1,1,9.0,True
607199,1000,1,1,1.0,True
607220,1000,2,2,27.0,True
607331,1000,1,1,10.0,True
607387,1000,1,1,4.0,True
607419,1000,1,1,18.0,True
607481,1000,1,1,367.0,True
607522,1000,1,1,3.0,True
607594,1000,1,1,24.0,True
607618,1000,1,1,8.0,True
607746,1000,1,1,30.0,True
607798,1000,1,1,4.0,True
607834,1000,1,1,63.0,True
607891,1000,1,1,3.0,True
607912,1000,1,1,1.0,True
608051,1000,1,1,1.0,True
608204,1000,1,1,11.0,True
608226,1000,1,1,3.0,True
608306,1000,1,1,16.0,True
608339,1000,1,1,11.0,True
608473,1000,1,1,2.0,True
608545,1000,1,1,2.0,True
608652,1000,1,1,4.0,True
608769,1000,1,1,135.0,True
608818,1000,1,1,20.0,True
608855,1000,1,1,39.0,True
608856,1000,1,1,13.0,True
608994,1000,1,1,3.0,True
609011,1000,1,1,4.0,True
609018,1000,1,0,,False
609042,1000,1,1,8.0,True
609072,1000,1,1,1.0,True
609112,1000,1,1,425.0,True
609154,1000,1,1,18.0,True
609249,1000,1,1,4.0,True
609309,1000,1,1,4.0,True
609421,1000,1,1,185.0,True
609429,1000,1,1,50.0,True
609527,1000,1,1,1.0,True
60961,1000,1,1,1.0,True
609629,1000,1,1,203.0,True
609756,1000,1,1,4.0,True
609758,1000,1,1,9.0,True
609888,1000,1,1,5.0,True
60989,1000,1,1,1.0,True
609898,1000,1,1,169.0,True
609904,1000,1,1,13.0,True
610122,1000,1,1,1.0,True
610370,1000,1,1,433.0,True
610510,1000,1,1,2.0,True
610646,1000,1,1,4.0,True
610656,1000,1,1,1.0,True
610690,1000,1,1,240.0,True
610766,1000,1,1,654.0,True
610875,1000,1,1,3.0,True
610920,1000,1,1,414.0,True
611022,1000,1,1,1.0,True
611050,1000,1,1,2.0,True
611061,1000,1,1,16.0,True
611138,1000,1,1,31.0,True
611167,1000,1,1,146.0,True
611208,1000,1,1,2.0,True
611375,1000,1,1,32.0,True
61146,1000,1,1,1.0,True
611516,1000,1,1,1.0,True
611524,1000,1,1,44.0,True
611661,1000,1,1,10.0,True
611686,1000,1,1,2.0,True
611715,1000,1,1,1.0,True
611734,1000,1,1,84.0,True
611805,1000,1,1,8.0,True
611844,1000,1,1,1.0,True
611894,1000,1,1,32.0,True
612052,1000,1,1,19.0,True
612055,1000,1,1,7.0,True
61237,1000,1,0,,False
612555,1000,1,1,2.0,True
612801,1000,1,1,14.0,True
612994,1000,2,2,1.0,True
613127,1000,1,1,9.0,True
613267,1000,1,1,9.0,True
613320,1000,1,1,7.0,True
613377,1000,1,1,79.0,True
613467,1000,1,1,6.0,True
613628,1000,1,1,148.0,True
613661,1000,1,1,4.0,True
613683,1000,1,1,84.0,True
613758,1000,1,1,91.0,True
613775,1000,1,1,39.0,True
613784,1000,1,1,3.0,True
613857,1000,1,1,99.0,True
613925,1000,1,1,5.0,True
613998,1000,1,1,5.0,True
61409,1000,1,1,1.0,True
61414,1000,1,1,50.0,True
614160,1000,1,0,,False
614212,1000,1,1,10.0,True
614249,1000,1,1,8.0,True
614284,1000,1,1,14.0,True
614333,1000,1,1,4.0,True
614416,1000,1,1,2.0,True
614431,1000,1,1,8.0,True
614458,1000,1,1,2.0,True
614549,1000,1,1,4.0,True
615094,1000,1,1,57.0,True
615140,1000,1,1,365.0,True
615205,1000,1,1,66.0,True
615210,1000,1,1,52.0,True
61524,1000,1,1,2.0,True
615480,1000,1,1,7.0,True
615582,1000,1,1,5.0,True
615604,1000,1,1,42.0,True
615633,1000,1,0,,False
615701,1000,1,1,54.0,True
615793,1000,1,1,78.0,True
615968,1000,1,1,4.0,True
616030,1000,1,1,816.0,True
616070,1000,1,0,,False
616104,1000,1,0,,False
616148,1000,1,1,13.0,True
616165,1000,1,1,4.0,True
616166,1000,1,1,90.0,True
616228,1000,1,1,1.0,True
616438,1000,1,0,,False
616534,1000,1,1,88.0,True
616674,1000,1,1,503.0,True
616889,1000,1,0,,False
6170,1000,1,0,,False
617029,1000,1,1,1.0,True
617083,1000,1,1,65.0,True
61726,1000,1,1,49.0,True
617283,1000,2,2,1.0,True
617415,1000,1,0,,False
617422,1000,1,1,748.0,True
617730,1000,1,1,47.0,True
617758,1000,1,0,,False
617762,1000,1,1,7.0,True
617838,1000,1,1,10.0,True
617963,1000,1,1,111.0,True
617977,1000,1,1,85.0,True
618049,1000,1,1,143.0,True
618172,1000,1,0,,False
618287,1000,1,1,9.0,True
618310,1000,1,0,,False
618434,1000,1,1,270.0,True
6186,1000,1,1,443.0,True
618744,1000,1,1,7.0,True
618766,1000,1,0,,False
61892,1000,1,1,162.0,True
619040,1000,1,1,3.0,True
61922,1000,1,1,502.0,True
619267,1000,1,1,57.0,True
619293,1000,1,1,3.0,True
61931,1000,1,1,90.0,True
619491,1000,1,1,27.0,True
619686,1000,1,1,1.0,True
619708,1000,1,1,5.0,True
61980,1000,1,1,15.0,True
619810,1000,1,1,3.0,True
619842,1000,1,1,19.0,True
620033,1000,1,0,,False
62004,1000,1,1,315.0,True
620129,1000,1,1,336.0,True
620439,1000,1,1,186.0,True
620459,1000,1,1,8.0,True
620599,1000,1,1,2.0,True
620699,1000,3,1,1.0,True
620717,1000,3,1,144.0,True
620834,1000,1,1,108.0,True
620947,1000,1,0,,False
621031,1000,2,1,26.0,True
621058,1000,1,1,47.0,True
621066,1000,1,1,5.0,True
621067,1000,1,1,315.0,True
621278,1000,3,1,949.0,True
621370,1000,1,0,,False
621432,1000,1,1,355.0,True
621610,1000,3,2,1.0,True
621612,1000,1,1,27.0,True
621655,1000,1,1,5.0,True
621920,1000,1,1,8.0,True
621945,1000,2,2,2.0,True
621987,1000,1,0,,False
622053,1000,3,0,,False
622086,1000,1,1,65.0,True
622195,1000,1,1,5.0,True
622360,1000,3,2,1.0,True
622408,1000,1,1,4.0,True
622591,1000,1,0,,False
622661,1000,1,0,,False
622798,1000,1,0,,False
622865,1000,1,1,5.0,True
62295,1000,1,1,448.0,True
622964,1000,1,0,,False
622988,1000,1,1,883.0,True
623040,1000,1,1,1.0,True
623074,1000,1,1,1.0,True
62310,1000,1,1,1.0,True
623129,1000,2,2,1.0,True
623236,1000,1,0,,False
62325,1000,1,0,,False
623307,1000,1,1,28.0,True
623453,1000,1,0,,False
623555,1000,1,1,8.0,True
62359,1000,1,1,45.0,True
623718,1000,1,0,,False
623782,1000,1,1,1.0,True
623829,1000,1,1,11.0,True
623858,1000,1,0,,False
623881,1000,1,0,,False
623910,1000,1,1,4.0,True
623941,1000,1,1,308.0,True
624308,1000,2,2,10.0,True
624367,1000,1,1,540.0,True
624474,1000,1,0,,False
624483,1000,1,1,3.0,True
624504,1000,1,1,844.0,True
624542,1000,1,1,11.0,True
624634,1000,1,1,8.0,True
624688,1000,1,1,15.0,True
62484,1000,1,1,145.0,True
624913,1000,1,1,230.0,True
624939,1000,1,1,48.0,True
625010,1000,1,1,649.0,True
625106,1000,1,1,140.0,True
625108,1000,1,0,,False
625227,1000,1,0,,False
625418,1000,1,1,458.0,True
625767,1000,1,1,11.0,True
625936,1000,1,1,597.0,True
625993,1000,1,1,13.0,True
626126,1000,1,1,7.0,True
626297,1000,1,1,82.0,True
626562,1000,1,1,16.0,True
626627,1000,1,0,,False
626670,1000,1,1,380.0,True
626705,1000,1,0,,False
626834,1000,1,0,,False
626993,1000,1,1,330.0,True
627004,1000,1,0,,False
627330,1000,1,1,81.0,True
62760,1000,1,0,,False
627680,1000,1,1,121.0,True
627851,1000,1,1,3.0,True
627901,1000,1,1,7.0,True
627924,1000,1,1,4.0,True
627939,1000,1,0,,False
628117,1000,1,1,214.0,True
62818,1000,1,1,85.0,True
628226,1000,1,1,133.0,True
628279,1000,1,1,25.0,True
628341,1000,1,1,38.0,True
62847,1000,1,0,,False
628651,1000,1,0,,False
628863,1000,1,0,,False
628914,1000,1,0,,False
629052,1000,1,0,,False
629078,1000,1,0,,False
629232,1000,1,0,,False
629356,1000,1,0,,False
629413,1000,1,0,,False
629474,1000,1,1,273.0,True
629505,1000,1,1,178.0,True
629564,1000,1,1,729.0,True
629607,1000,1,0,,False
629628,1000,1,1,907.0,True
629720,1000,1,0,,False
629834,1000,1,1,880.0,True
629878,1000,1,1,17.0,True
629936,1000,1,0,,False
629938,1000,1,1,2.0,True
62996,1000,1,1,181.0,True
630086,1000,1,0,,False
630293,1000,1,1,38.0,True
630322,1000,1,1,29.0,True
630382,1000,1,1,4.0,True
630717,1000,1,1,780.0,True
630733,1000,1,1,8.0,True
630773,1000,1,1,191.0,True
630787,1000,1,1,3.0,True
630974,1000,1,1,1.0,True
630995,1000,1,1,173.0,True
631072,1000,1,1,5.0,True
631157,1000,1,1,35.0,True
631161,1000,1,0,,False
631293,1000,1,1,30.0,True
631301,1000,1,0,,False
631361,1000,1,1,12.0,True
631466,1000,1,0,,False
631567,1000,1,1,51.0,True
631729,1000,1,1,17.0,True
631872,1000,1,1,39.0,True
631998,1000,1,1,118.0,True
63217,1000,1,1,4.0,True
632241,1000,1,1,13.0,True
632336,1000,1,0,,False
632392,1000,1,0,,False
632583,1000,1,0,,False
632672,1000,1,0,,False
632725,1000,1,1,219.0,True
632826,1000,1,1,70.0,True
632886,1000,1,0,,False
633089,1000,1,0,,False
633126,1000,1,1,92.0,True
633273,1000,2,1,34.0,True
633277,1000,1,0,,False
633330,1000,1,0,,False
633391,1000,2,0,,False
633408,1000,1,1,18.0,True
63341,1000,1,1,12.0,True
633459,1000,1,0,,False
633465,1000,1,0,,False
633478,1000,1,1,15.0,True
633574,1000,1,0,,False
633755,1000,1,0,,False
633804,1000,1,0,,False
633905,1000,1,1,14.0,True
634061,1000,1,1,227.0,True
634068,1000,1,0,,False
634473,1000,1,1,223.0,True
634572,1000,1,0,,False
63461,1000,1,1,75.0,True
634733,1000,1,1,50.0,True
634742,1000,1,1,193.0,True
634888,1000,1,1,3.0,True
635009,1000,1,1,19.0,True
635086,1000,2,1,191.0,True
635254,1000,1,1,151.0,True
635483,1000,1,0,,False
63553,1000,1,1,1.0,True
635666,1000,1,1,7.0,True
635720,1000,1,1,187.0,True
635785,1000,1,1,269.0,True
63584,1000,1,1,1.0,True
635881,1000,1,0,,False
635885,1000,1,0,,False
636016,1000,1,0,,False
636096,1000,1,0,,False
636255,1000,1,1,66.0,True
636300,1000,1,1,484.0,True
636356,1000,1,0,,False
636463,1000,1,0,,False
636476,1000,1,0,,False
636545,1000,1,0,,False
636557,1000,1,0,,False
636619,1000,1,0,,False
636624,1000,1,1,1.0,True
636628,1000,1,1,115.0,True
636674,1000,1,1,23.0,True
636836,1000,1,1,577.0,True
636881,1000,1,0,,False
636925,1000,1,0,,False
637582,1000,1,0,,False
637680,1000,1,1,8.0,True
637845,1000,1,0,,False
637885,1000,1,0,,False
638048,1000,1,1,414.0,True
638129,1000,1,0,,False
638145,1000,1,0,,False
63835,1000,1,1,1.0,True
638443,1000,1,1,340.0,True
638592,1000,1,0,,False
638718,1000,1,0,,False
638737,1000,1,0,,False
638838,1000,1,1,225.0,True
638892,1000,1,1,154.0,True
638916,1000,1,1,57.0,True
638973,1000,1,0,,False
639008,1000,1,1,837.0,True
639039,1000,1,1,85.0,True
639106,1000,1,0,,False
639180,1000,1,0,,False
639424,1000,1,0,,False
639456,1000,1,0,,False
639464,1000,1,0,,False
639736,1000,1,1,890.0,True
639994,1000,5,4,119.0,True
640087,1000,1,0,,False
640121,1000,1,1,11.0,True
640137,1000,1,1,47.0,True
640248,1000,1,1,7.0,True
640364,1000,1,0,,False
640469,1000,1,0,,False
640569,1000,1,1,140.0,True
640978,1000,1,1,174.0,True
641162,1000,1,1,171.0,True
64123,1000,1,1,1.0,True
641372,1000,1,1,135.0,True
641395,1000,1,0,,False
64141,1000,1,1,14.0,True
64142,1000,1,1,21.0,True
641627,1000,1,0,,False
641786,1000,1,0,,False
64205,1000,1,1,1.0,True
642340,1000,1,1,18.0,True
642523,1000,1,1,7.0,True
642535,1000,1,0,,False
642609,1000,1,1,6.0,True
642662,1000,1,1,5.0,True
642671,1000,1,1,187.0,True
642712,1000,1,1,302.0,True
642843,1000,1,1,12.0,True
643023,1000,1,0,,False
643114,1000,1,0,,False
643167,1000,2,0,,False
643173,1000,1,0,,False
643246,1000,1,1,93.0,True
643276,1000,1,1,312.0,True
643876,1000,1,1,21.0,True
643931,1000,1,0,,False
643953,1000,1,1,169.0,True
644104,1000,1,0,,False
644107,1000,1,0,,False
644163,1000,1,0,,False
644317,1000,1,0,,False
644383,1000,1,1,44.0,True
644388,1000,1,0,,False
644478,1000,1,1,91.0,True
644526,1000,1,0,,False
644576,1000,1,0,,False
644594,1000,1,0,,False
644642,1000,1,1,115.0,True
644764,1000,1,1,10.0,True
644849,1000,1,1,23.0,True
64497,1000,1,1,400.0,True
644981,1000,1,0,,False
645017,1000,1,1,1.0,True
645207,1000,1,1,502.0,True
645458,1000,1,0,,False
645515,1000,1,1,26.0,True
645554,1000,1,1,487.0,True
64558,1000,1,1,46.0,True
645602,1000,1,0,,False
64561,1000,1,1,58.0,True
645661,1000,1,0,,False
645668,1000,1,1,777.0,True
645938,1000,1,0,,False
646038,1000,1,1,32.0,True
646054,1000,1,0,,False
646087,1000,1,1,137.0,True
646379,1000,1,0,,False
646497,1000,1,0,,False
646594,1000,1,1,277.0,True
646617,1000,1,1,674.0,True
646673,1000,1,1,3.0,True
646784,1000,2,0,,False
646811,1000,1,0,,False
646825,1000,1,0,,False
647072,1000,1,1,11.0,True
647083,1000,1,1,938.0,True
647384,1000,1,1,602.0,True
647499,1000,1,1,110.0,True
647553,1000,1,1,936.0,True
647828,1000,1,0,,False
647972,1000,1,0,,False
647996,1000,1,1,27.0,True
648031,1000,2,1,7.0,True
648042,1000,1,1,84.0,True
648063,1000,1,1,4.0,True
648335,1000,1,1,19.0,True
64834,1000,1,1,2.0,True
648449,1000,1,0,,False
648479,1000,1,1,16.0,True
64861,1000,1,1,216.0,True
648610,1000,1,1,27.0,True
648797,1000,1,1,7.0,True
648982,1000,1,1,100.0,True
649024,1000,1,1,108.0,True
649025,1000,1,1,4.0,True
649226,1000,1,1,6.0,True
649386,1000,1,0,,False
649412,1000,1,0,,False
649510,1000,1,0,,False
649719,1000,1,1,263.0,True
649741,1000,1,1,171.0,True
649892,1000,1,1,177.0,True
649952,1000,1,0,,False
650568,1000,1,1,27.0,True
65074,1000,1,1,463.0,True
650818,1000,1,0,,False
650844,1000,1,0,,False
651102,1000,1,1,2.0,True
651206,1000,1,1,10.0,True
651244,1000,1,1,1.0,True
651255,1000,1,1,9.0,True
651286,1000,1,1,2.0,True
651302,1000,1,1,1.0,True
651450,1000,1,1,67.0,True
65147,1000,1,1,1.0,True
651476,1000,1,1,100.0,True
651555,1000,1,1,1.0,True
651682,1000,1,1,36.0,True
651879,1000,2,2,141.0,True
651952,1000,1,1,1.0,True
651958,1000,1,0,,False
651989,1000,1,1,29.0,True
652025,1000,1,1,79.0,True
652028,1000,1,1,1.0,True
652248,1000,1,0,,False
652249,1000,1,1,33.0,True
65233,1000,1,1,7.0,True
652330,1000,1,0,,False
652380,1000,1,0,,False
652448,1000,1,1,26.0,True
652651,1000,1,1,2.0,True
652675,1000,1,1,321.0,True
652729,1000,1,1,44.0,True
652838,1000,1,1,5.0,True
652990,1000,2,1,422.0,True
653101,1000,1,0,,False
653239,1000,1,1,9.0,True
653270,1000,1,1,717.0,True
653290,1000,1,1,2.0,True
6535,1000,1,0,,False
653505,1000,1,0,,False
653607,1000,1,1,2.0,True
653794,1000,1,1,954.0,True
653872,1000,1,0,,False
653884,1000,1,1,7.0,True
654006,1000,1,0,,False
65414,1000,1,1,1.0,True
654211,1000,1,0,,False
654219,1000,1,1,6.0,True
654224,1000,1,1,98.0,True
654235,1000,1,0,,False
654270,1000,1,1,7.0,True
654305,1000,1,1,97.0,True
65437,1000,1,1,17.0,True
654512,1000,1,1,1.0,True
654563,1000,1,1,12.0,True
65463,1000,1,1,314.0,True
654701,1000,1,0,,False
654781,1000,1,1,3.0,True
654799,1000,2,2,351.0,True
654819,1000,1,1,9.0,True
655009,1000,1,0,,False
655208,1000,1,1,7.0,True
655222,1000,1,1,2.0,True
655240,1000,1,0,,False
655318,1000,1,1,9.0,True
655477,1000,1,0,,False
655564,1000,1,0,,False
655703,1000,1,1,48.0,True
655750,1000,1,1,29.0,True
655774,1000,1,1,2.0,True
655793,1000,1,0,,False
655839,1000,1,1,20.0,True
655972,1000,1,0,,False
655981,1000,1,1,2.0,True
656079,1000,1,1,3.0,True
656091,1000,1,1,814.0,True
656166,1000,1,1,93.0,True
656329,1000,1,1,377.0,True
65648,1000,1,1,2.0,True
656574,1000,1,1,48.0,True
656840,1000,1,1,2.0,True
656865,1000,1,0,,False
656951,1000,2,2,15.0,True
657055,1000,1,1,944.0,True
657063,1000,1,1,65.0,True
657076,1000,1,0,,False
657108,1000,1,1,17.0,True
657147,1000,2,2,10.0,True
657300,1000,1,1,3.0,True
657424,1000,1,1,3.0,True
657484,1000,1,1,400.0,True
6575,1000,2,2,13.0,True
657585,1000,1,1,33.0,True
658078,1000,1,1,175.0,True
65813,1000,1,1,2.0,True
658145,1000,1,1,699.0,True
658291,1000,1,0,,False
658559,1000,1,1,1.0,True
658562,1000,1,1,1.0,True
658578,1000,1,1,85.0,True
658634,1000,1,1,197.0,True
658657,1000,1,0,,False
65874,1000,2,0,,False
658751,1000,1,1,3.0,True
659062,1000,1,1,141.0,True
659085,1000,1,1,542.0,True
659158,1000,1,1,2.0,True
659374,1000,1,1,119.0,True
659562,1000,1,1,30.0,True
659863,1000,1,1,5.0,True
659870,1000,1,1,6.0,True
659877,1000,1,1,112.0,True
659952,1000,2,1,11.0,True
660098,1000,1,1,1.0,True
660200,1000,2,1,101.0,True
660318,1000,1,1,113.0,True
660364,1000,1,0,,False
660430,1000,1,1,6.0,True
660493,1000,1,1,382.0,True
660626,1000,1,0,,False
660631,1000,1,1,592.0,True
660656,1000,1,1,3.0,True
660850,1000,1,1,5.0,True
660946,1000,2,1,3.0,True
660993,1000,2,0,,False
66100,1000,1,1,248.0,True
661164,1000,1,0,,False
661389,1000,1,1,4.0,True
661447,1000,1,1,74.0,True
661452,1000,1,0,,False
661475,1000,1,0,,False
661511,1000,1,0,,False
661730,1000,1,0,,False
661867,1000,2,0,,False
661880,1000,1,0,,False
661973,1000,1,0,,False
662004,1000,1,0,,False
662075,1000,2,1,697.0,True
6621,1000,1,1,28.0,True
662280,1000,1,1,26.0,True
662438,1000,1,0,,False
66266,1000,1,1,454.0,True
662749,1000,1,1,195.0,True
662916,1000,1,0,,False
662996,1000,1,1,2.0,True
663048,1000,1,1,1.0,True
663085,1000,2,1,272.0,True
663100,1000,1,0,,False
663292,1000,1,1,26.0,True
663400,1000,1,1,2.0,True
663604,1000,1,1,1.0,True
663647,1000,1,0,,False
663858,1000,1,1,21.0,True
66395,1000,1,1,1.0,True
664023,1000,1,1,1.0,True
664175,1000,1,1,162.0,True
664228,1000,1,0,,False
664304,1000,1,1,11.0,True
664577,1000,1,1,5.0,True
664598,1000,1,1,159.0,True
664609,1000,1,0,,False
664709,1000,1,1,1.0,True
664721,1000,1,0,,False
664747,1000,1,1,1.0,True
664783,1000,1,1,10.0,True
664839,1000,1,0,,False
664896,1000,1,1,60.0,True
665207,1000,1,1,6.0,True
665460,1000,1,1,178.0,True
665560,1000,1,1,12.0,True
665613,1000,1,0,,False
665724,1000,1,1,280.0,True
665853,1000,1,0,,False
665921,1000,1,1,11.0,True
665967,1000,1,1,879.0,True
665979,1000,1,1,1.0,True
666112,1000,1,0,,False
666215,1000,1,1,4.0,True
666267,1000,2,2,4.0,True
666298,1000,1,1,82.0,True
666396,1000,1,1,8.0,True
66641,1000,1,1,9.0,True
666480,1000,1,1,23.0,True
666594,1000,1,0,,False
666635,1000,1,1,34.0,True
666838,1000,2,1,6.0,True
66700,1000,1,1,16.0,True
667160,1000,1,1,6.0,True
667225,1000,1,1,36.0,True
667321,1000,1,1,62.0,True
667445,1000,2,2,14.0,True
667574,1000,1,1,2.0,True
667742,1000,1,1,1.0,True
667748,1000,1,1,46.0,True
667804,1000,1,0,,False
667971,1000,1,0,,False
668007,1000,1,1,783.0,True
668040,1000,1,1,90.0,True
668081,1000,1,1,5.0,True
66817,1000,1,1,99.0,True
668227,1000,3,3,16.0,True
668421,1000,1,1,561.0,True
668478,1000,1,1,176.0,True
668539,1000,3,0,,False
668549,1000,1,0,,False
668608,1000,1,1,47.0,True
668624,1000,1,1,81.0,True
668706,1000,2,1,3.0,True
669011,1000,1,0,,False
669023,1000,1,1,410.0,True
669178,1000,1,1,167.0,True
669181,1000,1,1,90.0,True
66919,1000,1,0,,False
669214,1000,1,0,,False
669232,1000,2,2,4.0,True
669237,1000,1,1,10.0,True
669269,1000,2,2,36.0,True
66943,1000,1,1,5.0,True
669472,1000,1,1,66.0,True
669509,1000,1,0,,False
669686,1000,1,0,,False
669704,1000,1,1,188.0,True
669738,1000,1,1,57.0,True
670340,1000,1,1,5.0,True
670375,1000,1,0,,False
670381,1000,1,1,136.0,True
670733,1000,1,1,2.0,True
670895,1000,3,2,1.0,True
670988,1000,1,1,202.0,True
671004,1000,1,1,280.0,True
671195,1000,2,0,,False
671571,1000,1,0,,False
671606,1000,1,1,9.0,True
671830,1000,1,1,1.0,True
671945,1000,2,1,3.0,True
671984,1000,1,1,11.0,True
672023,1000,2,2,4.0,True
672032,1000,1,1,65.0,True
672360,1000,1,1,3.0,True
672520,1000,1,1,104.0,True
672530,1000,1,1,9.0,True
672848,1000,1,1,200.0,True
673038,1000,1,1,14.0,True
673249,1000,1,1,248.0,True
67328,1000,1,1,3.0,True
673638,1000,1,1,23.0,True
673680,1000,1,1,261.0,True
673791,1000,2,2,2.0,True
673859,1000,1,1,6.0,True
673870,1000,1,1,1.0,True
674031,1000,1,1,29.0,True
67421,1000,1,1,51.0,True
674217,1000,1,1,3.0,True
674234,1000,1,1,142.0,True
674349,1000,1,1,2.0,True
674367,1000,1,1,149.0,True
674390,1000,1,1,3.0,True
674428,1000,1,0,,False
674514,1000,1,1,6.0,True
674544,1000,2,2,2.0,True
674570,1000,1,1,12.0,True
674716,1000,1,1,347.0,True
674857,1000,1,1,11.0,True
674978,1000,1,0,,False
675128,1000,1,1,6.0,True
675337,1000,1,1,379.0,True
675642,1000,1,1,33.0,True
675674,1000,1,0,,False
675695,1000,1,1,79.0,True
675744,1000,1,1,37.0,True
675756,1000,1,1,3.0,True
675760,1000,1,1,5.0,True
675826,1000,1,1,203.0,True
675877,1000,1,1,4.0,True
676296,1000,1,1,12.0,True
676342,1000,1,0,,False
676370,1000,1,1,1.0,True
676746,1000,1,1,73.0,True
676836,1000,1,1,8.0,True
676863,1000,1,1,169.0,True
676952,1000,1,1,21.0,True
677028,1000,1,1,4.0,True
677059,1000,1,1,2.0,True
677073,1000,1,1,40.0,True
677147,1000,1,1,193.0,True
677204,1000,1,1,10.0,True
677319,1000,1,1,8.0,True
677341,1000,1,1,12.0,True
677354,1000,1,1,55.0,True
677405,1000,1,0,,False
677433,1000,1,1,111.0,True
677444,1000,1,0,,False
677469,1000,1,1,551.0,True
677596,1000,1,1,9.0,True
677799,1000,1,1,171.0,True
677804,1000,1,0,,False
677829,1000,1,1,9.0,True
677944,1000,1,1,62.0,True
678025,1000,1,1,15.0,True
678052,1000,1,1,158.0,True
678055,1000,1,1,56.0,True
678073,1000,1,0,,False
678112,1000,1,1,6.0,True
678183,1000,1,0,,False
678297,1000,1,1,83.0,True
678319,1000,1,1,401.0,True
678376,1000,1,1,6.0,True
678497,1000,1,1,31.0,True
678552,1000,1,1,138.0,True
67858,1000,1,1,5.0,True
678851,1000,1,0,,False
678883,1000,1,1,29.0,True
679152,1000,1,1,181.0,True
679215,1000,1,1,20.0,True
679430,1000,1,1,70.0,True
679459,1000,1,0,,False
679517,1000,1,0,,False
679518,1000,1,1,20.0,True
679676,1000,1,1,10.0,True
679826,1000,1,1,2.0,True
679832,1000,1,1,92.0,True
679876,1000,1,0,,False
679957,1000,1,1,3.0,True
680053,1000,1,1,17.0,True
680253,1000,1,1,16.0,True
680256,1000,1,1,6.0,True
680985,1000,1,0,,False
681003,1000,1,1,8.0,True
681132,1000,1,0,,False
681360,1000,1,1,1.0,True
681381,1000,1,1,15.0,True
681494,1000,1,0,,False
681623,1000,1,1,2.0,True
681750,1000,1,1,13.0,True
68178,1000,1,1,1.0,True
681792,1000,1,1,447.0,True
681843,1000,1,1,247.0,True
681945,1000,1,1,136.0,True
682024,1000,1,1,2.0,True
682050,1000,1,1,1.0,True
68220,1000,1,1,1.0,True
682277,1000,1,0,,False
682301,1000,1,0,,False
682310,1000,1,1,1.0,True
682380,1000,1,1,22.0,True
682459,1000,1,1,423.0,True
682543,1000,1,1,4.0,True
682707,1000,1,1,13.0,True
6829,1000,1,1,21.0,True
682900,1000,1,1,40.0,True
683018,1000,1,1,582.0,True
683033,1000,1,1,32.0,True
68309,1000,1,1,309.0,True
683326,1000,1,0,,False
683407,1000,1,1,45.0,True
683533,1000,1,0,,False
683537,1000,1,0,,False
683769,1000,1,1,3.0,True
683921,1000,1,1,18.0,True
683941,1000,1,1,873.0,True
6843,1000,1,1,649.0,True
68431,1000,1,1,429.0,True
684364,1000,1,1,5.0,True
684383,1000,1,1,3.0,True
684404,1000,1,0,,False
684438,1000,1,0,,False
684446,1000,1,1,3.0,True
684530,1000,1,1,37.0,True
684817,1000,1,1,3.0,True
684979,1000,1,1,86.0,True
685062,1000,1,1,58.0,True
685122,1000,1,1,11.0,True
685367,1000,1,1,39.0,True
685395,1000,2,2,11.0,True
685443,1000,1,1,80.0,True
685452,1000,1,1,4.0,True
685456,1000,1,1,12.0,True
685535,1000,1,1,6.0,True
685766,1000,1,1,9.0,True
686039,1000,1,0,,False
686207,1000,1,1,56.0,True
686426,1000,1,1,28.0,True
686539,1000,1,1,3.0,True
686559,1000,1,1,206.0,True
687036,1000,1,1,2.0,True
687125,1000,1,1,359.0,True
687161,1000,1,1,25.0,True
687167,1000,2,2,13.0,True
687181,1000,1,1,1.0,True
687359,1000,1,1,8.0,True
687506,1000,1,1,292.0,True
687847,1000,1,1,4.0,True
687924,1000,1,1,11.0,True
687971,1000,1,1,10.0,True
688027,1000,1,1,8.0,True
688160,1000,1,1,11.0,True
688174,1000,1,1,29.0,True
68834,1000,1,1,100.0,True
688557,1000,1,1,99.0,True
688971,1000,1,1,5.0,True
688986,1000,1,1,52.0,True
689246,1000,1,1,439.0,True
689314,1000,1,1,4.0,True
689351,1000,1,1,1.0,True
689357,1000,1,0,,False
68971,1000,1,1,1.0,True
689716,1000,1,1,45.0,True
689751,1000,1,1,1.0,True
689810,1000,1,1,26.0,True
689823,1000,1,1,319.0,True
689921,1000,1,1,2.0,True
689963,1000,1,1,15.0,True
690074,1000,1,1,5.0,True
690104,1000,1,1,8.0,True
690161,1000,1,1,3.0,True
690179,1000,1,1,20.0,True
690266,1000,1,1,479.0,True
690296,1000,1,1,165.0,True
690422,1000,1,0,,False
690425,1000,1,1,1.0,True
690436,1000,1,0,,False
690469,1000,1,1,38.0,True
690726,1000,1,1,7.0,True
690750,1000,1,0,,False
690878,1000,1,1,23.0,True
690974,1000,1,1,3.0,True
691001,1000,1,1,947.0,True
691080,1000,1,0,,False
691132,1000,1,1,7.0,True
691137,1000,1,1,51.0,True
691147,1000,1,1,9.0,True
691204,1000,1,1,4.0,True
691404,1000,1,1,2.0,True
691486,1000,1,1,13.0,True
691575,1000,1,1,6.0,True
691591,1000,1,1,52.0,True
69177,1000,1,1,24.0,True
691856,1000,1,0,,False
691965,1000,1,1,11.0,True
6920,1000,1,1,54.0,True
692021,1000,1,1,1.0,True
692066,1000,1,0,,False
692191,1000,2,2,9.0,True
692335,1000,1,1,14.0,True
692527,1000,1,1,6.0,True
692589,1000,1,1,9.0,True
692656,1000,1,1,24.0,True
692861,1000,1,1,213.0,True
693023,1000,1,1,126.0,True
693172,1000,1,1,38.0,True
693177,1000,2,2,1.0,True
693257,1000,1,1,809.0,True
693325,1000,1,1,25.0,True
693386,1000,1,0,,False
693682,1000,1,1,487.0,True
693685,1000,1,1,107.0,True
693831,1000,1,1,176.0,True
693834,1000,1,0,,False
69389,1000,1,1,28.0,True
693958,1000,1,1,1.0,True
694018,1000,1,1,5.0,True
694249,1000,1,1,188.0,True
694423,1000,1,1,96.0,True
694578,1000,2,2,12.0,True
694669,1000,1,1,3.0,True
694752,1000,1,1,14.0,True
694811,1000,1,1,4.0,True
694990,1000,1,1,32.0,True
695010,1000,1,0,,False
695066,1000,1,1,988.0,True
695267,1000,1,1,66.0,True
695303,1000,1,1,14.0,True
695367,1000,1,1,16.0,True
695369,1000,1,1,31.0,True
69548,1000,1,0,,False
695676,1000,1,1,35.0,True
695751,1000,1,0,,False
695868,1000,1,1,18.0,True
696,1000,1,0,,False
696366,1000,1,1,44.0,True
696479,1000,1,0,,False
696596,1000,1,1,1.0,True
696623,1000,1,0,,False
696825,1000,1,1,175.0,True
696880,1000,1,1,27.0,True
696890,1000,1,1,4.0,True
696906,1000,1,1,7.0,True
697358,1000,1,1,14.0,True
697729,1000,1,0,,False
698066,1000,1,1,52.0,True
698115,1000,1,1,10.0,True
698227,1000,1,1,49.0,True
698485,1000,1,1,2.0,True
698548,1000,1,1,31.0,True
698678,1000,1,0,,False
698762,1000,1,1,2.0,True
698775,1000,1,1,190.0,True
698897,1000,1,1,73.0,True
69891,1000,1,1,27.0,True
698983,1000,1,1,52.0,True
699038,1000,1,1,367.0,True
699061,1000,1,1,45.0,True
699066,1000,1,0,,False
699397,1000,1,1,39.0,True
699551,1000,1,1,6.0,True
699697,1000,1,1,71.0,True
699813,1000,1,1,11.0,True
699970,1000,1,1,27.0,True
699995,1000,1,1,687.0,True
700023,1000,1,1,2.0,True
700044,1000,1,1,111.0,True
700154,1000,1,1,398.0,True
700229,1000,1,1,4.0,True
700291,1000,1,1,300.0,True
700323,1000,1,1,8.0,True
700488,1000,1,1,30.0,True
700549,1000,1,1,2.0,True
700567,1000,1,1,9.0,True
700592,1000,1,0,,False
700822,1000,1,1,347.0,True
701061,1000,1,1,694.0,True
701084,1000,1,1,1.0,True
70125,1000,1,1,13.0,True
701366,1000,1,1,14.0,True
701537,1000,1,1,13.0,True
701540,1000,1,1,555.0,True
701629,1000,1,1,73.0,True
701677,1000,1,1,232.0,True
701694,1000,1,1,121.0,True
701715,1000,1,1,10.0,True
701779,1000,1,1,662.0,True
70190,1000,1,0,,False
701934,1000,1,1,708.0,True
702183,1000,1,1,4.0,True
702263,1000,1,1,29.0,True
702270,1000,1,1,3.0,True
702551,1000,1,1,19.0,True
702558,1000,2,2,565.0,True
70261,1000,1,1,1.0,True
702635,1000,1,0,,False
702660,1000,1,0,,False
702713,1000,1,1,6.0,True
702773,1000,1,1,22.0,True
7028,1000,1,1,245.0,True
702894,1000,1,1,280.0,True
702933,1000,1,1,2.0,True
702997,1000,1,0,,False
703025,1000,1,0,,False
70317,1000,1,0,,False
703573,1000,1,0,,False
703974,1000,1,1,97.0,True
704164,1000,1,1,398.0,True
704194,1000,1,1,60.0,True
704281,1000,1,1,3.0,True
70440,1000,1,1,364.0,True
704440,1000,1,1,50.0,True
704450,1000,1,1,323.0,True
704552,1000,1,1,6.0,True
704556,1000,1,1,1.0,True
704602,1000,1,1,3.0,True
704671,1000,1,1,3.0,True
704875,1000,1,1,543.0,True
704947,1000,1,1,4.0,True
704981,1000,1,1,6.0,True
705119,1000,1,1,45.0,True
705124,1000,1,1,230.0,True
705171,1000,2,2,7.0,True
705288,1000,1,1,1.0,True
705356,1000,1,1,2.0,True
705391,1000,1,1,2.0,True
705491,1000,1,1,12.0,True
705527,1000,1,1,411.0,True
705683,1000,1,1,1.0,True
705755,1000,1,1,2.0,True
705769,1000,1,0,,False
705885,1000,1,1,883.0,True
705903,1000,1,0,,False
705937,1000,1,1,29.0,True
706388,1000,1,1,139.0,True
706389,1000,1,1,41.0,True
70658,1000,1,1,38.0,True
706591,1000,1,1,128.0,True
706595,1000,1,1,15.0,True
70662,1000,1,1,37.0,True
70663,1000,1,1,13.0,True
706634,1000,1,1,1.0,True
706661,1000,1,1,2.0,True
706712,1000,1,1,8.0,True
707396,1000,1,1,1.0,True
707470,1000,1,1,19.0,True
707765,1000,1,1,138.0,True
70782,1000,1,0,,False
707868,1000,1,1,22.0,True
708007,1000,1,1,2.0,True
70802,1000,1,0,,False
708023,1000,1,1,838.0,True
708063,1000,1,1,184.0,True
708174,1000,1,0,,False
708297,1000,1,1,13.0,True
708312,1000,1,1,683.0,True
708378,1000,1,1,6.0,True
70845,1000,1,0,,False
708683,1000,1,1,174.0,True
708779,1000,1,1,22.0,True
708783,1000,1,1,7.0,True
709087,1000,1,1,3.0,True
709265,1000,1,1,322.0,True
709314,1000,1,1,17.0,True
709328,1000,1,1,638.0,True
709407,1000,1,1,5.0,True
709421,1000,1,1,6.0,True
709617,1000,1,1,2.0,True
709636,1000,1,0,,False
709708,1000,1,1,29.0,True
709732,1000,2,1,418.0,True
7098,1000,1,1,342.0,True
709900,1000,1,1,18.0,True
709989,1000,1,1,496.0,True
710101,1000,1,1,200.0,True
710285,1000,1,1,8.0,True
710383,1000,1,1,1.0,True
710580,1000,1,0,,False
710868,1000,1,1,1.0,True
711074,1000,1,1,67.0,True
71155,1000,1,0,,False
711592,1000,1,0,,False
711694,1000,1,1,26.0,True
711717,1000,1,1,949.0,True
71174,1000,1,1,22.0,True
711740,1000,1,1,13.0,True
711785,1000,2,1,296.0,True
711868,1000,1,1,1.0,True
712068,1000,1,1,10.0,True
712178,1000,1,1,1.0,True
712300,1000,1,1,99.0,True
712386,1000,1,1,84.0,True
712537,1000,1,1,3.0,True
712803,1000,1,1,4.0,True
712837,1000,1,1,8.0,True
712890,1000,1,1,801.0,True
712920,1000,1,0,,False
713224,1000,1,0,,False
713525,1000,1,0,,False
71357,1000,1,1,2.0,True
713577,1000,1,1,24.0,True
71362,1000,1,1,3.0,True
713833,1000,1,0,,False
713919,1000,1,1,1.0,True
713997,1000,1,0,,False
714053,1000,1,1,604.0,True
714057,1000,1,1,3.0,True
714202,1000,1,1,347.0,True
714274,1000,1,1,371.0,True
714330,1000,1,0,,False
714339,1000,1,1,70.0,True
714531,1000,1,1,68.0,True
714759,1000,1,1,160.0,True
71481,1000,1,1,932.0,True
714962,1000,1,0,,False
715132,1000,1,1,467.0,True
715177,1000,1,1,10.0,True
715604,1000,1,0,,False
715684,1000,1,1,185.0,True
71582,1000,1,1,195.0,True
715855,1000,1,1,33.0,True
715948,1000,1,1,23.0,True
715967,1000,1,1,40.0,True
715972,1000,1,1,45.0,True
716168,1000,1,1,3.0,True
716299,1000,1,0,,False
716357,1000,1,1,485.0,True
716378,1000,1,0,,False
71640,1000,2,2,28.0,True
716458,1000,1,1,423.0,True
716529,1000,1,1,15.0,True
716596,1000,1,1,5.0,True
716818,1000,1,1,779.0,True
716830,1000,1,1,71.0,True
716844,1000,1,1,29.0,True
716865,1000,1,1,46.0,True
716868,1000,1,1,147.0,True
716917,1000,1,1,2.0,True
716959,1000,2,1,1.0,True
717055,1000,1,1,14.0,True
717238,1000,1,1,1.0,True
717301,1000,1,1,46.0,True
717306,1000,1,1,435.0,True
717338,1000,1,1,24.0,True
717380,1000,1,1,8.0,True
717441,1000,1,1,27.0,True
717483,1000,1,1,3.0,True
71749,1000,1,0,,False
717648,1000,1,0,,False
717655,1000,1,1,49.0,True
717762,1000,1,1,153.0,True
718025,1000,1,1,10.0,True
718041,1000,1,1,264.0,True
718043,1000,1,1,5.0,True
718078,1000,1,1,125.0,True
718128,1000,1,1,2.0,True
718247,1000,1,1,11.0,True
718278,1000,1,1,149.0,True
718408,1000,1,0,,False
718423,1000,1,0,,False
718514,1000,1,1,173.0,True
718544,1000,1,1,154.0,True
718586,1000,1,1,7.0,True
718685,1000,1,1,8.0,True
718890,1000,1,1,2.0,True
718964,1000,1,1,872.0,True
719077,1000,1,1,8.0,True
719100,1000,1,1,406.0,True
719366,1000,1,1,9.0,True
719394,1000,1,1,56.0,True
719453,1000,2,2,3.0,True
71949,1000,1,1,886.0,True
719523,1000,1,1,5.0,True
719534,1000,1,1,125.0,True
719582,1000,1,1,1.0,True
719738,1000,1,1,1.0,True
719986,1000,1,1,27.0,True
720086,1000,1,1,5.0,True
720087,1000,1,1,17.0,True
720228,1000,1,1,14.0,True
720239,1000,1,1,1.0,True
720389,1000,1,1,8.0,True
720403,1000,1,1,78.0,True
72041,1000,1,1,3.0,True
720491,1000,1,1,1.0,True
720613,1000,1,1,14.0,True
720739,1000,1,1,477.0,True
720801,1000,1,1,35.0,True
720841,1000,1,1,26.0,True
720976,1000,1,0,,False
721046,1000,1,1,12.0,True
721081,1000,1,0,,False
721160,1000,1,0,,False
721168,1000,1,1,12.0,True
721406,1000,2,2,4.0,True
721526,1000,1,0,,False
721944,1000,1,1,4.0,True
721946,1000,1,0,,False
722061,1000,1,1,5.0,True
722221,1000,1,1,25.0,True
722590,1000,1,1,7.0,True
722805,1000,1,1,16.0,True
723185,1000,1,1,1.0,True
723209,1000,1,1,46.0,True
723283,1000,1,1,8.0,True
723323,1000,1,1,159.0,True
723483,1000,1,0,,False
723504,1000,1,1,93.0,True
723535,1000,1,1,23.0,True
723649,1000,1,1,8.0,True
723755,1000,1,1,2.0,True
723771,1000,1,1,4.0,True
723847,1000,1,1,23.0,True
723922,1000,1,1,105.0,True
7240,1000,1,1,2.0,True
724070,1000,1,1,175.0,True
724233,1000,1,1,212.0,True
72437,1000,1,1,249.0,True
724384,1000,1,1,15.0,True
724563,1000,1,1,5.0,True
724750,1000,1,1,39.0,True
724795,1000,1,1,798.0,True
724811,1000,1,1,2.0,True
725184,1000,1,1,81.0,True
725215,1000,1,1,705.0,True
725221,1000,1,1,6.0,True
725249,1000,1,1,42.0,True
725250,1000,1,1,8.0,True
725298,1000,1,1,21.0,True
72540,1000,1,1,2.0,True
725453,1000,1,1,8.0,True
725812,1000,1,1,2.0,True
725835,1000,1,1,19.0,True
725842,1000,1,1,87.0,True
725862,1000,1,1,5.0,True
725914,1000,1,1,29.0,True
725972,1000,1,1,2.0,True
7260,1000,1,1,1.0,True
726147,1000,1,0,,False
726240,1000,1,1,4.0,True
726519,1000,1,1,10.0,True
726657,1000,1,1,30.0,True
7267,1000,1,1,50.0,True
726713,1000,1,1,85.0,True
726766,1000,1,1,6.0,True
727039,1000,1,0,,False
727231,1000,1,1,1.0,True
727243,1000,1,1,77.0,True
72730,1000,1,1,116.0,True
727330,1000,1,1,159.0,True
727417,1000,1,1,178.0,True
727537,1000,1,1,2.0,True
727634,1000,1,1,7.0,True
727646,1000,1,1,756.0,True
727677,1000,1,1,473.0,True
727836,1000,1,1,2.0,True
727871,1000,1,0,,False
728084,1000,1,1,4.0,True
728208,1000,1,1,4.0,True
72822,1000,1,0,,False
728248,1000,1,1,22.0,True
728348,1000,1,1,311.0,True
728396,1000,1,0,,False
728607,1000,1,1,1.0,True
728691,1000,1,1,58.0,True
728699,1000,1,0,,False
728782,1000,1,1,262.0,True
728819,1000,1,1,1.0,True
728993,1000,1,1,501.0,True
72900,1000,1,1,1.0,True
729071,1000,1,1,110.0,True
729203,1000,1,1,1.0,True
729299,1000,1,1,144.0,True
729491,1000,1,1,4.0,True
729599,1000,1,1,307.0,True
729600,1000,1,1,67.0,True
729811,1000,1,1,4.0,True
729880,1000,1,1,153.0,True
729956,1000,1,1,4.0,True
730196,1000,1,1,10.0,True
730401,1000,1,1,137.0,True
730434,1000,1,1,6.0,True
730444,1000,1,1,90.0,True
730645,1000,1,1,7.0,True
730957,1000,1,1,42.0,True
73107,1000,1,1,1.0,True
73111,1000,1,1,6.0,True
731201,1000,1,1,682.0,True
731318,1000,1,1,778.0,True
731337,1000,1,1,1.0,True
731481,1000,1,1,2.0,True
73166,1000,1,1,55.0,True
731663,1000,1,1,89.0,True
731702,1000,1,0,,False
731716,1000,1,0,,False
731755,1000,1,0,,False
731768,1000,1,1,168.0,True
731770,1000,1,1,230.0,True
731828,1000,1,0,,False
731841,1000,2,2,4.0,True
732004,1000,1,0,,False
732017,1000,1,1,644.0,True
732021,1000,1,1,24.0,True
732062,1000,1,1,8.0,True
732094,1000,1,1,44.0,True
73214,1000,1,1,431.0,True
732302,1000,1,1,34.0,True
732414,1000,1,1,8.0,True
732423,1000,1,1,7.0,True
732521,1000,1,1,510.0,True
732841,1000,1,1,207.0,True
732846,1000,1,1,19.0,True
732847,1000,1,1,38.0,True
733200,1000,1,1,61.0,True
733239,1000,1,1,2.0,True
733312,1000,1,1,62.0,True
733363,1000,1,1,541.0,True
733393,1000,1,1,5.0,True
733414,1000,1,0,,False
733518,1000,1,0,,False
73369,1000,1,1,25.0,True
733748,1000,1,1,18.0,True
733841,1000,1,1,62.0,True
734033,1000,1,1,18.0,True
734106,1000,2,0,,False
734500,1000,1,1,4.0,True
734676,1000,1,1,16.0,True
734721,1000,1,1,838.0,True
735041,1000,1,1,36.0,True
735072,1000,1,1,12.0,True
735138,1000,1,1,2.0,True
735147,1000,1,1,4.0,True
735240,1000,1,1,76.0,True
735317,1000,1,1,10.0,True
735323,1000,1,0,,False
735393,1000,1,1,52.0,True
73547,1000,1,1,11.0,True
735619,1000,1,1,3.0,True
735761,1000,1,1,128.0,True
735862,1000,1,1,1.0,True
735906,1000,1,1,36.0,True
736118,1000,1,0,,False
736149,1000,1,1,16.0,True
736307,1000,1,0,,False
736431,1000,2,2,205.0,True
736488,1000,1,1,5.0,True
73651,1000,1,0,,False
73656,1000,1,1,1.0,True
736625,1000,1,1,15.0,True
736691,1000,1,1,339.0,True
736928,1000,1,1,290.0,True
73766,1000,1,0,,False
737793,1000,1,0,,False
737834,1000,1,0,,False
738039,1000,1,1,65.0,True
738052,1000,1,1,22.0,True
738105,1000,1,1,11.0,True
738135,1000,1,1,6.0,True
738175,1000,1,0,,False
738383,1000,1,0,,False
738717,1000,1,1,10.0,True
73873,1000,1,1,27.0,True
738747,1000,1,1,1.0,True
738801,1000,1,1,1.0,True
738809,1000,1,1,4.0,True
738886,1000,1,1,26.0,True
738904,1000,1,1,8.0,True
739115,1000,1,1,3.0,True
739203,1000,1,1,276.0,True
739213,1000,1,0,,False
739310,1000,1,1,3.0,True
739325,1000,1,1,6.0,True
739446,1000,2,2,1.0,True
739512,1000,2,1,11.0,True
739762,1000,1,1,2.0,True
740169,1000,1,1,5.0,True
740258,1000,1,1,71.0,True
740491,1000,1,1,2.0,True
740533,1000,1,1,8.0,True
740608,1000,1,0,,False
740700,1000,2,2,26.0,True
740726,1000,2,2,1.0,True
740749,1000,1,1,59.0,True
740751,1000,1,1,4.0,True
740901,1000,1,0,,False
741002,1000,1,1,16.0,True
741007,1000,1,1,2.0,True
741074,1000,1,1,1.0,True
741088,1000,1,1,3.0,True
74113,1000,1,1,74.0,True
741145,1000,1,1,377.0,True
741172,1000,1,1,78.0,True
741376,1000,1,1,6.0,True
741461,1000,1,1,1.0,True
741596,1000,1,0,,False
741626,1000,1,1,128.0,True
741877,1000,1,1,8.0,True
741948,1000,1,0,,False
742008,1000,1,1,113.0,True
742058,1000,1,1,103.0,True
742120,1000,1,1,186.0,True
742276,1000,1,1,203.0,True
742350,1000,1,1,605.0,True
742368,1000,1,1,46.0,True
742374,1000,1,1,106.0,True
742375,1000,1,1,298.0,True
742712,1000,1,1,21.0,True
742856,1000,1,1,43.0,True
743586,1000,1,1,3.0,True
743632,1000,1,1,286.0,True
743828,1000,2,2,38.0,True
743840,1000,1,1,135.0,True
744069,1000,1,1,734.0,True
744179,1000,1,1,10.0,True
744232,1000,2,2,170.0,True
744235,1000,1,1,18.0,True
74427,1000,1,1,743.0,True
7444,1000,1,1,298.0,True
744549,1000,1,1,6.0,True
744553,1000,1,1,29.0,True
74497,1000,1,1,1.0,True
744974,1000,1,0,,False
745027,1000,1,1,353.0,True
745028,1000,1,0,,False
745054,1000,1,1,863.0,True
745181,1000,1,0,,False
745258,1000,1,1,15.0,True
745261,1000,1,1,157.0,True
745305,1000,1,1,589.0,True
745342,1000,1,1,254.0,True
745601,1000,1,1,314.0,True
746043,1000,1,0,,False
746051,1000,1,1,2.0,True
746079,1000,1,1,160.0,True
746188,1000,1,1,46.0,True
746244,1000,1,1,183.0,True
746319,1000,1,1,4.0,True
746422,1000,1,0,,False
746448,1000,1,1,135.0,True
746483,1000,1,1,556.0,True
74653,1000,1,1,2.0,True
746578,1000,1,1,15.0,True
746604,1000,1,1,1.0,True
746671,1000,1,1,40.0,True
746739,1000,1,1,5.0,True
746775,1000,1,1,730.0,True
746847,1000,1,1,986.0,True
746975,1000,1,1,684.0,True
746986,1000,1,1,48.0,True
747164,1000,1,1,207.0,True
747288,1000,1,1,1.0,True
747405,1000,1,1,57.0,True
747425,1000,1,1,1.0,True
747493,1000,1,1,4.0,True
747501,1000,1,1,1.0,True
747560,1000,1,1,62.0,True
747671,1000,1,1,2.0,True
74771,1000,1,1,11.0,True
747748,1000,1,1,9.0,True
747749,1000,1,1,4.0,True
747874,1000,1,1,32.0,True
748057,1000,1,0,,False
748080,1000,1,1,39.0,True
748140,1000,1,1,16.0,True
748549,1000,1,1,16.0,True
748618,1000,1,1,304.0,True
74870,1000,1,1,32.0,True
748707,1000,1,0,,False
748724,1000,1,1,30.0,True
748958,1000,1,1,3.0,True
749010,1000,1,1,230.0,True
749106,1000,1,1,288.0,True
749190,1000,1,1,7.0,True
749811,1000,1,1,228.0,True
750195,1000,1,1,174.0,True
750253,1000,1,1,59.0,True
750293,1000,1,1,42.0,True
750320,1000,1,1,3.0,True
750537,1000,1,1,6.0,True
750570,1000,1,1,86.0,True
750726,1000,1,1,2.0,True
750854,1000,1,1,114.0,True
750928,1000,1,1,1.0,True
750984,1000,1,1,99.0,True
751078,1000,1,1,6.0,True
751080,1000,1,1,146.0,True
751208,1000,1,0,,False
751256,1000,1,0,,False
75147,1000,1,1,75.0,True
751501,1000,1,1,5.0,True
751570,1000,1,1,8.0,True
751655,1000,1,1,1.0,True
751718,1000,1,1,2.0,True
751725,1000,1,1,13.0,True
751769,1000,1,1,14.0,True
751786,1000,1,1,3.0,True
751804,1000,1,0,,False
751819,1000,1,1,5.0,True
751840,1000,1,1,3.0,True
751870,1000,1,1,256.0,True
75191,1000,1,0,,False
75195,1000,1,1,90.0,True
752157,1000,1,1,2.0,True
752198,1000,1,1,11.0,True
752365,1000,1,1,6.0,True
752382,1000,1,1,2.0,True
752445,1000,1,1,5.0,True
752469,1000,1,1,750.0,True
752696,1000,1,0,,False
75271,1000,1,1,48.0,True
75274,1000,1,1,1.0,True
752977,1000,1,0,,False
753019,1000,1,1,12.0,True
753045,1000,1,1,87.0,True
753163,1000,1,1,52.0,True
753182,1000,1,1,2.0,True
753249,1000,1,1,9.0,True
753788,1000,1,0,,False
753802,1000,1,1,10.0,True
753826,1000,1,1,184.0,True
753874,1000,1,1,137.0,True
753953,1000,1,1,184.0,True
7541,1000,1,1,43.0,True
754173,1000,1,1,24.0,True
754221,1000,2,1,397.0,True
75446,1000,1,1,200.0,True
754602,1000,1,0,,False
754769,1000,1,1,625.0,True
754973,1000,1,0,,False
755112,1000,2,2,7.0,True
755246,1000,1,1,2.0,True
755385,1000,1,1,32.0,True
755388,1000,1,1,8.0,True
755423,1000,1,0,,False
755435,1000,1,1,27.0,True
755538,1000,1,0,,False
755728,1000,1,0,,False
756061,1000,1,1,2.0,True
756137,1000,1,1,4.0,True
756163,1000,1,1,1.0,True
756259,1000,1,1,3.0,True
756294,1000,1,1,6.0,True
756402,1000,1,1,14.0,True
756413,1000,1,1,70.0,True
756453,1000,1,1,30.0,True
756864,1000,1,1,52.0,True
756978,1000,1,0,,False
757079,1000,1,1,1.0,True
757138,1000,1,1,2.0,True
757242,1000,1,1,223.0,True
757331,1000,1,1,5.0,True
757397,1000,1,1,38.0,True
757469,1000,1,0,,False
75748,1000,1,1,935.0,True
757591,1000,1,1,4.0,True
757651,1000,1,1,4.0,True
757674,1000,1,0,,False
757715,1000,1,1,65.0,True
757728,1000,2,1,33.0,True
757746,1000,1,1,2.0,True
757837,1000,1,1,17.0,True
757990,1000,1,1,45.0,True
758021,1000,1,1,152.0,True
758110,1000,1,1,50.0,True
758357,1000,1,0,,False
75852,1000,1,1,6.0,True
758668,1000,1,1,11.0,True
758735,1000,1,1,184.0,True
758824,1000,1,1,98.0,True
758841,1000,1,1,654.0,True
75887,1000,1,1,6.0,True
758881,1000,2,2,1.0,True
758888,1000,1,1,3.0,True
759036,1000,1,1,21.0,True
759130,1000,1,1,11.0,True
759146,1000,1,1,19.0,True
759189,1000,1,0,,False
759352,1000,1,1,18.0,True
759444,1000,1,1,224.0,True
759492,1000,1,1,2.0,True
759590,1000,1,1,8.0,True
75963,1000,1,1,402.0,True
759691,1000,1,1,3.0,True
759716,1000,1,1,5.0,True
759728,1000,1,1,71.0,True
759776,1000,1,1,10.0,True
759859,1000,1,1,11.0,True
760141,1000,1,1,2.0,True
760176,1000,1,1,36.0,True
760210,1000,1,1,13.0,True
760211,1000,1,1,4.0,True
760333,1000,1,1,592.0,True
760366,1000,1,0,,False
760443,1000,1,0,,False
760564,1000,1,1,4.0,True
760701,1000,1,1,11.0,True
760756,1000,1,0,,False
760779,1000,1,1,10.0,True
7608,1000,1,1,136.0,True
760958,1000,1,0,,False
760989,1000,1,1,1.0,True
761038,1000,1,1,3.0,True
761123,1000,1,1,15.0,True
761176,1000,1,1,6.0,True
761259,1000,1,1,1.0,True
761264,1000,1,0,,False
761301,1000,1,1,1.0,True
761366,1000,1,1,45.0,True
761391,1000,1,0,,False
761521,1000,1,1,1.0,True
761693,1000,1,1,2.0,True
761917,1000,1,1,6.0,True
761922,1000,1,1,78.0,True
761966,1000,1,1,105.0,True
762026,1000,1,1,19.0,True
762126,1000,1,1,7.0,True
762136,1000,1,1,14.0,True
762194,1000,1,1,553.0,True
762282,1000,1,1,53.0,True
762364,1000,1,1,5.0,True
762901,1000,1,1,1.0,True
762934,1000,1,1,13.0,True
762995,1000,1,1,2.0,True
763075,1000,1,1,84.0,True
763097,1000,1,1,2.0,True
763109,1000,1,1,2.0,True
763159,1000,1,1,191.0,True
763246,1000,1,1,5.0,True
763274,1000,1,1,265.0,True
763578,1000,1,1,1.0,True
763875,1000,1,0,,False
763969,1000,1,1,1.0,True
764013,1000,1,0,,False
764038,1000,1,1,8.0,True
764067,1000,1,1,82.0,True
764246,1000,1,1,166.0,True
764390,1000,1,1,108.0,True
764413,1000,1,1,56.0,True
76444,1000,1,1,858.0,True
764571,1000,1,1,577.0,True
76463,1000,1,1,35.0,True
764653,1000,1,0,,False
764705,1000,1,1,612.0,True
764779,1000,2,2,12.0,True
765088,1000,1,1,3.0,True
765145,1000,1,1,750.0,True
765157,1000,1,1,7.0,True
765173,1000,2,1,8.0,True
765223,1000,1,1,12.0,True
76525,1000,1,0,,False
765345,1000,2,0,,False
765571,1000,1,1,340.0,True
76573,1000,1,1,6.0,True
765906,1000,1,1,340.0,True
766089,1000,1,1,88.0,True
766151,1000,1,1,15.0,True
766239,1000,1,1,22.0,True
766252,1000,1,1,543.0,True
766383,1000,1,1,43.0,True
766517,1000,1,1,57.0,True
766591,1000,1,1,15.0,True
766595,1000,1,1,26.0,True
766792,1000,1,1,181.0,True
766870,1000,1,1,9.0,True
766984,1000,1,1,4.0,True
767323,1000,1,1,217.0,True
767345,1000,1,1,3.0,True
767411,1000,1,1,180.0,True
767518,1000,1,1,45.0,True
767536,1000,1,1,4.0,True
767571,1000,1,1,35.0,True
767644,1000,1,1,6.0,True
767729,1000,1,0,,False
767738,1000,1,0,,False
767835,1000,1,1,45.0,True
767941,1000,1,1,489.0,True
768078,1000,1,1,22.0,True
768276,1000,1,1,37.0,True
76842,1000,1,1,33.0,True
768620,1000,1,1,71.0,True
768812,1000,1,1,18.0,True
768934,1000,1,1,11.0,True
769038,1000,1,0,,False
769108,1000,1,0,,False
769211,1000,1,1,1.0,True
769297,1000,1,1,4.0,True
769433,1000,1,1,2.0,True
769472,1000,1,1,2.0,True
769526,1000,1,1,73.0,True
769566,1000,1,0,,False
769593,1000,1,1,12.0,True
769597,1000,1,1,14.0,True
769660,1000,1,1,24.0,True
769692,1000,1,1,3.0,True
769753,1000,1,1,18.0,True
769819,1000,1,1,39.0,True
769827,1000,1,1,1.0,True
769892,1000,1,1,12.0,True
770037,1000,1,1,13.0,True
770066,1000,1,1,953.0,True
770090,1000,1,1,30.0,True
770181,1000,1,1,1.0,True
770318,1000,1,1,2.0,True
770369,1000,1,0,,False
77043,1000,1,1,1.0,True
770481,1000,1,1,6.0,True
770511,1000,1,1,851.0,True
770753,1000,1,1,3.0,True
770861,1000,1,0,,False
771413,1000,1,1,1.0,True
77154,1000,1,1,55.0,True
771580,1000,1,1,66.0,True
771651,1000,1,1,6.0,True
771652,1000,1,1,17.0,True
771723,1000,1,1,314.0,True
771764,1000,1,1,107.0,True
771884,1000,1,0,,False
771908,1000,1,1,59.0,True
772110,1000,1,1,1.0,True
772150,1000,1,1,11.0,True
772677,1000,1,1,5.0,True
772739,1000,1,1,2.0,True
77276,1000,1,1,19.0,True
77282,1000,1,1,22.0,True
772910,1000,1,0,,False
773003,1000,1,0,,False
773056,1000,1,1,11.0,True
773146,1000,1,1,19.0,True
77318,1000,1,1,8.0,True
773270,1000,1,1,109.0,True
773337,1000,1,0,,False
77346,1000,1,1,1.0,True
773480,1000,1,1,5.0,True
773495,1000,1,1,1.0,True
773594,1000,1,1,17.0,True
773603,1000,1,1,9.0,True
773660,1000,1,0,,False
773681,1000,1,1,356.0,True
773747,1000,1,1,26.0,True
773865,1000,1,1,20.0,True
773983,1000,1,1,2.0,True
77401,1000,1,1,16.0,True
77408,1000,1,0,,False
774085,1000,1,0,,False
774091,1000,1,1,39.0,True
774184,1000,1,1,25.0,True
774514,1000,1,1,2.0,True
774550,1000,1,1,14.0,True
7746,1000,1,1,89.0,True
77488,1000,1,1,93.0,True
775014,1000,1,1,182.0,True
775423,1000,1,1,700.0,True
775619,1000,1,1,1.0,True
775644,1000,1,1,85.0,True
775809,1000,1,1,237.0,True
775848,1000,1,0,,False
775901,1000,1,1,12.0,True
775951,1000,1,1,4.0,True
775993,1000,1,1,3.0,True
77607,1000,1,1,366.0,True
776168,1000,1,0,,False
776199,1000,1,1,21.0,True
776205,1000,1,1,122.0,True
776305,1000,1,1,41.0,True
776324,1000,1,1,9.0,True
776678,1000,1,0,,False
776837,1000,1,1,47.0,True
776932,1000,1,0,,False
777148,1000,1,1,5.0,True
777284,1000,1,1,321.0,True
777287,1000,1,1,2.0,True
777314,1000,1,0,,False
777315,1000,1,1,10.0,True
777477,1000,1,1,40.0,True
777539,1000,1,1,306.0,True
777669,1000,1,1,965.0,True
77780,1000,1,1,1.0,True
777844,1000,1,0,,False
777896,1000,1,1,1.0,True
777942,1000,1,1,157.0,True
778231,1000,1,1,11.0,True
778464,1000,1,1,8.0,True
778567,1000,1,0,,False
778642,1000,1,1,1.0,True
778660,1000,1,1,8.0,True
778720,1000,1,1,395.0,True
778834,1000,1,1,7.0,True
778962,1000,1,1,19.0,True
778990,1000,1,1,30.0,True
779172,1000,2,2,3.0,True
779382,1000,1,1,433.0,True
779399,1000,1,1,259.0,True
779592,1000,1,1,4.0,True
77964,1000,1,1,5.0,True
779873,1000,1,0,,False
779960,1000,2,1,21.0,True
78010,1000,1,1,32.0,True
780414,1000,1,1,8.0,True
78044,1000,1,1,1.0,True
780454,1000,1,1,290.0,True
780518,1000,1,0,,False
780653,1000,1,0,,False
780884,1000,1,1,23.0,True
781389,1000,1,1,4.0,True
781629,1000,1,1,3.0,True
78191,1000,1,0,,False
782179,1000,1,0,,False
782214,1000,1,1,11.0,True
782255,1000,1,1,599.0,True
782323,1000,1,1,50.0,True
782452,1000,1,1,21.0,True
782458,1000,1,1,2.0,True
782463,1000,1,1,143.0,True
782495,1000,1,1,5.0,True
78260,1000,1,1,4.0,True
782674,1000,1,1,14.0,True
782716,1000,1,0,,False
782808,1000,1,0,,False
782845,1000,1,1,579.0,True
783001,1000,1,1,47.0,True
783207,1000,1,1,84.0,True
783328,1000,1,1,896.0,True
783499,1000,1,0,,False
783513,1000,1,1,66.0,True
783624,1000,1,1,40.0,True
783837,1000,1,0,,False
783953,1000,1,1,8.0,True
784066,1000,1,1,33.0,True
78413,1000,1,1,466.0,True
784239,1000,1,0,,False
784353,1000,1,1,157.0,True
784571,1000,1,1,2.0,True
784592,1000,1,1,1.0,True
784621,1000,1,1,445.0,True
784688,1000,1,0,,False
784695,1000,1,1,8.0,True
784837,1000,1,0,,False
785030,1000,4,1,1.0,True
785159,1000,1,1,29.0,True
785483,1000,1,1,4.0,True
786250,1000,1,1,6.0,True
786346,1000,1,1,2.0,True
786399,1000,1,1,20.0,True
786533,1000,1,1,1.0,True
786578,1000,1,1,447.0,True
786740,1000,1,1,2.0,True
786845,1000,1,1,1.0,True
786858,1000,1,1,13.0,True
786863,1000,1,0,,False
786977,1000,1,0,,False
787155,1000,1,1,87.0,True
787215,1000,1,0,,False
787247,1000,2,2,9.0,True
787249,1000,1,1,7.0,True
78731,1000,1,1,446.0,True
787345,1000,1,1,7.0,True
787497,1000,1,1,111.0,True
787507,1000,1,1,367.0,True
787644,1000,1,1,550.0,True
787780,1000,1,1,96.0,True
787835,1000,1,0,,False
787872,1000,1,1,119.0,True
787890,1000,1,1,7.0,True
787898,1000,1,1,24.0,True
787923,1000,1,1,657.0,True
788163,1000,1,1,3.0,True
788271,1000,1,1,2.0,True
788300,1000,1,0,,False
788479,1000,1,1,280.0,True
788536,1000,2,2,5.0,True
788647,1000,1,1,60.0,True
788656,1000,1,1,12.0,True
788748,1000,1,0,,False
788762,1000,1,1,11.0,True
788859,1000,1,0,,False
788903,1000,1,1,5.0,True
789060,1000,1,1,7.0,True
789070,1000,1,1,27.0,True
789237,1000,1,1,1.0,True
789282,1000,1,0,,False
78943,1000,1,1,23.0,True
789613,1000,1,1,79.0,True
789634,1000,1,1,11.0,True
789637,1000,2,2,4.0,True
789682,1000,1,1,21.0,True
789708,1000,1,1,11.0,True
789748,1000,1,1,26.0,True
789823,1000,1,1,1.0,True
789927,1000,1,1,12.0,True
790032,1000,1,1,31.0,True
790130,1000,1,1,9.0,True
790263,1000,1,1,444.0,True
790522,1000,1,0,,False
790523,1000,3,3,1.0,True
790832,1000,1,1,38.0,True
79088,1000,1,1,32.0,True
791123,1000,1,1,51.0,True
791182,1000,1,1,15.0,True
791395,1000,1,1,24.0,True
791756,1000,1,0,,False
791872,1000,1,1,636.0,True
791978,1000,1,1,3.0,True
792232,1000,1,1,4.0,True
792251,1000,1,1,1.0,True
792265,1000,1,1,12.0,True
792278,1000,1,1,21.0,True
792340,1000,1,1,55.0,True
792396,1000,1,1,4.0,True
792441,1000,1,1,10.0,True
792445,1000,1,1,1.0,True
792555,1000,1,1,962.0,True
792593,1000,1,1,10.0,True
79266,1000,1,1,1.0,True
792676,1000,1,0,,False
7927,1000,2,2,1.0,True
792984,1000,1,1,32.0,True
793042,1000,1,1,235.0,True
793134,1000,1,1,1.0,True
793219,1000,2,2,4.0,True
79324,1000,1,1,1.0,True
793350,1000,1,1,20.0,True
793376,1000,1,0,,False
79341,1000,1,1,2.0,True
793413,1000,1,1,3.0,True
793505,1000,1,1,8.0,True
793785,1000,1,1,1.0,True
793832,1000,1,0,,False
793948,1000,1,1,15.0,True
794240,1000,1,1,1.0,True
794425,1000,1,1,4.0,True
794432,1000,1,1,106.0,True
794464,1000,1,1,13.0,True
794465,1000,1,1,13.0,True
794527,1000,1,1,891.0,True
794920,1000,1,1,1.0,True
795052,1000,1,1,1.0,True
795224,1000,1,1,756.0,True
795265,1000,1,1,36.0,True
795363,1000,1,1,1.0,True
7955,1000,1,1,120.0,True
795520,1000,1,1,20.0,True
795666,1000,1,1,38.0,True
795751,1000,1,1,259.0,True
795756,1000,2,2,12.0,True
795838,1000,1,1,61.0,True
795892,1000,1,1,4.0,True
79590,1000,2,2,1.0,True
796449,1000,1,1,5.0,True
796526,1000,1,1,4.0,True
796544,1000,1,1,2.0,True
796578,1000,1,1,702.0,True
79674,1000,1,1,150.0,True
796756,1000,1,1,1.0,True
796898,1000,1,1,143.0,True
796911,1000,1,1,804.0,True
797229,1000,1,1,8.0,True
797326,1000,1,1,8.0,True
797382,1000,1,1,1.0,True
797407,1000,1,0,,False
797666,1000,1,1,27.0,True
797792,1000,1,1,124.0,True
797814,1000,1,1,8.0,True
797901,1000,1,1,13.0,True
797923,1000,1,1,8.0,True
797988,1000,1,0,,False
798040,1000,1,0,,False
798112,1000,1,1,5.0,True
798143,1000,1,1,32.0,True
798173,1000,1,1,485.0,True
798241,1000,2,2,6.0,True
798349,1000,1,1,4.0,True
798373,1000,1,1,5.0,True
798404,1000,1,1,8.0,True
798409,1000,1,1,41.0,True
79879,1000,1,1,1.0,True
799054,1000,1,1,11.0,True
799093,1000,1,1,3.0,True
799307,1000,1,1,4.0,True
799308,1000,1,1,1.0,True
799318,1000,1,1,6.0,True
799381,1000,1,1,3.0,True
799394,1000,1,1,75.0,True
799448,1000,1,1,102.0,True
799591,1000,1,1,202.0,True
799665,1000,1,1,7.0,True
799720,1000,1,1,4.0,True
799758,1000,1,1,3.0,True
799888,1000,1,1,1.0,True
799956,1000,1,1,12.0,True
800003,1000,1,1,14.0,True
800143,1000,1,0,,False
800155,1000,1,1,277.0,True
800256,1000,1,1,9.0,True
800289,1000,1,1,8.0,True
800380,1000,1,1,43.0,True
800557,1000,1,1,22.0,True
800737,1000,1,1,31.0,True
800934,1000,2,2,6.0,True
801099,1000,1,1,5.0,True
801170,1000,1,1,23.0,True
801254,1000,1,1,4.0,True
801283,1000,1,1,85.0,True
801408,1000,1,1,1.0,True
801512,1000,1,0,,False
801596,1000,1,1,9.0,True
801686,1000,1,1,6.0,True
801735,1000,1,1,77.0,True
801744,1000,1,1,7.0,True
801784,1000,1,0,,False
801793,1000,1,1,3.0,True
801922,1000,1,1,36.0,True
802020,1000,1,1,12.0,True
802025,1000,1,1,7.0,True
802308,1000,1,1,1.0,True
802311,1000,1,1,642.0,True
80235,1000,1,1,2.0,True
802390,1000,1,1,5.0,True
802510,1000,1,1,13.0,True
802583,1000,1,1,1.0,True
802684,1000,1,1,1.0,True
802866,1000,1,1,4.0,True
802923,1000,1,1,185.0,True
802928,1000,1,1,2.0,True
803112,1000,1,1,5.0,True
803382,1000,1,1,3.0,True
803540,1000,1,1,1.0,True
803741,1000,1,1,1.0,True
803769,1000,1,1,1.0,True
803924,1000,1,1,33.0,True
803952,1000,1,1,836.0,True
804016,1000,1,1,306.0,True
804216,1000,1,1,8.0,True
804261,1000,1,1,3.0,True
804537,1000,1,1,7.0,True
804725,1000,1,1,6.0,True
80479,1000,1,1,283.0,True
804974,1000,1,1,1.0,True
80501,1000,1,0,,False
80504,1000,1,1,2.0,True
805166,1000,1,1,1.0,True
805231,1000,1,0,,False
805269,1000,2,2,5.0,True
805310,1000,1,1,12.0,True
805436,1000,1,1,19.0,True
805440,1000,1,1,5.0,True
805491,1000,1,1,620.0,True
805717,1000,1,0,,False
805768,1000,1,1,9.0,True
805868,1000,1,1,9.0,True
805896,1000,1,1,20.0,True
805999,1000,1,0,,False
806106,1000,1,0,,False
806118,1000,1,0,,False
806255,1000,1,1,4.0,True
806306,1000,1,0,,False
806330,1000,2,1,909.0,True
806352,1000,1,0,,False
806695,1000,1,1,168.0,True
806847,1000,1,1,1.0,True
806877,1000,1,1,1.0,True
806888,1000,1,1,10.0,True
807109,1000,1,0,,False
807319,1000,1,1,31.0,True
807781,1000,1,1,2.0,True
807983,1000,1,0,,False
808260,1000,1,1,72.0,True
808299,1000,1,1,30.0,True
808342,1000,1,1,2.0,True
808426,1000,1,1,873.0,True
808810,1000,1,1,6.0,True
808839,1000,1,1,117.0,True
808925,1000,1,0,,False
809111,1000,1,1,4.0,True
809148,1000,1,1,152.0,True
809199,1000,1,1,2.0,True
809248,1000,1,1,38.0,True
80930,1000,1,1,4.0,True
80934,1000,2,2,1.0,True
809360,1000,2,2,164.0,True
809608,1000,1,1,356.0,True
809649,1000,1,1,2.0,True
809679,1000,1,1,4.0,True
809814,1000,1,0,,False
809845,1000,1,1,1.0,True
80994,1000,1,1,1.0,True
810193,1000,1,0,,False
810218,1000,2,2,3.0,True
810281,1000,1,0,,False
810332,1000,1,1,20.0,True
810400,1000,1,1,92.0,True
810583,1000,2,2,27.0,True
810772,1000,1,1,307.0,True
810785,1000,1,1,16.0,True
810921,1000,1,1,7.0,True
810943,1000,1,0,,False
810970,1000,1,1,34.0,True
811022,1000,1,1,64.0,True
811033,1000,1,1,3.0,True
811217,1000,1,1,15.0,True
811337,1000,1,1,2.0,True
811398,1000,1,1,1.0,True
811429,1000,1,1,1.0,True
811496,1000,1,1,11.0,True
811675,1000,1,1,12.0,True
811810,1000,1,1,22.0,True
812142,1000,1,1,3.0,True
812730,1000,1,1,45.0,True
812873,1000,1,1,57.0,True
812923,1000,1,1,231.0,True
813138,1000,1,1,98.0,True
813219,1000,1,1,2.0,True
813283,1000,1,1,591.0,True
813398,1000,2,2,53.0,True
813442,1000,1,1,2.0,True
813599,1000,1,0,,False
813606,1000,1,0,,False
813651,1000,1,1,54.0,True
813756,1000,1,1,90.0,True
813824,1000,1,0,,False
814049,1000,1,1,26.0,True
814074,1000,1,1,30.0,True
814092,1000,1,0,,False
814209,1000,1,1,246.0,True
814210,1000,1,1,52.0,True
814500,1000,1,0,,False
814601,1000,1,1,4.0,True
815001,1000,1,1,262.0,True
815077,1000,1,0,,False
815133,1000,1,1,16.0,True
815540,1000,1,0,,False
815574,1000,1,1,49.0,True
815586,1000,1,1,99.0,True
815674,1000,1,1,6.0,True
815715,1000,1,1,67.0,True
815738,1000,1,1,1.0,True
816001,1000,1,1,1.0,True
816029,1000,2,1,4.0,True
816033,1000,1,1,245.0,True
816112,1000,1,1,1.0,True
816500,1000,2,2,2.0,True
816626,1000,1,1,5.0,True
816753,1000,1,0,,False
816917,1000,1,1,54.0,True
816931,1000,2,2,2.0,True
816945,1000,1,1,3.0,True
817025,1000,1,1,5.0,True
817038,1000,1,1,73.0,True
817131,1000,1,1,21.0,True
817173,1000,1,1,116.0,True
817176,1000,2,0,,False
817232,1000,2,1,6.0,True
817234,1000,1,1,3.0,True
817442,1000,1,1,812.0,True
817524,1000,2,2,8.0,True
817560,1000,3,1,721.0,True
817584,1000,1,1,1.0,True
8176,1000,1,1,191.0,True
817843,1000,2,2,26.0,True
817999,1000,2,2,3.0,True
818019,1000,1,1,7.0,True
818141,1000,1,1,5.0,True
818143,1000,1,1,2.0,True
818198,1000,2,2,18.0,True
818381,1000,1,1,214.0,True
8184,1000,1,0,,False
818428,1000,2,1,5.0,True
81884,1000,1,1,1.0,True
818962,1000,1,1,1.0,True
819107,1000,1,1,74.0,True
819136,1000,1,1,1.0,True
819166,1000,1,1,141.0,True
819199,1000,1,1,626.0,True
819231,1000,1,1,5.0,True
819313,1000,1,1,242.0,True
819358,1000,1,1,31.0,True
819386,1000,1,1,6.0,True
81943,1000,1,1,14.0,True
819481,1000,1,1,13.0,True
819482,1000,1,1,11.0,True
819494,1000,1,1,2.0,True
819681,1000,1,1,7.0,True
819721,1000,1,1,4.0,True
819865,1000,1,0,,False
819940,1000,1,0,,False
81998,1000,1,1,44.0,True
820003,1000,1,1,120.0,True
820457,1000,1,1,527.0,True
820465,1000,1,1,825.0,True
820532,1000,1,1,46.0,True
820585,1000,1,1,2.0,True
820705,1000,1,0,,False
820872,1000,1,1,196.0,True
820939,1000,1,1,48.0,True
821033,1000,1,1,88.0,True
821234,1000,1,1,1.0,True
821281,1000,1,0,,False
821427,1000,1,1,254.0,True
821430,1000,2,1,288.0,True
821534,1000,1,1,57.0,True
821686,1000,1,1,12.0,True
821691,1000,1,1,89.0,True
821789,1000,1,1,9.0,True
822149,1000,1,1,2.0,True
822373,1000,1,1,245.0,True
822414,1000,1,1,27.0,True
822557,1000,1,1,1.0,True
822632,1000,1,1,5.0,True
822722,1000,1,0,,False
822959,1000,1,1,13.0,True
823033,1000,1,1,640.0,True
823226,1000,1,1,5.0,True
823341,1000,1,1,47.0,True
823417,1000,1,0,,False
823486,1000,1,0,,False
82352,1000,1,1,244.0,True
823719,1000,1,1,16.0,True
823967,1000,1,1,65.0,True
823973,1000,1,0,,False
823993,1000,2,2,7.0,True
824030,1000,1,1,169.0,True
824071,1000,1,0,,False
824122,1000,1,1,11.0,True
824146,1000,1,1,2.0,True
824227,1000,1,1,997.0,True
824317,1000,1,1,97.0,True
824359,1000,1,0,,False
824449,1000,1,0,,False
82450,1000,1,1,12.0,True
824598,1000,1,1,550.0,True
824711,1000,1,1,222.0,True
824722,1000,1,1,52.0,True
82481,1000,1,1,44.0,True
824827,1000,1,1,4.0,True
824855,1000,1,1,543.0,True
824900,1000,1,1,35.0,True
824970,1000,1,0,,False
825229,1000,1,0,,False
825515,1000,1,1,280.0,True
825675,1000,1,0,,False
825714,1000,1,1,22.0,True
825744,1000,1,1,102.0,True
825749,1000,1,1,88.0,True
825924,1000,1,1,4.0,True
826182,1000,1,1,592.0,True
826254,1000,1,1,64.0,True
826331,1000,1,1,5.0,True
826653,1000,1,1,2.0,True
826672,1000,1,1,2.0,True
826793,1000,1,1,19.0,True
826838,1000,1,1,44.0,True
82697,1000,1,0,,False
827046,1000,1,1,9.0,True
827073,1000,1,1,9.0,True
827091,1000,1,1,1.0,True
827149,1000,1,1,6.0,True
827153,1000,1,1,15.0,True
827233,1000,1,1,564.0,True
827442,1000,1,0,,False
827453,1000,1,1,18.0,True
82746,1000,1,1,38.0,True
827500,1000,1,1,39.0,True
827508,1000,1,0,,False
827568,1000,1,0,,False
827669,1000,1,1,1.0,True
827690,1000,1,1,6.0,True
827710,1000,1,1,1.0,True
827724,1000,1,1,11.0,True
827752,1000,1,1,10.0,True
827799,1000,1,1,53.0,True
828005,1000,1,0,,False
82809,594,1,1,142.0,True
828237,1000,1,1,17.0,True
828290,1000,1,1,1.0,True
828411,1000,1,1,1.0,True
828464,1000,1,1,1.0,True
828483,1000,1,1,239.0,True
828493,1000,1,1,1.0,True
828511,1000,2,2,5.0,True
828592,1000,1,1,1.0,True
828730,1000,1,0,,False
828783,1000,1,1,33.0,True
828792,1000,1,1,9.0,True
828964,1000,1,1,4.0,True
829034,1000,1,1,3.0,True
829095,1000,1,1,15.0,True
82911,1000,1,1,44.0,True
829153,1000,1,0,,False
829285,1000,1,0,,False
829544,1000,1,0,,False
829551,1000,1,1,1.0,True
829609,1000,1,0,,False
829662,1000,1,0,,False
829691,1000,1,0,,False
829764,1000,1,1,3.0,True
829785,1000,1,1,782.0,True
829890,1000,1,1,1.0,True
829960,1000,1,1,280.0,True
830113,1000,1,0,,False
830273,1000,1,1,35.0,True
830324,1000,1,1,2.0,True
830380,1000,1,1,59.0,True
830498,1000,1,1,8.0,True
830845,1000,1,1,2.0,True
830850,1000,1,1,49.0,True
830983,1000,1,1,4.0,True
830992,1000,1,1,3.0,True
830995,1000,1,0,,False
831239,1000,1,1,80.0,True
831321,1000,1,1,30.0,True
831351,1000,1,1,5.0,True
831511,1000,1,1,22.0,True
831765,1000,1,1,6.0,True
831814,1000,1,1,5.0,True
831845,1000,1,1,295.0,True
832065,1000,1,1,561.0,True
832309,1000,1,1,434.0,True
832317,1000,1,1,14.0,True
832334,1000,1,1,1.0,True
83242,1000,1,1,19.0,True
832428,1000,1,1,52.0,True
832493,1000,1,1,354.0,True
832557,1000,1,1,50.0,True
832597,1000,1,1,11.0,True
832647,1000,1,1,6.0,True
832763,1000,1,0,,False
832823,1000,1,1,6.0,True
832825,1000,1,1,146.0,True
832942,1000,1,1,69.0,True
8331,1000,1,1,29.0,True
833340,1000,1,1,9.0,True
833474,1000,1,1,954.0,True
83359,1000,2,2,3.0,True
833615,1000,1,1,215.0,True
833636,1000,1,1,2.0,True
833650,1000,1,1,350.0,True
833673,1000,1,1,8.0,True
833686,1000,1,0,,False
833707,1000,1,1,10.0,True
833734,1000,1,0,,False
833842,1000,1,1,10.0,True
833926,1000,1,0,,False
833944,1000,1,1,31.0,True
833983,1000,1,0,,False
834014,1000,1,0,,False
834220,1000,1,1,8.0,True
834243,1000,1,1,35.0,True
834309,1000,1,1,1.0,True
834367,1000,1,1,1.0,True
83459,1000,2,2,2.0,True
834606,1000,1,1,111.0,True
834649,1000,1,1,2.0,True
83487,1000,1,1,37.0,True
835080,1000,1,1,3.0,True
835125,1000,1,1,39.0,True
83537,1000,1,0,,False
835656,1000,1,1,2.0,True
835674,1000,3,2,86.0,True
835711,1000,1,1,1.0,True
835876,1000,1,1,2.0,True
83590,1000,1,1,204.0,True
835926,1000,1,1,1.0,True
836113,1000,1,1,2.0,True
836122,1000,1,0,,False
836231,1000,1,1,127.0,True
836307,1000,1,0,,False
836375,1000,1,1,14.0,True
836391,1000,1,1,1.0,True
836417,1000,1,1,4.0,True
836432,1000,1,1,54.0,True
836455,1000,1,1,10.0,True
836548,1000,1,1,103.0,True
836629,1000,1,1,3.0,True
836684,1000,1,1,32.0,True
836760,1000,1,0,,False
836764,1000,2,2,92.0,True
836788,1000,1,1,81.0,True
837073,1000,1,1,17.0,True
837074,1000,1,1,68.0,True
837083,1000,1,1,62.0,True
83714,1000,1,1,27.0,True
837177,1000,1,1,46.0,True
837247,1000,1,1,8.0,True
837369,1000,2,2,24.0,True
837480,1000,1,0,,False
837484,1000,1,1,26.0,True
837581,1000,1,0,,False
837582,1000,1,1,309.0,True
837757,1000,1,1,42.0,True
837931,1000,1,0,,False
838013,1000,1,0,,False
838108,1000,1,0,,False
838109,1000,1,0,,False
838129,1000,1,1,82.0,True
838141,1000,1,1,469.0,True
83817,1000,1,1,1.0,True
838177,1000,1,1,72.0,True
838210,1000,1,1,235.0,True
83823,1000,2,2,7.0,True
838256,1000,1,0,,False
838446,1000,1,0,,False
838552,1000,1,0,,False
838701,1000,1,1,800.0,True
83874,1000,1,1,11.0,True
838988,1000,1,1,162.0,True
839127,1000,1,0,,False
839220,1000,1,1,9.0,True
839223,1000,1,1,595.0,True
839260,1000,1,0,,False
83935,1000,1,1,6.0,True
83939,1000,1,0,,False
839421,1000,1,1,704.0,True
839608,1000,1,1,494.0,True
8397,1000,2,2,30.0,True
83994,1000,1,0,,False
839959,1000,2,2,1.0,True
840060,1000,1,1,492.0,True
840087,1000,1,0,,False
840123,1000,1,1,18.0,True
840154,1000,1,1,35.0,True
840329,1000,1,1,21.0,True
840623,1000,1,1,230.0,True
840677,1000,1,1,85.0,True
841079,1000,1,1,22.0,True
84121,1000,1,0,,False
841618,1000,1,0,,False
84170,1000,1,1,1.0,True
841798,1000,1,0,,False
841951,1000,1,1,22.0,True
84199,1000,2,2,269.0,True
842014,1000,1,1,185.0,True
842063,1000,1,1,18.0,True
842141,1000,1,1,29.0,True
842189,1000,1,1,3.0,True
842243,1000,1,1,5.0,True
842259,1000,1,1,18.0,True
842269,1000,1,1,29.0,True
842314,1000,1,1,194.0,True
842374,1000,1,1,171.0,True
842382,1000,1,1,2.0,True
842436,1000,1,1,3.0,True
842491,1000,1,1,88.0,True
842508,1000,1,0,,False
842807,1000,1,1,12.0,True
842909,1000,1,1,7.0,True
842961,1000,1,1,1.0,True
843091,1000,1,1,420.0,True
843150,1000,1,1,39.0,True
843235,1000,1,1,1.0,True
843345,1000,1,1,4.0,True
843348,1000,1,1,2.0,True
843352,1000,1,1,45.0,True
84377,1000,1,0,,False
843946,1000,1,1,9.0,True
84406,1000,1,0,,False
844072,1000,1,1,13.0,True
844180,1000,1,1,905.0,True
844220,1000,1,0,,False
844236,1000,1,1,11.0,True
844319,1000,1,1,129.0,True
844482,1000,1,1,59.0,True
844500,1000,1,1,17.0,True
844515,1000,1,0,,False
844588,1000,1,0,,False
844638,1000,1,1,5.0,True
844747,1000,1,0,,False
844767,1000,1,1,26.0,True
844777,1000,1,1,14.0,True
844801,1000,1,1,120.0,True
844886,1000,1,1,112.0,True
844987,1000,1,1,1.0,True
845003,1000,1,1,1.0,True
845177,1000,1,0,,False
845277,1000,1,1,45.0,True
845328,1000,1,0,,False
84548,1000,1,1,21.0,True
845585,1000,1,1,2.0,True
84559,1000,1,0,,False
845669,1000,1,1,2.0,True
845728,1000,1,1,18.0,True
846239,1000,1,1,6.0,True
846259,1000,1,1,13.0,True
846269,1000,1,0,,False
846380,1000,1,1,9.0,True
846598,1000,1,1,73.0,True
846637,1000,1,0,,False
846985,1000,1,1,161.0,True
847268,1000,2,2,14.0,True
847355,1000,1,1,3.0,True
84736,1000,3,3,8.0,True
847396,1000,1,1,210.0,True
847454,1000,1,1,407.0,True
847755,1000,1,1,14.0,True
848057,1000,1,1,2.0,True
848227,1000,1,1,10.0,True
848345,1000,1,1,613.0,True
848370,1000,1,1,4.0,True
848371,1000,1,1,3.0,True
848406,1000,1,0,,False
848567,1000,1,1,332.0,True
848583,1000,1,1,301.0,True
848809,1000,1,1,511.0,True
84889,1000,1,1,93.0,True
848908,1000,1,1,54.0,True
84895,1000,1,0,,False
849070,1000,1,1,3.0,True
849075,1000,1,1,884.0,True
849167,1000,1,0,,False
84949,1000,1,1,62.0,True
849536,1000,1,1,35.0,True
849598,1000,1,1,677.0,True
849612,1000,1,0,,False
849631,1000,1,0,,False
849672,1000,1,1,10.0,True
849801,1000,1,1,19.0,True
849970,1000,1,1,257.0,True
850032,1000,1,1,1.0,True
85005,1000,1,1,288.0,True
850117,1000,1,0,,False
850163,1000,1,1,3.0,True
850179,1000,1,0,,False
850258,1000,1,1,3.0,True
850432,1000,1,0,,False
850699,1000,1,0,,False
85084,1000,1,1,12.0,True
85102,1000,1,0,,False
851198,1000,1,0,,False
851279,1000,1,0,,False
851320,1000,1,1,275.0,True
851558,1000,1,0,,False
851568,1000,1,1,1.0,True
851644,1000,1,1,10.0,True
851727,1000,2,2,251.0,True
851839,1000,1,0,,False
852405,1000,1,1,1.0,True
852501,1000,1,0,,False
852565,1000,1,1,163.0,True
852629,1000,1,1,265.0,True
852683,1000,1,1,652.0,True
852698,1000,1,1,34.0,True
852705,1000,1,1,209.0,True
852897,1000,1,1,6.0,True
853003,1000,1,1,59.0,True
853071,1000,1,1,9.0,True
853244,1000,1,1,439.0,True
853419,1000,1,1,43.0,True
853488,1000,1,1,618.0,True
85354,1000,1,1,6.0,True
853618,1000,1,1,31.0,True
853749,1000,2,2,30.0,True
853760,1000,1,1,121.0,True
853965,1000,1,1,482.0,True
854046,1000,1,0,,False
854131,1000,1,1,206.0,True
854154,1000,1,1,39.0,True
854237,1000,2,2,7.0,True
854323,1000,1,0,,False
854435,1000,2,2,10.0,True
854484,1000,1,0,,False
854759,1000,1,1,347.0,True
854761,1000,1,0,,False
85480,1000,1,1,1.0,True
854837,1000,1,1,9.0,True
854853,1000,1,1,3.0,True
855083,1000,1,1,1.0,True
855117,1000,1,1,3.0,True
855159,1000,1,1,4.0,True
855176,1000,1,1,4.0,True
855278,1000,1,1,5.0,True
855425,1000,1,1,49.0,True
855442,1000,1,1,13.0,True
855535,1000,1,1,25.0,True
855540,1000,1,1,513.0,True
855668,1000,1,1,196.0,True
855688,1000,1,1,1.0,True
85574,1000,1,0,,False
855944,1000,1,1,26.0,True
85621,1000,1,1,178.0,True
856294,1000,1,1,11.0,True
856460,1000,1,1,57.0,True
856468,1000,1,1,1.0,True
856484,1000,1,1,717.0,True
856486,1000,1,1,12.0,True
856625,1000,1,1,61.0,True
856639,1000,1,1,59.0,True
856784,1000,1,1,2.0,True
856894,1000,1,1,21.0,True
857278,1000,1,1,66.0,True
857490,1000,1,1,7.0,True
857622,1000,1,1,7.0,True
857711,1000,1,1,197.0,True
857755,1000,1,1,5.0,True
857776,1000,1,1,472.0,True
857918,1000,1,0,,False
858345,1000,1,1,414.0,True
858349,1000,1,1,4.0,True
858364,1000,1,1,2.0,True
858503,1000,1,1,7.0,True
858527,1000,1,1,213.0,True
858820,1000,1,1,7.0,True
858885,1000,1,1,20.0,True
858897,1000,1,1,275.0,True
85908,1000,1,1,100.0,True
859134,1000,1,1,38.0,True
859315,1000,1,1,382.0,True
859468,1000,1,1,15.0,True
859484,1000,1,1,9.0,True
859579,1000,1,1,82.0,True
859618,1000,1,0,,False
859686,1000,1,1,38.0,True
859797,1000,1,0,,False
859852,1000,1,0,,False
859920,1000,1,1,39.0,True
860103,1000,1,1,11.0,True
860156,1000,1,1,16.0,True
860212,1000,1,1,164.0,True
860216,1000,1,0,,False
860249,1000,1,1,2.0,True
860273,1000,1,1,1.0,True
860382,1000,1,1,339.0,True
860444,1000,1,1,3.0,True
860653,1000,1,1,10.0,True
860682,1000,1,1,2.0,True
860721,1000,1,1,3.0,True
860746,1000,1,1,2.0,True
860759,1000,1,1,26.0,True
860886,1000,1,1,45.0,True
860907,1000,1,1,125.0,True
860946,1000,1,1,13.0,True
861371,1000,1,1,876.0,True
861758,1000,1,1,281.0,True
861833,1000,1,1,10.0,True
861867,1000,1,1,8.0,True
861994,1000,1,1,1.0,True
862209,1000,1,1,74.0,True
862269,1000,1,1,185.0,True
862320,1000,1,1,2.0,True
862495,1000,1,1,21.0,True
862606,1000,1,1,7.0,True
862648,1000,1,1,2.0,True
862672,1000,1,1,4.0,True
862893,1000,1,1,4.0,True
862954,1000,1,1,57.0,True
862968,1000,1,1,3.0,True
862969,1000,1,1,93.0,True
863028,1000,1,1,6.0,True
863182,1000,1,1,11.0,True
8632,1000,1,0,,False
863221,1000,1,1,84.0,True
863267,1000,1,0,,False
863406,1000,1,0,,False
863461,1000,1,1,2.0,True
86364,1000,2,2,14.0,True
863695,1000,1,1,4.0,True
863755,1000,1,1,7.0,True
863760,1000,1,1,12.0,True
863849,1000,1,1,15.0,True
863994,1000,1,1,6.0,True
864026,1000,2,2,1.0,True
864103,1000,1,1,3.0,True
864344,1000,1,1,2.0,True
864568,1000,1,0,,False
864797,1000,1,1,34.0,True
864857,1000,1,1,16.0,True
864907,1000,1,1,16.0,True
865014,1000,1,1,14.0,True
865167,1000,1,0,,False
865211,1000,1,1,2.0,True
865294,1000,1,1,195.0,True
865321,1000,1,0,,False
865512,1000,1,0,,False
865520,1000,1,1,45.0,True
865530,1000,1,1,188.0,True
865543,1000,1,0,,False
865554,1000,1,1,72.0,True
86581,1000,2,0,,False
865834,1000,1,1,73.0,True
865862,1000,1,1,7.0,True
86589,1000,1,1,153.0,True
866066,1000,1,1,2.0,True
866087,1000,1,1,297.0,True
8664,1000,1,1,1.0,True
866714,1000,1,1,27.0,True
866754,1000,1,1,5.0,True
866834,1000,1,0,,False
866973,1000,1,1,48.0,True
8670,1000,1,1,1.0,True
867071,1000,1,1,2.0,True
867146,1000,1,1,2.0,True
867295,1000,1,1,11.0,True
867309,1000,1,1,175.0,True
867366,1000,1,1,17.0,True
867390,1000,1,0,,False
867578,1000,1,1,357.0,True
867594,1000,1,1,16.0,True
867805,1000,1,1,3.0,True
86787,1000,2,1,256.0,True
867905,1000,1,1,359.0,True
867925,1000,1,0,,False
867936,1000,1,1,31.0,True
867955,1000,1,1,509.0,True
8680,1000,1,1,1.0,True
868087,1000,1,1,64.0,True
868230,1000,1,1,1.0,True
868328,1000,1,1,138.0,True
868341,1000,1,0,,False
868379,1000,1,0,,False
868462,1000,1,1,4.0,True
868620,1000,1,1,8.0,True
868642,1000,1,1,1.0,True
868659,1000,1,0,,False
868784,1000,1,1,176.0,True
868885,1000,2,2,5.0,True
869174,1000,1,1,389.0,True
869468,1000,1,1,2.0,True
869498,1000,1,1,492.0,True
869518,1000,1,1,31.0,True
869744,1000,1,1,174.0,True
869833,1000,2,2,19.0,True
869913,1000,1,0,,False
87020,1000,1,1,4.0,True
870218,1000,1,0,,False
870353,1000,1,1,1.0,True
870358,1000,1,1,609.0,True
870381,1000,1,1,57.0,True
870390,1000,1,0,,False
870471,1000,1,1,233.0,True
870610,1000,1,1,32.0,True
870659,1000,1,0,,False
870675,1000,1,0,,False
870677,1000,1,1,85.0,True
870727,1000,1,1,659.0,True
870867,1000,1,1,30.0,True
870882,1000,1,0,,False
870989,1000,1,1,2.0,True
871021,1000,1,1,619.0,True
871094,1000,1,1,422.0,True
871132,1000,1,0,,False
871232,1000,1,1,3.0,True
87135,1000,1,0,,False
871574,1000,1,0,,False
871629,1000,2,2,25.0,True
871634,1000,1,0,,False
871716,1000,1,0,,False
871794,1000,1,1,1.0,True
871952,1000,1,1,125.0,True
871977,1000,1,0,,False
872048,1000,1,1,409.0,True
872061,1000,1,0,,False
872069,1000,1,0,,False
872158,1000,1,1,226.0,True
872580,1000,1,1,80.0,True
872630,1000,1,1,5.0,True
872775,1000,1,1,1.0,True
872781,1000,3,0,,False
872803,1000,1,1,33.0,True
872879,1000,1,1,36.0,True
873103,1000,1,1,36.0,True
873440,1000,1,1,77.0,True
873533,1000,1,1,54.0,True
873594,1000,1,1,19.0,True
873622,1000,1,1,315.0,True
873722,1000,1,1,69.0,True
874023,1000,1,1,391.0,True
874041,1000,1,0,,False
874083,1000,1,1,1.0,True
874207,1000,1,1,482.0,True
874431,1000,1,1,909.0,True
874452,1000,1,1,3.0,True
874468,1000,1,1,228.0,True
874689,1000,1,1,290.0,True
874742,1000,1,1,3.0,True
87480,1000,1,0,,False
875064,1000,1,1,1.0,True
87523,1000,1,1,312.0,True
875283,1000,1,1,370.0,True
875337,1000,1,0,,False
875393,1000,1,1,8.0,True
875635,1000,1,1,74.0,True
87565,1000,1,1,7.0,True
875776,1000,1,1,11.0,True
875804,1000,1,1,6.0,True
875904,1000,1,0,,False
875947,1000,1,1,402.0,True
876061,1000,1,0,,False
876080,1000,1,0,,False
876104,1000,1,1,23.0,True
876136,1000,2,0,,False
876546,1000,1,1,478.0,True
876574,1000,1,1,192.0,True
876737,1000,1,1,245.0,True
876789,1000,1,1,14.0,True
876796,1000,1,1,60.0,True
876886,1000,1,1,62.0,True
876936,1000,3,0,,False
877007,1000,1,0,,False
877043,1000,1,1,137.0,True
877113,1000,2,1,45.0,True
877189,1000,1,1,571.0,True
877250,1000,2,1,48.0,True
877298,1000,1,1,14.0,True
877301,1000,1,0,,False
877455,1000,1,0,,False
877479,1000,1,1,28.0,True
877553,1000,1,1,453.0,True
877563,1000,1,1,106.0,True
877618,1000,1,0,,False
877628,1000,1,1,835.0,True
877725,1000,1,1,658.0,True
877799,1000,1,1,2.0,True
878026,1000,1,1,6.0,True
878030,1000,1,1,3.0,True
878124,1000,1,1,2.0,True
878131,1000,1,1,3.0,True
878272,1000,2,2,4.0,True
878509,1000,1,0,,False
878646,1000,1,1,7.0,True
878681,1000,1,0,,False
878721,1000,1,1,24.0,True
878810,1000,1,0,,False
878919,1000,1,0,,False
879366,1000,1,1,2.0,True
879891,1000,1,1,20.0,True
879974,1000,1,0,,False
880028,1000,1,1,196.0,True
880198,1000,1,0,,False
880451,1000,1,1,3.0,True
880471,1000,1,1,45.0,True
880473,1000,1,1,933.0,True
880634,1000,1,1,13.0,True
880673,1000,1,1,74.0,True
880733,1000,1,1,21.0,True
880777,1000,1,1,4.0,True
88105,1000,1,1,135.0,True
881222,1000,2,1,55.0,True
881257,1000,1,0,,False
881294,1000,1,1,3.0,True
881335,1000,1,1,2.0,True
881375,1000,1,1,467.0,True
881433,1000,1,1,9.0,True
881601,1000,1,1,1.0,True
881604,1000,1,0,,False
881642,1000,1,1,107.0,True
881713,1000,1,1,33.0,True
881813,1000,1,1,47.0,True
882165,1000,1,1,1.0,True
882443,1000,1,1,92.0,True
882488,1000,1,1,9.0,True
882512,1000,1,1,2.0,True
882583,1000,1,1,123.0,True
882796,1000,1,1,26.0,True
882841,1000,1,1,5.0,True
882843,1000,1,1,148.0,True
882884,1000,1,1,22.0,True
882889,1000,1,1,53.0,True
88294,1000,1,1,266.0,True
883087,1000,1,0,,False
883417,1000,1,1,5.0,True
883471,1000,1,1,7.0,True
883528,1000,1,1,2.0,True
883568,1000,1,1,13.0,True
883683,1000,2,2,95.0,True
883976,1000,1,1,105.0,True
884056,1000,1,1,37.0,True
884093,1000,1,0,,False
88415,1000,1,0,,False
88433,1000,2,2,1.0,True
884452,1000,1,1,57.0,True
884631,1000,1,1,83.0,True
884641,1000,1,1,38.0,True
884656,1000,1,1,2.0,True
884666,1000,1,1,15.0,True
884669,1000,2,2,2.0,True
884732,1000,1,0,,False
884821,1000,1,1,473.0,True
884838,1000,1,0,,False
885145,1000,1,1,1.0,True
885155,1000,1,1,10.0,True
885375,1000,1,1,366.0,True
885436,1000,1,1,512.0,True
885478,1000,1,0,,False
885643,1000,1,1,20.0,True
885784,1000,1,1,102.0,True
88582,1000,2,1,236.0,True
885820,1000,1,1,1.0,True
885862,1000,1,1,114.0,True
885978,1000,1,0,,False
886082,1000,1,1,6.0,True
88618,1000,1,1,96.0,True
886369,1000,1,1,503.0,True
886522,1000,1,1,762.0,True
886692,1000,1,1,16.0,True
886844,1000,1,1,1.0,True
886874,1000,1,1,558.0,True
886945,1000,2,2,82.0,True
887123,1000,1,1,19.0,True
887258,1000,1,1,162.0,True
887380,1000,1,1,575.0,True
887424,1000,1,1,6.0,True
887539,1000,1,1,84.0,True
887672,1000,1,1,454.0,True
887859,1000,1,1,4.0,True
887860,1000,1,1,712.0,True
887874,1000,1,1,4.0,True
88811,1000,1,1,153.0,True
888238,1000,1,1,29.0,True
888469,1000,1,1,147.0,True
888503,1000,1,0,,False
888571,1000,1,0,,False
888732,1000,1,0,,False
888748,1000,1,0,,False
888829,1000,1,1,23.0,True
889059,1000,1,1,277.0,True
88910,1000,1,0,,False
889119,1000,1,1,605.0,True
889153,1000,1,1,21.0,True
889277,1000,1,1,2.0,True
889335,1000,1,0,,False
889371,1000,1,1,245.0,True
889422,1000,1,1,130.0,True
889454,1000,1,1,13.0,True
889549,1000,1,1,1.0,True
889593,1000,1,1,14.0,True
889760,1000,2,2,1.0,True
889808,1000,1,1,232.0,True
889841,1000,1,1,1.0,True
889912,1000,1,1,17.0,True
88995,1000,1,1,105.0,True
890089,1000,1,1,18.0,True
89018,1000,2,2,2.0,True
890184,1000,1,1,1.0,True
89031,1000,1,0,,False
890485,1000,1,1,6.0,True
890549,1000,2,2,4.0,True
890552,1000,1,1,9.0,True
890575,1000,1,0,,False
890670,1000,1,1,3.0,True
890705,1000,1,1,496.0,True
890870,1000,1,1,274.0,True
891006,1000,1,1,13.0,True
891036,1000,1,1,110.0,True
891074,1000,1,1,1.0,True
891096,1000,1,1,10.0,True
891225,1000,1,1,1.0,True
89130,1000,1,1,170.0,True
891560,1000,1,1,19.0,True
891839,1000,1,1,298.0,True
892139,1000,1,1,159.0,True
892142,1000,1,1,148.0,True
892226,1000,1,0,,False
892259,1000,1,1,20.0,True
89229,1000,1,1,180.0,True
892378,1000,1,1,1.0,True
892459,1000,1,1,1.0,True
892681,1000,1,1,2.0,True
892761,1000,1,1,19.0,True
892877,1000,1,1,8.0,True
892935,1000,1,0,,False
892961,1000,1,1,364.0,True
89321,1000,1,1,8.0,True
893294,1000,1,0,,False
893483,1000,1,1,1.0,True
893529,1000,1,1,29.0,True
893723,1000,1,0,,False
893749,1000,1,0,,False
894203,1000,1,1,377.0,True
894217,1000,1,0,,False
894513,1000,1,1,11.0,True
894554,1000,1,1,120.0,True
894828,1000,1,1,1.0,True
895238,1000,2,2,24.0,True
895369,1000,1,0,,False
895405,1000,1,1,6.0,True
895409,1000,1,1,7.0,True
895517,1000,1,1,1.0,True
895659,1000,1,0,,False
89568,1000,1,1,81.0,True
89582,1000,1,1,22.0,True
896004,1000,2,1,8.0,True
896065,1000,1,1,217.0,True
896210,1000,1,0,,False
896232,1000,1,1,386.0,True
896243,1000,1,1,3.0,True
896275,1000,1,1,45.0,True
896429,1000,1,1,14.0,True
896492,1000,1,1,1.0,True
896880,1000,1,1,58.0,True
896982,1000,1,1,37.0,True
89703,1000,1,0,,False
89710,1000,1,0,,False
897145,1000,1,1,175.0,True
89727,1000,3,2,3.0,True
89728,1000,1,0,,False
897282,1000,1,1,32.0,True
897354,1000,1,1,233.0,True
897405,1000,1,1,14.0,True
897486,1000,1,1,298.0,True
8976,1000,2,2,1.0,True
897727,1000,1,1,25.0,True
897816,1000,1,1,67.0,True
897869,1000,1,1,461.0,True
897889,1000,1,1,1.0,True
897952,1000,1,1,106.0,True
898019,1000,1,1,31.0,True
898049,1000,1,1,27.0,True
898060,1000,2,2,1.0,True
898065,1000,1,1,31.0,True
898193,1000,1,1,18.0,True
898247,1000,1,1,369.0,True
898308,1000,1,1,1.0,True
898355,1000,1,0,,False
898408,1000,1,0,,False
898473,1000,1,1,1.0,True
898528,1000,1,1,36.0,True
898675,1000,1,0,,False
898729,1000,1,0,,False
898990,1000,1,1,171.0,True
899288,1000,1,1,357.0,True
899323,1000,1,1,614.0,True
899331,1000,1,1,17.0,True
899580,1000,1,1,1.0,True
899581,1000,2,1,1.0,True
899635,1000,1,1,188.0,True
899683,1000,1,1,536.0,True
89971,1000,1,0,,False
899748,1000,2,0,,False
899803,1000,2,1,15.0,True
899873,1000,1,1,1.0,True
900021,1000,1,1,93.0,True
900050,1000,1,1,11.0,True
900073,1000,1,1,32.0,True
900313,1000,1,1,2.0,True
900592,1000,1,1,160.0,True
900729,1000,1,1,198.0,True
90073,1000,1,1,27.0,True
900781,1000,1,1,4.0,True
900955,1000,1,0,,False
900972,1000,1,0,,False
901036,1000,1,0,,False
90111,1000,1,1,23.0,True
901115,1000,1,0,,False
901223,1000,1,0,,False
901320,1000,1,1,54.0,True
901526,1000,1,1,23.0,True
90167,1000,1,1,1.0,True
901820,1000,1,1,4.0,True
901919,1000,1,1,166.0,True
902064,1000,1,0,,False
902250,1000,1,0,,False
902312,1000,1,1,670.0,True
902387,1000,1,1,26.0,True
902391,1000,1,1,18.0,True
902733,1000,1,1,5.0,True
902763,1000,2,0,,False
902765,1000,1,1,3.0,True
902797,1000,1,1,3.0,True
902845,1000,2,2,2.0,True
902973,1000,1,1,301.0,True
903057,1000,1,1,97.0,True
903075,1000,1,0,,False
903099,1000,1,0,,False
903176,1000,1,1,2.0,True
903223,1000,1,1,59.0,True
90332,1000,1,1,36.0,True
903450,1000,2,1,112.0,True
903630,1000,1,1,27.0,True
9037,1000,1,0,,False
903967,1000,1,1,202.0,True
90397,1000,1,1,15.0,True
904267,1000,1,1,10.0,True
904270,1000,1,1,35.0,True
904294,1000,1,1,491.0,True
904316,1000,1,1,390.0,True
904482,1000,1,1,25.0,True
904516,1000,1,1,5.0,True
904596,1000,1,1,2.0,True
9048,1000,1,0,,False
904868,1000,1,1,13.0,True
905122,1000,1,1,10.0,True
905124,1000,1,1,6.0,True
905289,1000,1,1,47.0,True
90531,1000,1,1,36.0,True
905317,1000,1,0,,False
905387,1000,1,1,3.0,True
905400,1000,1,1,52.0,True
905520,1000,1,1,6.0,True
90556,1000,1,0,,False
905619,1000,1,1,1.0,True
905780,1000,1,1,3.0,True
905804,1000,1,1,88.0,True
90586,1000,1,0,,False
905928,1000,1,0,,False
906041,1000,1,1,190.0,True
906113,1000,1,1,5.0,True
906143,1000,1,1,47.0,True
906689,1000,1,1,4.0,True
906750,1000,1,1,47.0,True
90692,1000,1,1,119.0,True
906930,1000,1,0,,False
907110,1000,1,1,127.0,True
907112,1000,1,1,306.0,True
907178,1000,1,1,163.0,True
907280,1000,1,0,,False
907309,1000,1,0,,False
907315,1000,1,1,250.0,True
907433,1000,1,1,26.0,True
907487,1000,1,1,117.0,True
907541,1000,1,1,2.0,True
908062,1000,1,1,804.0,True
908271,1000,1,1,58.0,True
908433,1000,1,1,28.0,True
908472,1000,1,0,,False
908486,1000,1,1,55.0,True
908632,1000,1,1,3.0,True
908734,1000,1,1,14.0,True
9089,1000,1,1,78.0,True
909120,1000,1,0,,False
909121,1000,1,1,26.0,True
909183,1000,1,0,,False
909297,1000,1,1,2.0,True
909679,1000,1,1,368.0,True
909724,1000,1,1,91.0,True
909734,1000,1,0,,False
909802,1000,2,1,292.0,True
909881,1000,1,1,499.0,True
909973,1000,1,1,8.0,True
910063,1000,1,1,5.0,True
910217,1000,1,1,229.0,True
910234,1000,1,1,11.0,True
910244,1000,1,1,200.0,True
910544,1000,1,0,,False
910667,1000,1,1,1.0,True
910741,1000,1,1,280.0,True
910748,1000,1,1,102.0,True
910854,1000,1,1,27.0,True
91097,1000,1,1,1.0,True
911084,1000,1,0,,False
911157,1000,1,1,61.0,True
911189,1000,1,1,31.0,True
911338,1000,1,0,,False
911368,1000,1,0,,False
911644,1000,1,0,,False
911783,1000,1,1,5.0,True
911797,1000,1,0,,False
91197,1000,1,1,230.0,True
912058,1000,1,1,176.0,True
912315,1000,2,2,138.0,True
912332,1000,1,0,,False
912743,1000,1,1,128.0,True
912920,1000,1,1,6.0,True
912977,1000,1,1,95.0,True
913025,1000,1,0,,False
913283,1000,1,1,1.0,True
913310,1000,1,1,530.0,True
913320,1000,1,1,95.0,True
913361,1000,1,1,1.0,True
91338,1000,1,1,14.0,True
9134,1000,1,0,,False
913522,1000,1,1,20.0,True
913586,1000,1,1,1.0,True
913786,1000,1,1,788.0,True
913871,1000,1,1,1.0,True
913977,1000,1,1,1.0,True
914053,1000,1,0,,False
914071,1000,2,1,8.0,True
914122,1000,1,1,454.0,True
914204,1000,1,1,55.0,True
914329,1000,1,1,55.0,True
914387,1000,1,0,,False
914480,1000,1,1,5.0,True
914542,1000,1,1,100.0,True
914622,1000,1,1,5.0,True
914730,1000,1,1,1.0,True
914919,1000,1,1,1.0,True
914973,1000,1,0,,False
914988,1000,1,1,12.0,True
915001,1000,1,1,125.0,True
915302,1000,2,2,39.0,True
91534,1000,2,2,53.0,True
915358,1000,1,1,4.0,True
915382,1000,1,1,3.0,True
915397,1000,2,1,297.0,True
915480,1000,2,1,20.0,True
915612,1000,1,0,,False
915701,1000,1,1,5.0,True
915735,1000,1,1,391.0,True
91574,1000,1,0,,False
915928,1000,1,1,666.0,True
916281,1000,1,1,76.0,True
916366,1000,4,2,408.0,True
916400,1000,1,1,179.0,True
916423,1000,1,1,7.0,True
916466,1000,3,0,,False
916467,1000,1,1,41.0,True
916530,1000,1,1,28.0,True
916541,1000,1,1,26.0,True
916590,1000,1,1,193.0,True
916601,1000,1,0,,False
916619,1000,1,1,13.0,True
917001,1000,2,2,1.0,True
917238,1000,1,0,,False
917344,1000,1,1,172.0,True
917346,1000,1,1,380.0,True
917410,1000,1,0,,False
917577,1000,2,2,81.0,True
917674,1000,2,2,3.0,True
917677,1000,1,1,1.0,True
917772,1000,1,1,118.0,True
917923,1000,1,1,1.0,True
918065,1000,1,1,18.0,True
918126,1000,2,1,216.0,True
918149,1000,1,1,12.0,True
918151,1000,1,1,1.0,True
918170,1000,1,1,39.0,True
918289,1000,1,1,5.0,True
918427,1000,1,1,8.0,True
91857,1000,1,1,391.0,True
918711,1000,1,1,118.0,True
918722,1000,1,1,703.0,True
918833,1000,1,1,538.0,True
918947,1000,1,1,2.0,True
919174,1000,1,1,2.0,True
919233,1000,1,1,1.0,True
919261,1000,1,1,31.0,True
91931,1000,1,1,2.0,True
919312,1000,1,1,6.0,True
919358,1000,1,0,,False
919525,1000,1,1,196.0,True
91968,1000,1,1,349.0,True
919684,1000,1,1,242.0,True
919815,1000,1,1,2.0,True
919921,1000,1,1,107.0,True
919970,1000,1,1,36.0,True
919996,1000,1,1,666.0,True
920098,1000,1,1,68.0,True
920341,1000,1,1,5.0,True
920387,1000,1,1,58.0,True
920612,1000,1,1,34.0,True
920736,1000,1,1,94.0,True
920772,1000,1,1,21.0,True
920964,1000,1,1,60.0,True
921020,1000,1,0,,False
921212,1000,1,1,26.0,True
92128,1000,1,1,3.0,True
921379,1000,1,1,71.0,True
921477,1000,1,1,1.0,True
921597,1000,1,1,4.0,True
921682,1000,1,1,40.0,True
921683,1000,1,1,17.0,True
92178,1000,1,1,3.0,True
922058,1000,1,1,10.0,True
922189,1000,1,1,2.0,True
922471,1000,1,1,99.0,True
922540,1000,1,1,24.0,True
9227,1000,1,1,216.0,True
922790,1000,1,1,5.0,True
922853,1000,1,1,54.0,True
922865,1000,1,1,190.0,True
922948,1000,1,0,,False
923332,1000,1,1,15.0,True
923401,1000,1,1,3.0,True
923433,1000,1,1,12.0,True
923446,1000,1,1,164.0,True
923581,1000,1,1,95.0,True
923611,1000,1,1,3.0,True
923719,1000,1,1,2.0,True
923822,1000,1,1,3.0,True
924160,1000,1,1,12.0,True
924263,1000,1,1,4.0,True
924288,1000,1,1,329.0,True
924344,1000,1,1,114.0,True
924523,1000,1,0,,False
924647,1000,1,1,3.0,True
924663,1000,1,1,24.0,True
924760,1000,2,1,6.0,True
925356,1000,1,1,509.0,True
926014,1000,1,1,8.0,True
926207,1000,1,1,4.0,True
926307,1000,1,1,28.0,True
926416,1000,1,1,160.0,True
926503,1000,1,1,10.0,True
926509,1000,1,1,2.0,True
926535,1000,1,1,270.0,True
926538,1000,1,1,6.0,True
926648,1000,1,1,1.0,True
926657,1000,1,1,167.0,True
926735,1000,1,1,49.0,True
926801,1000,1,1,304.0,True
926963,1000,1,1,336.0,True
927217,1000,1,1,55.0,True
927234,1000,1,1,1.0,True
927245,1000,1,1,11.0,True
927256,1000,1,1,6.0,True
927397,1000,1,0,,False
92740,1000,1,1,2.0,True
927401,1000,1,1,1.0,True
927525,1000,1,1,18.0,True
927573,1000,1,0,,False
927765,1000,1,1,20.0,True
927809,1000,1,1,19.0,True
927816,1000,1,1,9.0,True
927880,1000,1,1,155.0,True
927910,1000,1,1,7.0,True
928059,1000,1,0,,False
92819,1000,1,1,3.0,True
928311,1000,1,0,,False
928343,1000,1,1,4.0,True
928409,1000,1,1,3.0,True
928439,1000,1,1,17.0,True
928489,1000,1,1,832.0,True
928593,1000,1,1,12.0,True
928748,1000,1,1,50.0,True
928840,1000,1,1,38.0,True
928926,1000,1,1,3.0,True
929024,1000,1,1,344.0,True
929053,1000,1,1,60.0,True
929271,1000,1,0,,False
929756,1000,1,0,,False
929791,1000,1,1,436.0,True
929837,1000,1,1,113.0,True
930069,1000,1,1,178.0,True
930129,1000,1,1,194.0,True
930138,1000,1,1,2.0,True
930257,1000,1,1,13.0,True
930297,1000,1,1,83.0,True
930472,1000,1,0,,False
930502,1000,1,1,4.0,True
93054,1000,1,1,12.0,True
930596,1000,1,1,837.0,True
930711,1000,1,1,917.0,True
930725,1000,1,1,591.0,True
930767,1000,1,1,961.0,True
93077,1000,1,1,4.0,True
930839,1000,1,0,,False
930845,1000,1,1,5.0,True
931008,1000,1,1,9.0,True
931047,1000,2,1,45.0,True
931131,1000,1,1,8.0,True
93126,1000,1,1,107.0,True
931260,1000,1,1,6.0,True
931275,1000,1,1,22.0,True
931344,1000,1,0,,False
931363,1000,1,1,20.0,True
931372,1000,1,1,539.0,True
931460,1000,1,1,179.0,True
931468,1000,1,1,150.0,True
931493,1000,1,1,110.0,True
931696,1000,1,1,5.0,True
931780,1000,2,2,17.0,True
931847,1000,1,1,3.0,True
931918,1000,1,1,21.0,True
932270,1000,1,1,2.0,True
932436,1000,1,1,1.0,True
932806,1000,1,1,2.0,True
932840,1000,1,1,2.0,True
932990,1000,1,1,351.0,True
933061,1000,3,2,253.0,True
933094,1000,1,1,23.0,True
933273,1000,1,1,93.0,True
933597,1000,1,1,344.0,True
933668,1000,1,1,196.0,True
933676,1000,1,0,,False
933804,1000,1,1,200.0,True
934093,1000,1,0,,False
93417,1000,1,1,3.0,True
93454,1000,1,0,,False
934555,1000,1,1,82.0,True
934648,1000,2,2,24.0,True
934787,1000,2,2,4.0,True
934826,1000,1,1,29.0,True
934880,1000,1,0,,False
935281,1000,1,1,687.0,True
935348,1000,1,1,263.0,True
935554,1000,1,1,7.0,True
935603,1000,1,1,93.0,True
935617,1000,1,1,7.0,True
935706,1000,1,0,,False
935749,1000,1,1,9.0,True
935780,1000,1,1,115.0,True
935839,1000,1,1,46.0,True
936053,1000,1,1,29.0,True
936366,1000,1,0,,False
936413,1000,1,0,,False
936492,1000,1,1,155.0,True
936593,1000,1,1,871.0,True
936645,1000,1,1,50.0,True
936712,1000,1,1,164.0,True
936748,1000,1,1,578.0,True
936842,1000,1,1,350.0,True
936979,1000,1,1,5.0,True
937060,1000,1,0,,False
937274,1000,1,1,15.0,True
937300,1000,1,1,6.0,True
937401,1000,1,1,6.0,True
937615,1000,1,1,799.0,True
937673,1000,1,1,749.0,True
93774,1000,1,1,1.0,True
937764,1000,1,0,,False
937863,1000,1,1,6.0,True
938180,1000,2,2,5.0,True
938184,1000,1,1,79.0,True
93827,1000,2,2,1.0,True
9388,1000,1,1,61.0,True
938824,1000,1,1,1.0,True
938968,1000,1,1,136.0,True
939136,1000,1,1,222.0,True
939163,1000,1,1,511.0,True
939191,1000,1,1,202.0,True
939314,1000,1,1,5.0,True
939366,1000,1,1,153.0,True
939405,1000,1,1,66.0,True
93965,1000,1,1,2.0,True
939868,1000,1,1,80.0,True
939938,1000,1,1,263.0,True
940144,1000,1,1,43.0,True
940181,1000,1,1,992.0,True
940209,1000,1,1,130.0,True
940230,1000,1,1,107.0,True
940281,1000,1,1,743.0,True
940404,1000,1,1,57.0,True
940416,1000,1,1,225.0,True
940457,1000,1,1,19.0,True
940460,1000,1,1,4.0,True
940481,1000,1,1,93.0,True
940519,1000,1,1,37.0,True
940640,1000,1,0,,False
940642,1000,1,1,3.0,True
940750,1000,1,0,,False
940787,1000,1,1,3.0,True
940804,1000,1,1,1.0,True
940814,1000,1,1,623.0,True
940962,1000,1,1,3.0,True
941012,1000,1,0,,False
941215,1000,1,1,114.0,True
941438,1000,1,0,,False
941605,1000,1,0,,False
941666,1000,1,0,,False
94168,1000,2,2,12.0,True
941699,1000,1,1,440.0,True
941884,1000,1,0,,False
94193,1000,1,1,2.0,True
941952,1000,1,0,,False
941983,1000,1,0,,False
942,1000,1,1,5.0,True
942143,1000,1,1,13.0,True
942158,1000,1,1,53.0,True
942212,1000,1,1,10.0,True
942307,1000,1,1,17.0,True
942347,1000,1,1,25.0,True
942388,1000,1,1,659.0,True
942433,1000,1,0,,False
942444,1000,1,0,,False
942494,1000,1,0,,False
942780,1000,1,1,59.0,True
942797,1000,1,1,618.0,True
942904,1000,1,1,74.0,True
942905,1000,1,1,61.0,True
94299,1000,1,0,,False
94312,1000,1,1,707.0,True
943201,1000,1,1,219.0,True
943244,1000,1,0,,False
943254,1000,1,0,,False
943301,1000,3,2,8.0,True
943311,1000,1,1,42.0,True
943450,1000,1,1,4.0,True
943466,1000,1,1,3.0,True
943626,1000,1,1,495.0,True
9438,1000,1,1,3.0,True
943802,1000,1,0,,False
943904,1000,1,1,676.0,True
943919,1000,1,1,724.0,True
944026,1000,1,0,,False
944066,1000,1,0,,False
944119,1000,1,0,,False
944180,1000,1,1,186.0,True
94419,1000,1,0,,False
944305,1000,1,1,227.0,True
944341,1000,1,1,4.0,True
944394,1000,1,1,62.0,True
944422,1000,1,1,1.0,True
944466,1000,1,0,,False
944472,1000,1,0,,False
94460,1000,1,1,8.0,True
944713,1000,1,1,297.0,True
944754,1000,1,1,1.0,True
944866,1000,1,1,1.0,True
944968,1000,2,0,,False
945165,1000,1,1,78.0,True
945168,1000,1,1,2.0,True
945195,1000,1,0,,False
945235,1000,1,1,7.0,True
945515,1000,1,0,,False
945613,1000,1,1,33.0,True
945656,1000,1,1,9.0,True
945729,1000,1,1,25.0,True
945754,1000,1,1,54.0,True
945803,1000,1,1,38.0,True
945910,1000,1,1,3.0,True
946030,1000,1,1,49.0,True
946169,1000,2,1,122.0,True
946349,1000,1,1,6.0,True
946351,1000,1,1,510.0,True
946373,1000,2,0,,False
947011,1000,1,0,,False
947029,1000,1,1,3.0,True
947109,1000,1,1,629.0,True
947235,1000,1,1,2.0,True
947346,1000,1,1,241.0,True
947390,1000,1,1,449.0,True
947391,1000,1,1,124.0,True
947426,1000,1,1,1.0,True
947567,1000,1,0,,False
947801,1000,1,1,133.0,True
947814,1000,1,1,491.0,True
947945,1000,1,1,103.0,True
947994,1000,1,1,5.0,True
948021,1000,1,1,3.0,True
948079,1000,1,1,16.0,True
948120,1000,1,0,,False
948124,1000,1,1,16.0,True
948211,1000,1,1,32.0,True
948249,1000,1,1,141.0,True
94864,1000,1,1,1.0,True
9487,1000,1,1,32.0,True
94901,1000,1,0,,False
949080,1000,1,1,2.0,True
949143,1000,1,1,325.0,True
949148,1000,1,1,12.0,True
949193,1000,1,0,,False
950022,1000,1,0,,False
950063,1000,1,1,38.0,True
950066,1000,1,1,35.0,True
950229,1000,1,1,9.0,True
950381,1000,1,1,1.0,True
950398,1000,1,1,1.0,True
95047,1000,1,0,,False
950533,1000,1,1,1.0,True
950565,1000,1,1,1.0,True
950721,1000,1,1,22.0,True
950729,1000,1,1,12.0,True
950783,1000,1,1,4.0,True
950989,1000,1,1,896.0,True
951136,1000,1,1,156.0,True
951408,1000,1,1,637.0,True
951657,1000,1,0,,False
951666,1000,1,1,7.0,True
951684,1000,1,0,,False
951711,1000,1,1,3.0,True
951821,1000,1,1,143.0,True
952059,1000,1,1,567.0,True
952160,1000,1,1,15.0,True
952275,1000,1,1,824.0,True
952514,1000,1,1,39.0,True
952533,1000,1,1,4.0,True
952534,1000,1,1,5.0,True
952657,1000,1,1,2.0,True
952663,1000,1,0,,False
952772,1000,1,1,387.0,True
952993,1000,1,1,2.0,True
953047,1000,1,1,4.0,True
953169,1000,1,1,8.0,True
953442,1000,1,1,382.0,True
95355,1000,1,1,372.0,True
953550,1000,1,1,104.0,True
953718,1000,1,1,50.0,True
953867,1000,1,0,,False
954004,1000,1,1,162.0,True
954029,1000,2,2,53.0,True
954037,1000,1,0,,False
954145,1000,1,0,,False
954569,1000,1,1,2.0,True
954577,1000,1,1,25.0,True
954631,1000,1,1,31.0,True
954645,1000,1,1,198.0,True
954885,1000,1,1,4.0,True
954977,1000,1,1,247.0,True
955001,1000,1,1,103.0,True
955290,1000,1,1,39.0,True
955426,1000,1,0,,False
95560,1000,3,2,293.0,True
955640,1000,1,1,54.0,True
955869,1000,1,1,233.0,True
956096,1000,1,1,56.0,True
956106,1000,1,1,40.0,True
956246,1000,1,1,139.0,True
956293,1000,1,1,547.0,True
956386,1000,2,1,33.0,True
956411,1000,1,1,1.0,True
956422,1000,1,0,,False
956520,1000,1,1,27.0,True
956554,1000,1,0,,False
956949,1000,1,1,1.0,True
957253,1000,1,1,97.0,True
957306,1000,1,0,,False
95736,1000,1,1,2.0,True
957453,1000,1,1,3.0,True
95754,1000,1,1,1.0,True
957746,1000,1,1,8.0,True
957820,1000,1,1,121.0,True
957824,1000,1,1,5.0,True
957882,1000,1,1,1.0,True
957888,1000,1,1,1.0,True
957919,1000,3,3,3.0,True
958032,1000,1,1,712.0,True
958132,1000,1,1,3.0,True
958386,1000,1,0,,False
958557,1000,1,1,59.0,True
958729,1000,1,1,857.0,True
95888,1000,3,1,738.0,True
95890,1000,1,1,74.0,True
959099,1000,1,1,30.0,True
959216,1000,1,1,52.0,True
959272,1000,1,1,3.0,True
95949,1000,1,1,4.0,True
959658,1000,1,1,132.0,True
959662,1000,1,1,8.0,True
959778,1000,1,1,22.0,True
959935,1000,1,1,30.0,True
959983,1000,1,1,58.0,True
960010,1000,1,1,29.0,True
960029,1000,1,1,158.0,True
960148,1000,1,1,33.0,True
960367,1000,1,1,7.0,True
960472,1000,1,1,2.0,True
960822,1000,1,1,367.0,True
960852,1000,1,0,,False
960882,1000,1,1,1.0,True
961102,1000,1,0,,False
961136,1000,1,1,545.0,True
961159,1000,1,1,1.0,True
961192,1000,1,1,126.0,True
961264,1000,1,1,111.0,True
961399,1000,1,1,1.0,True
961521,1000,1,1,163.0,True
96160,1000,1,1,61.0,True
961608,1000,1,0,,False
961807,1000,1,1,11.0,True
961873,1000,1,0,,False
961874,1000,1,1,10.0,True
961964,1000,1,1,83.0,True
962027,1000,1,0,,False
962254,1000,1,1,172.0,True
962303,1000,1,1,45.0,True
962316,1000,1,1,192.0,True
962364,1000,1,1,208.0,True
962486,1000,1,1,6.0,True
962531,1000,1,0,,False
962609,1000,1,1,10.0,True
96265,1000,1,0,,False
962787,1000,1,1,5.0,True
96297,1000,1,1,1.0,True
963011,1000,1,0,,False
963065,1000,1,0,,False
963259,1000,1,0,,False
963359,1000,1,1,10.0,True
963533,1000,1,0,,False
963588,1000,1,1,5.0,True
963606,1000,1,1,2.0,True
96373,1000,2,2,1.0,True
963846,1000,1,1,15.0,True
963886,1000,1,1,5.0,True
963889,1000,1,1,10.0,True
963900,1000,1,1,78.0,True
964017,1000,2,2,46.0,True
964047,1000,1,1,111.0,True
964073,1000,1,1,123.0,True
96412,1000,1,1,110.0,True
964479,1000,1,1,178.0,True
964611,1000,1,1,1.0,True
964637,1000,1,1,20.0,True
964684,1000,1,1,1.0,True
964723,1000,1,1,1.0,True
96479,1000,1,1,337.0,True
964834,1000,1,1,543.0,True
964835,1000,1,1,37.0,True
964955,1000,1,1,42.0,True
964985,1000,1,1,9.0,True
965037,1000,1,0,,False
965093,1000,1,1,1.0,True
965150,1000,1,0,,False
965904,1000,1,1,67.0,True
966040,1000,1,1,6.0,True
966164,1000,1,1,44.0,True
966179,1000,1,1,160.0,True
966245,1000,1,1,29.0,True
966254,1000,1,1,14.0,True
966472,1000,1,1,87.0,True
966481,1000,1,0,,False
966499,1000,1,1,41.0,True
966670,1000,1,1,11.0,True
966724,1000,1,1,67.0,True
966734,1000,1,1,54.0,True
966745,1000,1,1,72.0,True
966824,1000,1,1,7.0,True
966900,1000,2,2,6.0,True
966923,1000,1,0,,False
966940,1000,1,1,130.0,True
966962,1000,1,1,31.0,True
967166,1000,1,1,73.0,True
967348,1000,2,0,,False
967576,1000,1,1,762.0,True
967687,1000,1,0,,False
967839,1000,1,1,3.0,True
968001,1000,1,0,,False
968162,1000,2,2,16.0,True
968304,1000,1,1,6.0,True
968730,1000,1,0,,False
968871,1000,1,1,547.0,True
969113,1000,1,0,,False
969114,1000,1,0,,False
969243,1000,1,0,,False
969627,1000,1,1,14.0,True
969737,1000,1,1,27.0,True
969990,1000,1,0,,False
970121,1000,1,1,383.0,True
970313,1000,1,1,12.0,True
970428,1000,1,0,,False
97072,1000,1,1,1.0,True
970762,1000,1,1,333.0,True
970794,1000,1,0,,False
970919,1000,1,1,5.0,True
970931,1000,1,1,2.0,True
971257,1000,1,0,,False
971262,1000,1,1,3.0,True
971337,1000,1,0,,False
971662,1000,1,1,7.0,True
971665,1000,1,1,118.0,True
971812,1000,1,1,161.0,True
971822,1000,1,0,,False
971880,1000,1,1,737.0,True
972069,1000,1,1,37.0,True
97213,1000,1,1,81.0,True
972401,1000,1,1,248.0,True
972407,1000,1,1,39.0,True
972590,1000,1,1,9.0,True
972676,1000,1,1,163.0,True
972725,1000,1,0,,False
972760,1000,1,0,,False
972763,1000,1,1,3.0,True
972848,1000,1,1,166.0,True
972870,1000,2,0,,False
973208,1000,1,1,48.0,True
973251,1000,1,1,536.0,True
973374,1000,1,1,346.0,True
973435,1000,1,1,57.0,True
973447,1000,1,1,706.0,True
973455,1000,1,0,,False
97368,1000,1,0,,False
973809,1000,1,1,287.0,True
973841,1000,1,1,42.0,True
97402,1000,1,1,124.0,True
974047,1000,1,1,864.0,True
974152,1000,1,1,30.0,True
974196,1000,1,1,177.0,True
974607,1000,1,1,165.0,True
974639,1000,2,2,1.0,True
974772,1000,1,1,36.0,True
974784,1000,1,0,,False
974832,1000,1,1,2.0,True
974908,1000,1,1,104.0,True
975055,1000,1,1,67.0,True
975107,1000,1,0,,False
975162,1000,1,0,,False
975200,1000,1,1,1.0,True
975238,1000,1,1,14.0,True
975533,1000,2,2,34.0,True
975562,1000,1,1,910.0,True
975657,1000,1,1,8.0,True
975785,1000,1,1,262.0,True
975798,1000,1,1,11.0,True
975925,1000,1,1,5.0,True
976032,1000,1,1,1.0,True
976044,1000,1,1,6.0,True
976101,1000,1,0,,False
976153,1000,1,1,155.0,True
976177,1000,1,1,40.0,True
976250,1000,1,1,58.0,True
976262,1000,1,1,1.0,True
976339,1000,1,1,14.0,True
976396,1000,1,1,6.0,True
976440,1000,1,1,18.0,True
976496,1000,1,1,1.0,True
976547,1000,1,1,9.0,True
976632,1000,1,1,7.0,True
97667,1000,1,1,14.0,True
976792,1000,1,1,130.0,True
977104,1000,1,1,16.0,True
977105,1000,1,1,19.0,True
977173,1000,1,0,,False
97734,1000,1,1,628.0,True
977730,1000,1,1,7.0,True
97787,1000,1,1,1.0,True
9780,1000,1,0,,False
978009,1000,1,1,4.0,True
978290,1000,1,1,77.0,True
978330,1000,1,1,2.0,True
97840,1000,1,1,24.0,True
978443,1000,1,1,2.0,True
978447,1000,1,1,5.0,True
978777,1000,1,1,6.0,True
978984,1000,1,1,73.0,True
979025,1000,1,1,3.0,True
979162,1000,1,1,250.0,True
97918,1000,1,1,1.0,True
979252,1000,1,1,15.0,True
979258,1000,1,1,1.0,True
979449,1000,1,1,8.0,True
979478,1000,1,1,8.0,True
979623,1000,1,1,3.0,True
979854,1000,1,1,104.0,True
979861,1000,1,1,6.0,True
980256,1000,1,1,155.0,True
980294,1000,1,1,6.0,True
980318,1000,1,1,2.0,True
980323,1000,1,1,357.0,True
980333,1000,1,1,18.0,True
980376,1000,1,1,504.0,True
980400,1000,1,0,,False
980592,1000,1,1,9.0,True
98061,1000,1,0,,False
980652,1000,1,1,60.0,True
981000,1000,1,1,4.0,True
981066,1000,1,1,1.0,True
981096,1000,1,1,24.0,True
981113,1000,1,1,9.0,True
981303,1000,1,1,90.0,True
981341,1000,1,1,21.0,True
981448,1000,1,0,,False
981578,1000,1,1,11.0,True
981582,1000,1,1,693.0,True
981877,1000,1,1,22.0,True
982010,1000,1,1,8.0,True
982084,1000,1,1,7.0,True
982102,1000,1,1,1.0,True
982150,1000,1,1,3.0,True
982308,1000,1,1,353.0,True
982381,1000,1,1,9.0,True
98276,1000,1,1,16.0,True
982904,1000,1,1,8.0,True
982917,1000,1,1,13.0,True
983021,1000,1,1,11.0,True
983105,1000,1,1,2.0,True
983178,1000,1,1,43.0,True
983189,1000,1,1,30.0,True
983214,1000,1,1,2.0,True
983248,1000,1,0,,False
983305,1000,1,1,68.0,True
983315,1000,1,1,171.0,True
983325,1000,1,0,,False
983588,1000,1,1,29.0,True
9836,1000,1,0,,False
983610,1000,1,1,82.0,True
983730,1000,1,1,7.0,True
983731,1000,1,1,10.0,True
983867,1000,1,1,7.0,True
983911,1000,1,1,5.0,True
984045,1000,1,1,77.0,True
984191,1000,1,1,367.0,True
984203,1000,1,1,54.0,True
984473,1000,1,1,19.0,True
984923,1000,1,1,1.0,True
985121,1000,1,1,109.0,True
985393,1000,1,1,16.0,True
98543,1000,1,1,123.0,True
985495,1000,1,1,3.0,True
985595,1000,1,1,4.0,True
985749,1000,1,1,12.0,True
985775,1000,1,1,29.0,True
986016,1000,1,1,2.0,True
986087,1000,1,1,1.0,True
986096,1000,1,1,2.0,True
986154,1000,2,2,3.0,True
986297,1000,1,1,17.0,True
986377,1000,1,1,8.0,True
986428,1000,1,1,2.0,True
986547,1000,1,0,,False
986745,1000,1,1,16.0,True
986954,1000,1,1,72.0,True
987018,1000,1,1,59.0,True
98709,1000,1,1,801.0,True
987095,1000,1,1,29.0,True
987301,1000,1,1,3.0,True
98732,1000,1,1,37.0,True
987427,1000,1,1,792.0,True
987735,1000,1,1,1.0,True
987878,1000,1,1,42.0,True
987889,1000,1,0,,False
987907,1000,2,2,8.0,True
987981,1000,1,1,76.0,True
98812,1000,1,0,,False
988133,1000,1,1,12.0,True
988205,1000,1,1,119.0,True
988225,1000,1,1,209.0,True
988328,1000,1,1,12.0,True
988360,1000,1,0,,False
988485,1000,1,1,147.0,True
988606,1000,1,1,1.0,True
988847,1000,1,1,115.0,True
988896,1000,1,1,1.0,True
989006,1000,1,1,321.0,True
989242,1000,1,1,190.0,True
989301,1000,1,1,15.0,True
989346,1000,1,1,3.0,True
989409,1000,1,1,8.0,True
989429,1000,1,1,9.0,True
989476,1000,1,1,23.0,True
989519,1000,1,1,1.0,True
989535,1000,1,1,3.0,True
989618,1000,1,1,17.0,True
989631,1000,1,1,7.0,True
989842,1000,1,1,6.0,True
989920,1000,2,2,19.0,True
989993,1000,1,1,16.0,True
990038,1000,1,1,31.0,True
990053,1000,1,1,10.0,True
99015,1000,1,1,37.0,True
990162,1000,2,1,3.0,True
990543,1000,1,1,2.0,True
99055,1000,1,1,1.0,True
990727,1000,1,1,1.0,True
990728,1000,1,1,2.0,True
990731,1000,1,1,4.0,True
990823,1000,1,1,10.0,True
991081,1000,1,1,27.0,True
991122,1000,1,1,92.0,True
991300,1000,1,1,6.0,True
991331,1000,1,1,119.0,True
991400,1000,1,1,2.0,True
991489,1000,1,1,1.0,True
991520,1000,1,1,6.0,True
991631,1000,1,1,1.0,True
991664,1000,1,1,25.0,True
991717,1000,1,1,3.0,True
991741,1000,1,1,24.0,True
991982,1000,1,1,20.0,True
992066,1000,2,2,4.0,True
992073,1000,1,1,161.0,True
992200,1000,1,1,3.0,True
992324,1000,1,1,59.0,True
992325,1000,1,1,13.0,True
992326,1000,1,1,71.0,True
992578,1000,1,1,6.0,True
992582,1000,1,1,9.0,True
99259,1000,1,1,1.0,True
992627,1000,1,1,316.0,True
992688,1000,1,1,85.0,True
992689,1000,1,1,167.0,True
992742,1000,1,1,7.0,True
992854,1000,1,0,,False
992885,1000,1,1,10.0,True
992937,1000,1,1,9.0,True
993010,1000,1,1,1.0,True
993013,1000,1,1,341.0,True
993078,1000,1,1,50.0,True
99309,1000,1,1,55.0,True
993096,1000,1,1,2.0,True
9932,1000,1,1,921.0,True
993322,1000,1,0,,False
993398,1000,1,0,,False
993403,1000,1,1,1.0,True
993625,1000,1,1,2.0,True
993660,1000,1,1,18.0,True
993686,1000,1,1,8.0,True
993702,1000,1,1,2.0,True
993776,1000,1,1,19.0,True
993997,1000,1,1,5.0,True
994048,1000,1,1,75.0,True
994186,1000,1,1,7.0,True
994233,1000,1,1,77.0,True
994318,1000,1,1,2.0,True
994637,1000,1,1,36.0,True
994667,1000,1,1,12.0,True
994695,1000,1,1,1.0,True
994715,1000,1,1,42.0,True
994891,1000,1,1,1.0,True
994951,1000,1,1,40.0,True
995012,1000,1,1,29.0,True
995013,1000,1,1,150.0,True
99509,1000,3,3,1.0,True
995118,1000,1,1,1.0,True
995152,1000,1,1,7.0,True
995156,1000,1,1,9.0,True
995167,1000,1,0,,False
995340,1000,1,1,21.0,True
995395,1000,1,1,3.0,True
995396,1000,1,1,489.0,True
995492,1000,1,0,,False
995742,1000,1,1,9.0,True
995886,1000,1,1,10.0,True
99599,1000,1,1,1.0,True
996040,1000,1,1,8.0,True
996271,1000,1,1,30.0,True
99654,1000,1,1,5.0,True
996597,1000,1,1,142.0,True
996757,1000,1,1,6.0,True
996854,1000,1,1,453.0,True
996872,1000,1,1,11.0,True
996941,1000,1,1,87.0,True
997023,1000,1,1,15.0,True
997033,1000,1,1,1.0,True
997058,1000,1,1,6.0,True
997510,1000,1,1,5.0,True
997572,1000,1,0,,False
997704,1000,1,1,22.0,True
998048,1000,1,1,41.0,True
998074,1000,1,1,3.0,True
99810,1000,1,1,100.0,True
998139,1000,1,1,8.0,True
998433,1000,1,1,1.0,True
998570,1000,1,1,1.0,True
998657,1000,1,0,,False
998718,1000,1,1,7.0,True
998775,1000,1,1,20.0,True
998858,1000,1,1,23.0,True
999446,1000,1,1,51.0,True
999464,1000,1,1,93.0,True
999496,1000,1,1,3.0,True
999574,1000,2,2,1.0,True
999619,1000,1,1,106.0,True
999689,1000,1,1,25.0,True
999728,1000,1,1,9.0,True
999758,1000,1,1,8.0,True
999833,1000,1,1,1.0,True
