qid,n_hits,n_relevant_qrel,n_relevant_in_hits,best_rank,found_in_top_k
1000089,1000,1,1,443.0,True
1000211,1000,1,1,4.0,True
1000213,1000,1,1,12.0,True
1000372,1000,1,1,3.0,True
1000929,1000,1,1,156.0,True
1000933,1000,1,1,20.0,True
1000992,1000,1,1,143.0,True
1001067,1000,1,1,26.0,True
1001162,1000,0,0,,False
1001276,1000,0,0,,False
1001471,1000,1,1,1.0,True
1001557,1000,1,1,928.0,True
1001627,1000,0,0,,False
1001663,1000,0,0,,False
1001695,1000,1,1,988.0,True
100211,1000,0,0,,False
1002116,1000,1,1,17.0,True
1002258,1000,1,1,6.0,True
1002766,1000,1,1,16.0,True
1002824,1000,1,1,49.0,True
1002904,1000,1,0,,False
1002974,1000,1,1,615.0,True
1003136,1000,0,0,,False
1003218,1000,1,1,45.0,True
1003427,1000,1,1,340.0,True
1003442,1000,1,1,87.0,True
1003492,1000,1,1,51.0,True
1003646,1000,1,1,1.0,True
100368,1000,0,0,,False
1004157,1000,1,1,6.0,True
1004225,1000,0,0,,False
1004400,1000,1,1,5.0,True
1004471,1000,1,1,180.0,True
1004485,1000,1,1,102.0,True
1004615,1000,1,1,3.0,True
1004726,1000,2,0,,False
1004766,1000,1,1,4.0,True
1004820,1000,0,0,,False
1004874,1000,1,1,17.0,True
1004877,1000,0,0,,False
1004887,1000,0,0,,False
1005005,1000,1,1,31.0,True
1005093,1000,2,2,95.0,True
1005185,1000,0,0,,False
1005333,1000,1,1,2.0,True
1005714,1000,1,1,3.0,True
1005742,1000,1,1,4.0,True
1005745,1000,1,1,89.0,True
1005995,1000,1,1,15.0,True
1006181,1000,0,0,,False
1006239,1000,0,0,,False
1006246,1000,0,0,,False
1006572,1000,1,1,1.0,True
1006674,1000,1,1,5.0,True
1006784,1000,0,0,,False
1006831,1000,0,0,,False
1006860,1000,1,1,37.0,True
1006907,1000,1,1,109.0,True
1007027,1000,1,1,281.0,True
1007213,1000,0,0,,False
1007263,1000,0,0,,False
100749,1000,1,1,108.0,True
1007896,1000,1,1,59.0,True
1007904,1000,0,0,,False
1008008,1000,0,0,,False
1008398,1000,0,0,,False
1008405,1000,1,1,1.0,True
1008611,1000,0,0,,False
1008745,1000,0,0,,False
1008918,1000,0,0,,False
1009041,1000,0,0,,False
1009117,1000,1,1,133.0,True
1009146,1000,0,0,,False
1009201,1000,0,0,,False
100924,1000,1,1,19.0,True
1009244,1000,0,0,,False
100929,1000,1,1,209.0,True
1009316,1000,0,0,,False
1009407,1000,1,1,1.0,True
1009447,1000,0,0,,False
1009449,1000,1,1,155.0,True
1009508,1000,1,1,322.0,True
1009601,1000,1,1,68.0,True
1009634,1000,1,1,191.0,True
1009814,1000,0,0,,False
1009929,1000,1,1,1.0,True
101000,1000,0,0,,False
101005,1000,0,0,,False
1010155,1000,2,1,159.0,True
1010496,1000,1,0,,False
1010606,1000,1,1,3.0,True
1010612,1000,0,0,,False
1010644,1000,0,0,,False
1010842,1000,0,0,,False
1011040,1000,0,0,,False
1011098,1000,1,0,,False
1011200,1000,1,1,44.0,True
1011353,1000,1,1,64.0,True
1011417,1000,0,0,,False
1011499,1000,0,0,,False
1011582,1000,0,0,,False
1011655,1000,1,1,6.0,True
1011719,1000,0,0,,False
1011720,1000,0,0,,False
1012169,1000,0,0,,False
1012197,1000,1,0,,False
1012359,1000,1,1,6.0,True
1012851,1000,1,1,600.0,True
1013109,1000,0,0,,False
1013167,1000,1,1,187.0,True
1013245,1000,0,0,,False
1013289,1000,1,1,1.0,True
1013326,1000,4,1,38.0,True
1013468,1000,1,0,,False
1013480,1000,1,1,397.0,True
1013481,1000,0,0,,False
1013543,1000,1,1,102.0,True
1013621,1000,1,1,111.0,True
1013711,1000,0,0,,False
1013914,1000,1,1,11.0,True
1013949,1000,1,1,138.0,True
1014255,1000,1,0,,False
1014266,1000,0,0,,False
1014352,1000,1,1,127.0,True
1014423,1000,0,0,,False
1014544,1000,1,1,112.0,True
1014629,1000,1,1,2.0,True
1014714,1000,0,0,,False
1014861,1000,0,0,,False
1015104,1000,0,0,,False
1015145,1000,0,0,,False
1015168,1000,0,0,,False
1015315,1000,0,0,,False
1015343,1000,1,1,32.0,True
101537,1000,1,0,,False
1015495,1000,0,0,,False
1015884,1000,1,1,1.0,True
1016041,1000,0,0,,False
1016093,1000,0,0,,False
1016364,1000,0,0,,False
1016483,1000,1,1,9.0,True
1016530,1000,1,1,84.0,True
101691,1000,0,0,,False
1016953,1000,1,1,202.0,True
1017270,1000,1,0,,False
1017288,1000,1,1,987.0,True
1017311,1000,1,1,177.0,True
101765,1000,1,1,324.0,True
1017705,1000,0,0,,False
1017782,1000,1,1,51.0,True
1017864,1000,1,1,42.0,True
1017882,1000,1,1,168.0,True
10179,1000,1,1,9.0,True
101799,1000,0,0,,False
1018522,1000,1,0,,False
101873,1000,0,0,,False
1018926,1000,1,0,,False
1019020,1000,0,0,,False
1019043,1000,1,1,53.0,True
1019245,1000,0,0,,False
1019336,1000,0,0,,False
1019519,1000,2,2,1.0,True
1019529,1000,1,1,672.0,True
101969,1000,0,0,,False
1019709,1000,1,0,,False
1019816,1000,1,0,,False
1019884,1000,0,0,,False
1020169,1000,0,0,,False
102023,1000,1,0,,False
1020503,1000,2,2,32.0,True
1020636,1000,1,1,118.0,True
1020666,1000,0,0,,False
1020730,1000,0,0,,False
1020733,1000,1,0,,False
1020806,1000,0,0,,False
1020859,1000,0,0,,False
1020865,1000,0,0,,False
1021047,1000,1,1,12.0,True
1021137,1000,1,1,1.0,True
1021397,1000,1,1,9.0,True
1021491,1000,0,0,,False
10215,1000,1,1,21.0,True
102171,1000,0,0,,False
1021791,1000,1,1,8.0,True
1021815,1000,1,1,259.0,True
1021865,1000,0,0,,False
1021886,1000,0,0,,False
1021978,1000,0,0,,False
1021991,1000,2,2,3.0,True
1022604,1000,0,0,,False
1022634,1000,1,1,72.0,True
1022691,1000,0,0,,False
1022744,1000,2,2,146.0,True
1022761,1000,1,0,,False
1022854,1000,0,0,,False
1022976,1000,1,1,104.0,True
1023074,1000,0,0,,False
1023147,1000,1,0,,False
1023220,1000,1,1,16.0,True
1023262,1000,0,0,,False
1023294,1000,1,1,21.0,True
1023382,1000,0,0,,False
1023463,1000,1,0,,False
1023756,1000,1,1,15.0,True
1023874,1000,1,1,130.0,True
1023876,1000,1,1,4.0,True
10239,1000,1,1,5.0,True
1024188,1000,0,0,,False
1024349,1000,1,1,181.0,True
1024355,1000,1,1,5.0,True
1024372,1000,1,1,760.0,True
102443,1000,1,1,32.0,True
102449,1000,0,0,,False
1024532,1000,1,1,22.0,True
1024541,1000,1,0,,False
1024608,1000,1,1,15.0,True
102476,1000,1,0,,False
1024789,1000,1,1,1.0,True
1024831,1000,1,1,1.0,True
1024902,1000,1,1,86.0,True
1024903,1000,0,0,,False
1024976,1000,1,0,,False
1024996,1000,2,0,,False
1025029,1000,1,1,15.0,True
1025422,1000,0,0,,False
1025933,1000,0,0,,False
1025969,1000,0,0,,False
1026025,1000,0,0,,False
1026062,1000,1,1,79.0,True
1026071,1000,1,1,524.0,True
1026094,1000,1,1,2.0,True
1026237,1000,0,0,,False
1026441,1000,1,1,12.0,True
1026481,1000,0,0,,False
1026525,1000,1,1,316.0,True
1026554,1000,1,1,421.0,True
1026684,1000,2,2,14.0,True
1027089,1000,1,1,2.0,True
102713,1000,0,0,,False
1027333,1000,1,1,32.0,True
1027341,1000,0,0,,False
1027517,1000,1,1,23.0,True
1027523,1000,1,1,239.0,True
1027603,1000,0,0,,False
1027615,1000,0,0,,False
1027642,1000,0,0,,False
1027687,1000,1,0,,False
1027890,1000,1,1,36.0,True
102791,1000,0,0,,False
1027991,1000,1,1,1.0,True
1028175,1000,0,0,,False
102830,1000,0,0,,False
1028439,1000,1,1,11.0,True
1028529,1000,1,1,1.0,True
1028675,1000,1,1,1.0,True
1028962,1000,1,1,848.0,True
1029087,1000,1,1,2.0,True
1029295,1000,1,1,1.0,True
102946,1000,0,0,,False
1029464,1000,1,1,31.0,True
1029565,1000,1,1,88.0,True
1029579,1000,1,1,14.0,True
1029653,1000,1,1,3.0,True
1029810,1000,1,0,,False
1029828,1000,1,1,218.0,True
1029872,1000,0,0,,False
1029969,1000,1,1,3.0,True
1029972,1000,0,0,,False
1030018,1000,1,1,11.0,True
1030080,1000,1,1,5.0,True
1030295,1000,0,0,,False
1030410,1000,0,0,,False
1030549,1000,1,1,3.0,True
1030630,1000,1,1,3.0,True
1030793,1000,1,1,9.0,True
1031016,1000,0,0,,False
103113,1000,1,0,,False
1031142,1000,1,1,5.0,True
1031186,1000,1,0,,False
1031244,1000,1,1,5.0,True
103133,1000,0,0,,False
1031529,1000,0,0,,False
1031544,1000,1,1,1.0,True
103157,1000,1,1,66.0,True
1031743,1000,0,0,,False
103175,1000,0,0,,False
1031933,1000,0,0,,False
1032022,1000,1,1,6.0,True
1032428,1000,1,1,9.0,True
1032454,1000,0,0,,False
1032572,1000,0,0,,False
1032846,1000,0,0,,False
1033044,1000,1,1,1.0,True
1033176,1000,1,1,48.0,True
1033191,1000,1,1,1.0,True
1033211,1000,1,1,1.0,True
10333,1000,0,0,,False
1033331,1000,1,1,108.0,True
1033571,1000,1,1,8.0,True
1033594,1000,1,1,1.0,True
1033741,1000,0,0,,False
1034175,1000,0,0,,False
1034649,1000,1,1,5.0,True
1034830,1000,1,1,2.0,True
1034927,1000,0,0,,False
1035045,1000,1,1,4.0,True
1035132,1000,1,1,65.0,True
1035239,1000,1,1,3.0,True
103532,1000,1,1,3.0,True
1035621,1000,1,1,3.0,True
1035880,1000,1,0,,False
1035941,1000,1,1,24.0,True
1036037,1000,1,1,718.0,True
103608,1000,0,0,,False
1036105,1000,1,0,,False
1036112,1000,1,0,,False
1036198,1000,1,1,27.0,True
1036266,1000,0,0,,False
1036367,1000,1,1,30.0,True
1036413,1000,1,1,2.0,True
1036481,1000,1,1,8.0,True
1036563,1000,1,1,1.0,True
1037058,1000,1,1,1.0,True
1037098,1000,0,0,,False
1037146,1000,1,1,1.0,True
1037185,1000,1,1,9.0,True
1037259,1000,0,0,,False
103736,1000,1,1,4.0,True
1037446,1000,1,0,,False
1037523,1000,1,1,68.0,True
1037633,1000,1,1,448.0,True
1037683,1000,0,0,,False
1037748,1000,1,1,2.0,True
1037787,1000,1,1,1.0,True
1038284,1000,1,1,2.0,True
1038340,1000,1,1,10.0,True
1038342,1000,0,0,,False
1038457,1000,0,0,,False
1038519,1000,1,1,23.0,True
1038605,1000,1,1,35.0,True
1038623,1000,1,1,2.0,True
1038696,1000,1,1,4.0,True
103921,1000,1,0,,False
1039246,1000,0,0,,False
1039310,1000,1,1,26.0,True
1039402,1000,1,1,2.0,True
1039444,1000,1,1,1.0,True
1039500,1000,1,0,,False
103957,1000,0,0,,False
1039592,1000,0,0,,False
1039645,1000,0,0,,False
1039732,1000,1,0,,False
1039744,1000,1,1,161.0,True
1039857,1000,0,0,,False
1039880,1000,0,0,,False
1039920,1000,0,0,,False
1040399,1000,1,1,1.0,True
1040438,1000,1,1,11.0,True
1040546,1000,1,1,408.0,True
1040625,1000,1,1,25.0,True
1040754,1000,1,1,25.0,True
1040804,1000,1,1,1.0,True
1040851,1000,1,1,3.0,True
1040955,1000,1,0,,False
1041007,1000,1,1,1.0,True
104109,1000,0,0,,False
104110,1000,1,1,32.0,True
1041181,1000,1,1,928.0,True
1041230,1000,1,1,78.0,True
104133,1000,1,1,63.0,True
1041615,1000,1,1,11.0,True
1041644,1000,1,1,49.0,True
1041699,1000,0,0,,False
1041728,1000,1,1,6.0,True
1041798,1000,2,2,297.0,True
1041866,1000,1,1,4.0,True
1041897,1000,1,1,114.0,True
1042042,1000,1,1,3.0,True
1042358,1000,0,0,,False
1042400,1000,1,1,3.0,True
104244,1000,1,1,4.0,True
1042447,1000,1,1,3.0,True
1042472,1000,1,1,16.0,True
1042538,1000,1,1,255.0,True
1042949,1000,0,0,,False
1043003,1000,1,1,3.0,True
1043100,1000,1,0,,False
1043119,1000,1,1,2.0,True
1043128,1000,1,1,80.0,True
1043149,1000,0,0,,False
1043155,1000,0,0,,False
1043164,1000,0,0,,False
1043403,1000,1,0,,False
1043469,1000,1,1,12.0,True
104351,1000,0,0,,False
1043522,1000,0,0,,False
104366,1000,1,1,374.0,True
1043674,1000,0,0,,False
1043703,1000,1,1,79.0,True
1043769,1000,1,1,24.0,True
1043819,1000,0,0,,False
1043869,1000,1,1,15.0,True
1044089,1000,0,0,,False
1044314,1000,1,1,6.0,True
1044362,1000,1,1,10.0,True
1044364,1000,0,0,,False
1044596,1000,1,1,4.0,True
1044666,1000,1,1,2.0,True
1044704,1000,1,1,45.0,True
1044754,1000,0,0,,False
1044925,1000,1,1,194.0,True
1044980,1000,1,1,18.0,True
1044999,1000,0,0,,False
1045012,1000,1,1,523.0,True
1045075,1000,0,0,,False
104521,1000,0,0,,False
1045333,1000,0,0,,False
1045406,1000,1,1,324.0,True
1045450,1000,1,1,2.0,True
1045718,1000,1,1,8.0,True
1045767,1000,1,1,4.0,True
104597,1000,1,0,,False
1046122,1000,1,1,3.0,True
1046132,1000,1,1,2.0,True
1046164,1000,1,1,84.0,True
1046172,1000,0,0,,False
1046287,1000,0,0,,False
1046296,1000,1,1,1.0,True
1046425,1000,1,0,,False
104653,1000,0,0,,False
1046555,1000,1,1,59.0,True
1046556,1000,1,1,2.0,True
1046619,1000,1,1,17.0,True
104679,1000,0,0,,False
104682,1000,0,0,,False
1046941,1000,1,1,34.0,True
1047125,1000,1,1,139.0,True
1047169,1000,1,1,7.0,True
1047192,1000,1,1,1.0,True
1047293,1000,1,1,17.0,True
1047649,1000,1,1,22.0,True
1047821,1000,0,0,,False
104798,1000,0,0,,False
1048019,1000,1,1,330.0,True
1048153,1000,1,1,21.0,True
1048431,1000,1,1,15.0,True
1048467,1000,1,1,25.0,True
1048660,1000,0,0,,False
1048704,1000,1,0,,False
1048721,1000,1,1,293.0,True
1048785,1000,1,1,8.0,True
1049043,1000,0,0,,False
1049054,1000,0,0,,False
1049118,1000,1,1,78.0,True
104912,1000,1,1,13.0,True
1049173,1000,1,0,,False
104931,1000,0,0,,False
1049346,1000,0,0,,False
1049558,1000,1,1,1.0,True
1049749,1000,1,1,4.0,True
1049821,1000,1,1,166.0,True
1049943,1000,1,1,128.0,True
1049979,1000,1,1,84.0,True
1050003,1000,1,0,,False
1050128,1000,1,1,5.0,True
1050135,1000,1,1,38.0,True
1050157,1000,1,0,,False
1050169,1000,1,1,221.0,True
1050179,1000,0,0,,False
1050647,1000,1,1,18.0,True
1050719,1000,1,1,4.0,True
1050745,1000,0,0,,False
1050868,1000,1,1,1.0,True
1050931,1000,0,0,,False
105106,1000,1,1,4.0,True
1051088,1000,0,0,,False
105158,1000,1,0,,False
1051805,1000,0,0,,False
1051830,1000,0,0,,False
1051843,1000,0,0,,False
1052017,1000,1,1,495.0,True
1052443,1000,2,1,1.0,True
1052517,1000,2,0,,False
1052571,1000,1,1,3.0,True
1052723,1000,1,1,74.0,True
1052782,1000,1,1,1.0,True
1053023,1000,1,0,,False
1053046,1000,0,0,,False
1053148,1000,1,1,84.0,True
1053175,1000,0,0,,False
1053178,1000,0,0,,False
1053335,1000,1,1,6.0,True
1053385,1000,1,1,815.0,True
1053431,1000,1,0,,False
1053526,1000,1,1,211.0,True
1053800,1000,1,1,164.0,True
1053804,1000,1,1,4.0,True
1053993,1000,1,1,50.0,True
105422,1000,1,1,12.0,True
1054368,1000,1,0,,False
1054513,1000,1,1,11.0,True
1054716,1000,1,1,6.0,True
1054718,1000,1,1,32.0,True
105517,1000,0,0,,False
105563,1000,0,0,,False
1055734,1000,1,1,114.0,True
1055739,1000,0,0,,False
1055886,1000,1,0,,False
1055945,1000,1,1,52.0,True
1056029,1000,1,1,1.0,True
1056134,1000,1,1,503.0,True
1056334,1000,1,1,682.0,True
1056461,1000,0,0,,False
1056751,1000,1,1,59.0,True
1056888,1000,1,1,10.0,True
1057110,1000,0,0,,False
1057179,1000,1,1,313.0,True
1057247,1000,1,1,146.0,True
1057335,1000,1,0,,False
105751,1000,0,0,,False
1057627,1000,1,0,,False
1057645,1000,1,1,25.0,True
1057667,1000,1,1,11.0,True
1057813,1000,1,1,7.0,True
1057942,1000,1,1,154.0,True
1058121,1000,1,0,,False
1058201,1000,1,1,2.0,True
1058231,1000,1,1,2.0,True
1058310,1000,0,0,,False
1058588,1000,1,1,4.0,True
1058676,1000,1,1,3.0,True
1058688,1000,1,1,9.0,True
1058815,1000,1,1,269.0,True
1058875,1000,1,0,,False
1058895,1000,1,1,25.0,True
105892,1000,0,0,,False
1058937,1000,1,1,20.0,True
105899,1000,1,1,294.0,True
1059024,1000,1,1,47.0,True
1059215,1000,1,1,354.0,True
1059321,1000,0,0,,False
1059351,1000,1,1,4.0,True
105943,1000,0,0,,False
1059439,1000,1,1,20.0,True
1059472,1000,1,1,6.0,True
1059677,1000,0,0,,False
1059759,1000,0,0,,False
105979,1000,1,1,150.0,True
105980,1000,0,0,,False
1059851,1000,1,1,2.0,True
1059854,1000,1,1,3.0,True
1059931,1000,1,1,78.0,True
1059971,1000,1,1,163.0,True
1060115,1000,1,1,607.0,True
1060314,1000,0,0,,False
1060345,1000,0,0,,False
1060488,1000,1,1,11.0,True
1060506,1000,0,0,,False
1060559,1000,0,0,,False
1060715,1000,0,0,,False
1060792,1000,1,1,10.0,True
1060947,1000,0,0,,False
1061013,1000,1,1,67.0,True
1061175,1000,0,0,,False
106119,1000,1,1,72.0,True
1061277,1000,0,0,,False
106135,1000,1,1,3.0,True
1061350,1000,0,0,,False
106144,1000,1,1,764.0,True
1061462,1000,0,0,,False
1061594,1000,1,1,379.0,True
1061596,1000,1,0,,False
1061665,1000,0,0,,False
106171,1000,0,0,,False
1061751,1000,0,0,,False
1061972,1000,0,0,,False
1061991,1000,1,1,11.0,True
1062011,1000,0,0,,False
1062156,1000,0,0,,False
1062216,1000,1,1,57.0,True
106224,1000,0,0,,False
1062317,1000,1,1,3.0,True
1062435,1000,1,0,,False
1062476,1000,0,0,,False
1062531,1000,0,0,,False
1062639,1000,1,1,1.0,True
1063050,1000,0,0,,False
1063435,1000,0,0,,False
106352,1000,1,1,32.0,True
1063535,1000,0,0,,False
1063584,1000,0,0,,False
1063628,1000,0,0,,False
1063653,1000,0,0,,False
1063711,1000,1,1,9.0,True
106373,1000,1,0,,False
1063832,1000,0,0,,False
1064064,1000,0,0,,False
1064185,1000,0,0,,False
1064378,1000,1,1,48.0,True
1064433,1000,1,1,56.0,True
1064524,1000,0,0,,False
1064592,1000,1,0,,False
1064662,1000,1,0,,False
1064689,1000,0,0,,False
1064740,1000,1,0,,False
1064850,1000,1,1,12.0,True
1064982,1000,0,0,,False
1065103,1000,1,0,,False
10652,1000,1,1,292.0,True
1065223,1000,0,0,,False
1065365,1000,0,0,,False
1065579,1000,1,1,10.0,True
1065635,1000,0,0,,False
1065846,1000,0,0,,False
1066003,1000,1,0,,False
1066045,1000,1,0,,False
1066092,1000,0,0,,False
1066242,1000,1,1,121.0,True
1066402,1000,0,0,,False
106641,1000,0,0,,False
1066696,1000,0,0,,False
1067041,1000,0,0,,False
1067136,1000,0,0,,False
1067145,1000,1,1,33.0,True
1067433,1000,0,0,,False
1067446,1000,1,1,21.0,True
1067573,1000,0,0,,False
1067662,1000,1,1,7.0,True
1067672,1000,0,0,,False
1067808,1000,0,0,,False
1067937,1000,1,1,1.0,True
1067977,1000,1,1,75.0,True
106805,1000,0,0,,False
1068253,1000,0,0,,False
1068359,1000,1,1,17.0,True
1068363,1000,3,3,1.0,True
106841,1000,0,0,,False
1068497,1000,0,0,,False
1068501,1000,0,0,,False
1068625,1000,0,0,,False
1068755,1000,1,1,101.0,True
1068765,1000,1,1,120.0,True
1068766,1000,1,1,8.0,True
1069219,1000,1,1,242.0,True
1069308,1000,1,1,17.0,True
1069334,1000,1,1,15.0,True
1069341,1000,1,1,140.0,True
1069353,1000,0,0,,False
1069355,1000,0,0,,False
1069460,1000,0,0,,False
1069697,1000,1,1,3.0,True
1069935,1000,1,1,106.0,True
1069998,1000,1,1,2.0,True
1070013,1000,0,0,,False
1070040,1000,0,0,,False
107007,1000,3,1,183.0,True
1070309,1000,0,0,,False
1070595,1000,0,0,,False
1070744,1000,1,1,2.0,True
1070745,1000,1,1,35.0,True
1070748,1000,1,0,,False
1070750,1000,1,0,,False
1070832,1000,1,1,359.0,True
107094,1000,1,1,5.0,True
1070960,1000,0,0,,False
1071103,1000,0,0,,False
1071123,1000,1,1,5.0,True
1071258,1000,2,2,8.0,True
1071261,1000,1,1,2.0,True
1071283,1000,1,1,79.0,True
1071476,1000,1,0,,False
1071652,1000,0,0,,False
1071708,1000,1,1,7.0,True
1071735,1000,1,1,241.0,True
1071946,1000,0,0,,False
1072037,1000,1,1,12.0,True
1072066,1000,0,0,,False
1072344,1000,0,0,,False
1072367,1000,1,1,794.0,True
1072390,1000,0,0,,False
1072438,1000,0,0,,False
1072637,1000,1,1,5.0,True
1072642,1000,0,0,,False
107273,1000,0,0,,False
1072923,1000,0,0,,False
1072965,1000,1,1,45.0,True
1073131,1000,1,1,6.0,True
1073205,1000,0,0,,False
1073252,1000,0,0,,False
1073269,1000,1,0,,False
1073494,1000,0,0,,False
1073495,1000,1,1,2.0,True
1073497,1000,0,0,,False
1073592,1000,1,1,2.0,True
1073599,1000,0,0,,False
1073811,1000,1,1,13.0,True
1073841,1000,0,0,,False
1073989,1000,0,0,,False
1074021,1000,0,0,,False
1074214,1000,0,0,,False
1074240,1000,0,0,,False
1074387,1000,0,0,,False
1074402,1000,1,0,,False
1074638,1000,0,0,,False
1074724,1000,1,1,2.0,True
1074730,1000,0,0,,False
107494,1000,0,0,,False
1074952,1000,0,0,,False
1075008,1000,0,0,,False
1075045,1000,0,0,,False
1075154,1000,1,1,129.0,True
1075224,1000,1,1,2.0,True
1075523,1000,1,1,25.0,True
1075806,1000,1,1,81.0,True
1075812,1000,1,1,75.0,True
1075826,1000,1,1,2.0,True
1075978,1000,0,0,,False
1076013,1000,1,1,835.0,True
1076079,1000,0,0,,False
1076257,1000,1,1,166.0,True
1076388,1000,0,0,,False
1076448,1000,0,0,,False
1076500,1000,0,0,,False
1076802,1000,1,1,1.0,True
1076901,1000,1,1,57.0,True
1076905,1000,1,1,177.0,True
1077094,1000,0,0,,False
1077165,1000,0,0,,False
1077176,1000,0,0,,False
1077206,1000,0,0,,False
1077220,1000,1,1,77.0,True
1077331,1000,1,1,2.0,True
1077403,1000,0,0,,False
1077471,1000,0,0,,False
1077531,1000,0,0,,False
1077657,1000,0,0,,False
107771,1000,1,1,7.0,True
1077876,1000,0,0,,False
1078064,1000,1,0,,False
1078388,1000,0,0,,False
1078666,1000,1,1,134.0,True
1078686,1000,0,0,,False
1078872,1000,1,1,8.0,True
1078908,1000,1,1,4.0,True
1078911,1000,0,0,,False
1078935,1000,2,2,2.0,True
1078939,1000,1,1,7.0,True
1078958,1000,1,1,4.0,True
1079034,1000,1,1,14.0,True
1079045,1000,1,1,2.0,True
107917,1000,1,1,11.0,True
1079207,1000,0,0,,False
1079209,1000,1,1,2.0,True
1079307,1000,1,0,,False
1079326,1000,0,0,,False
1079489,1000,0,0,,False
1079645,1000,1,1,5.0,True
1079773,1000,0,0,,False
1079796,1000,1,1,330.0,True
1079820,1000,1,0,,False
1079876,1000,1,1,862.0,True
1080016,1000,1,1,1.0,True
1080075,1000,1,1,225.0,True
1080324,1000,0,0,,False
108041,1000,0,0,,False
108043,1000,1,1,1.0,True
1080494,1000,0,0,,False
1080517,1000,0,0,,False
1080528,1000,1,1,520.0,True
1080628,1000,1,1,152.0,True
1080649,1000,0,0,,False
1080680,1000,0,0,,False
1080754,1000,1,0,,False
1080790,1000,0,0,,False
1080881,1000,2,2,6.0,True
1081037,1000,1,1,1.0,True
1081068,1000,1,0,,False
1081340,1000,1,1,9.0,True
1081757,1000,1,1,39.0,True
108177,1000,0,0,,False
1081841,963,1,1,3.0,True
1081904,1000,1,0,,False
1082121,1000,1,1,6.0,True
1082147,1000,1,1,3.0,True
108229,1000,1,1,287.0,True
108358,1000,1,1,11.0,True
108369,1000,1,1,196.0,True
108838,1000,1,1,35.0,True
108865,1000,1,0,,False
108869,1000,0,0,,False
108884,1000,0,0,,False
108950,1000,1,1,2.0,True
109008,1000,1,1,64.0,True
109125,1000,0,0,,False
109219,1000,1,1,135.0,True
109250,1000,0,0,,False
109300,1000,0,0,,False
109462,1000,0,0,,False
109476,1000,1,1,117.0,True
109489,1000,1,1,226.0,True
109495,1000,0,0,,False
109498,1000,0,0,,False
1095,1000,0,0,,False
109707,1000,0,0,,False
10976,1000,1,1,1.0,True
109962,1000,0,0,,False
110313,1000,1,0,,False
110328,1000,0,0,,False
110337,1000,1,1,95.0,True
110391,1000,0,0,,False
110412,1000,1,1,755.0,True
110706,1000,1,1,133.0,True
110730,1000,1,1,87.0,True
110828,1000,0,0,,False
110866,1000,1,1,40.0,True
110882,1000,1,1,166.0,True
111062,1000,0,0,,False
111156,1000,1,1,35.0,True
111245,1000,1,1,200.0,True
111269,1000,0,0,,False
111270,1000,1,1,67.0,True
11130,1000,0,0,,False
111304,1000,1,1,5.0,True
111376,1000,1,1,9.0,True
111407,1000,1,1,17.0,True
111444,1000,1,1,79.0,True
111818,1000,0,0,,False
111915,1000,1,1,325.0,True
112065,1000,1,1,1.0,True
112105,1000,0,0,,False
11216,1000,0,0,,False
112387,1000,0,0,,False
112388,1000,0,0,,False
112419,1000,1,1,2.0,True
112447,1000,0,0,,False
112561,1000,1,1,2.0,True
112641,1000,1,1,3.0,True
112787,1000,1,1,7.0,True
112886,1000,1,1,1.0,True
113086,1000,1,1,476.0,True
113163,1000,1,1,2.0,True
113223,1000,0,0,,False
113320,1000,0,0,,False
113329,1000,0,0,,False
113560,1000,0,0,,False
113571,1000,1,1,1.0,True
1136971,1000,1,1,8.0,True
1137092,1000,1,1,2.0,True
1137147,1000,2,2,1.0,True
1137183,1000,2,2,2.0,True
1137245,1000,1,1,8.0,True
1137263,1000,1,0,,False
1137368,1000,1,1,12.0,True
1137497,1000,1,1,8.0,True
1137562,1000,0,0,,False
1137581,1000,1,1,25.0,True
1137598,1000,1,1,5.0,True
1137802,1000,1,1,25.0,True
1137804,1000,0,0,,False
113788,1000,1,0,,False
1137882,1000,0,0,,False
1137923,1000,1,1,1.0,True
1138107,1000,1,1,294.0,True
1138210,1000,0,0,,False
1138354,1000,0,0,,False
1138357,1000,1,1,7.0,True
1138390,1000,0,0,,False
1138479,1000,1,1,4.0,True
113854,1000,1,1,3.0,True
1138913,1000,0,0,,False
1139012,1000,0,0,,False
1139087,1000,1,1,13.0,True
1139106,1000,1,1,73.0,True
1139184,1000,1,1,21.0,True
1139242,1000,1,1,1.0,True
1139269,1000,0,0,,False
1139292,1000,0,0,,False
1139356,1000,1,1,4.0,True
1139418,1000,1,1,6.0,True
1139526,1000,1,1,6.0,True
1139582,1000,0,0,,False
1139657,1000,1,1,150.0,True
1139660,1000,1,1,69.0,True
1139775,1000,0,0,,False
1139822,1000,1,1,83.0,True
1140009,1000,0,0,,False
1140055,1000,1,1,69.0,True
1140101,1000,1,0,,False
1140161,1000,0,0,,False
1140171,1000,1,0,,False
11402,1000,0,0,,False
114025,1000,0,0,,False
1140337,1000,0,0,,False
1140423,1000,1,1,8.0,True
1140462,1000,0,0,,False
1140480,1000,1,1,17.0,True
1140636,1000,0,0,,False
1140641,1000,1,1,1.0,True
1140797,1000,1,1,2.0,True
1140861,1000,1,1,5.0,True
1140898,1000,1,1,3.0,True
1140915,1000,1,1,3.0,True
114099,1000,0,0,,False
1141000,1000,1,1,118.0,True
114106,1000,0,0,,False
114110,1000,0,0,,False
1141108,1000,1,1,11.0,True
114137,1000,0,0,,False
1141426,1000,2,2,1.0,True
1141482,1000,0,0,,False
1141533,1000,1,1,7.0,True
1141645,1000,1,1,27.0,True
1142032,1000,1,1,1.0,True
1142065,1000,1,1,121.0,True
11421,1000,0,0,,False
1142122,1000,1,0,,False
1142225,1000,1,1,155.0,True
1142245,1000,1,1,189.0,True
1142254,1000,0,0,,False
1142338,1000,1,1,4.0,True
1142396,1000,1,1,3.0,True
1142404,1000,1,1,2.0,True
1142407,1000,1,1,1.0,True
1142435,1000,1,1,1.0,True
1142557,1000,1,1,6.0,True
1142624,1000,0,0,,False
1142733,1000,1,1,25.0,True
1142973,1000,1,1,4.0,True
1143005,1000,1,1,93.0,True
1143070,1000,1,1,139.0,True
1143177,1000,0,0,,False
1143189,1000,1,0,,False
1143206,1000,1,1,2.0,True
1143225,1000,1,0,,False
1143231,1000,0,0,,False
1143492,1000,0,0,,False
1143564,1000,0,0,,False
1143605,1000,0,0,,False
1144099,1000,1,1,14.0,True
1144297,1000,1,1,1.0,True
1144318,1000,1,1,28.0,True
1144415,1000,1,1,1.0,True
1144436,1000,1,0,,False
1144644,1000,0,0,,False
1144659,1000,1,1,2.0,True
1144666,1000,0,0,,False
114472,1000,0,0,,False
1144817,1000,1,0,,False
1144915,1000,1,1,1.0,True
1144969,1000,0,0,,False
1145054,1000,1,1,995.0,True
1145156,1000,1,1,36.0,True
1145173,1000,1,1,4.0,True
1145234,1000,1,1,28.0,True
1145266,1000,0,0,,False
1145295,1000,1,1,1.0,True
1145303,1000,1,1,298.0,True
1145378,1000,2,1,3.0,True
1145507,1000,1,1,1.0,True
114552,1000,1,1,7.0,True
1145673,1000,1,1,2.0,True
1145877,1000,0,0,,False
1145955,1000,1,1,95.0,True
1145972,1000,1,1,1.0,True
1146004,1000,1,1,24.0,True
1146034,1000,1,1,123.0,True
1146212,1000,0,0,,False
1146250,1000,1,1,411.0,True
1146523,1000,2,2,198.0,True
1146843,1000,1,1,128.0,True
1146950,1000,0,0,,False
1146994,1000,0,0,,False
1147024,1000,1,1,6.0,True
1147078,1000,0,0,,False
1147086,1000,1,1,92.0,True
1147230,1000,0,0,,False
1147404,1000,2,2,36.0,True
1147415,1000,0,0,,False
1147524,1000,0,0,,False
1147628,1000,1,1,4.0,True
114811,1000,1,1,99.0,True
1148132,1000,1,0,,False
1148157,1000,1,1,2.0,True
1148240,1000,0,0,,False
114826,1000,1,1,34.0,True
1148274,1000,1,1,2.0,True
1148350,1000,1,1,10.0,True
1148391,1000,1,0,,False
1148395,1000,1,0,,False
1148397,1000,1,1,377.0,True
1148480,1000,1,1,4.0,True
1148492,1000,1,0,,False
1148667,1000,1,1,8.0,True
1148679,1000,1,1,3.0,True
1148718,1000,0,0,,False
1148737,1000,1,1,1.0,True
1148773,1000,0,0,,False
1148832,1000,1,1,2.0,True
1148851,1000,0,0,,False
1148920,1000,0,0,,False
1149050,1000,0,0,,False
1149253,1000,1,1,938.0,True
1149300,1000,1,1,306.0,True
1149328,1000,1,1,7.0,True
1149450,1000,1,1,118.0,True
1149454,1000,1,1,2.0,True
1149491,1000,1,1,1.0,True
1149517,1000,1,1,23.0,True
1149594,1000,0,0,,False
1149646,1000,0,0,,False
1149775,1000,1,1,219.0,True
1149822,1000,0,0,,False
1149961,1000,1,1,4.0,True
1149969,1000,1,1,2.0,True
115002,1000,1,1,289.0,True
1150022,1000,1,1,26.0,True
1150064,1000,1,1,2.0,True
1150100,1000,1,1,3.0,True
1150532,1000,0,0,,False
1150728,1000,0,0,,False
1150740,1000,1,1,14.0,True
1150845,1000,1,1,314.0,True
115086,1000,0,0,,False
1150931,1000,1,1,44.0,True
1150943,1000,1,1,2.0,True
1151081,1000,0,0,,False
115113,1000,1,0,,False
1151283,1000,0,0,,False
1151353,1000,1,1,927.0,True
1151409,1000,1,0,,False
1151544,1000,1,1,2.0,True
1151672,1000,1,1,1.0,True
1151762,1000,1,1,23.0,True
1151807,1000,0,0,,False
1152018,1000,0,0,,False
1152032,1000,1,1,19.0,True
1152088,1000,1,0,,False
1152396,1000,0,0,,False
1152443,1000,1,1,6.0,True
1152557,1000,1,1,562.0,True
1152794,1000,1,1,100.0,True
1153071,1000,1,1,168.0,True
1153287,1000,1,1,27.0,True
1153304,1000,1,1,389.0,True
1153342,1000,1,1,4.0,True
1153352,1000,1,1,1.0,True
1153531,1000,1,1,11.0,True
1153546,1000,0,0,,False
1153553,1000,0,0,,False
1153571,1000,1,1,23.0,True
1153593,1000,1,1,18.0,True
1153614,1000,0,0,,False
1153639,1000,1,0,,False
1153800,1000,1,0,,False
1153962,1000,1,1,5.0,True
1154094,1000,1,0,,False
115426,1000,1,1,113.0,True
1154288,1000,0,0,,False
1154304,1000,1,1,3.0,True
115434,1000,1,1,1.0,True
1154463,1000,0,0,,False
1154575,1000,0,0,,False
1154664,1000,0,0,,False
1154748,1000,1,1,164.0,True
1154769,1000,1,1,29.0,True
1154851,1000,1,1,321.0,True
1155330,1000,2,2,4.0,True
1155332,1000,1,1,1.0,True
1155401,1000,1,1,6.0,True
1155415,1000,1,0,,False
1155605,1000,0,0,,False
1155616,1000,1,1,1.0,True
1155631,1000,1,1,2.0,True
1155725,1000,0,0,,False
1156046,1000,0,0,,False
1156166,1000,0,0,,False
1156253,1000,1,1,3.0,True
1156261,1000,0,0,,False
1156301,1000,1,0,,False
1156367,1000,1,1,4.0,True
1156428,1000,1,1,91.0,True
1156441,1000,0,0,,False
115658,1000,0,0,,False
1156654,1000,1,0,,False
1156665,1000,1,1,4.0,True
1156785,1000,1,1,7.0,True
1156940,1000,1,1,153.0,True
1157079,1000,1,1,3.0,True
1157080,1000,0,0,,False
1157170,1000,1,1,45.0,True
1157197,1000,1,1,35.0,True
1157369,1000,0,0,,False
1157525,1000,0,0,,False
1157627,1000,0,0,,False
1157904,1000,1,1,702.0,True
1158160,1000,1,1,8.0,True
1158222,1000,0,0,,False
1158263,1000,1,1,2.0,True
1158439,1000,1,1,1.0,True
1158537,1000,0,0,,False
1158701,1000,1,0,,False
1158748,1000,1,1,13.0,True
1158797,1000,1,1,806.0,True
1158833,1000,1,1,3.0,True
1158839,1000,0,0,,False
1158855,1000,1,1,55.0,True
1158887,1000,1,1,734.0,True
1158919,1000,1,1,358.0,True
1158972,1000,1,1,1.0,True
1159043,1000,0,0,,False
1159121,1000,1,1,9.0,True
1159131,1000,1,0,,False
1159253,1000,1,1,3.0,True
1159285,1000,1,1,5.0,True
1159378,1000,1,1,7.0,True
1159420,1000,0,0,,False
1159431,1000,1,1,124.0,True
1159558,1000,1,1,2.0,True
1159623,1000,1,1,2.0,True
1159674,1000,1,0,,False
1159683,1000,1,1,1.0,True
1159939,1000,0,0,,False
1160017,1000,1,0,,False
1160137,1000,4,0,,False
1160154,1000,1,1,122.0,True
116017,1000,0,0,,False
1160224,1000,0,0,,False
116031,1000,1,1,275.0,True
1160423,1000,1,0,,False
1160486,1000,1,1,45.0,True
1160599,1000,1,1,13.0,True
1160623,1000,1,1,178.0,True
1160685,1000,0,0,,False
1160744,1000,1,1,41.0,True
1161102,1000,0,0,,False
1161222,1000,1,1,391.0,True
1161288,1000,1,0,,False
1161370,1000,1,1,4.0,True
1161613,1000,1,1,131.0,True
1161633,1000,1,0,,False
1161642,1000,0,0,,False
1161791,1000,1,0,,False
1162087,1000,1,1,197.0,True
1162108,1000,2,2,18.0,True
116218,1000,1,1,9.0,True
1162189,1000,1,1,1.0,True
1162219,1000,0,0,,False
1162283,1000,0,0,,False
1162476,1000,1,0,,False
1162513,1000,0,0,,False
116257,1000,1,1,28.0,True
1162592,1000,1,0,,False
1162609,1000,1,1,4.0,True
1162642,1000,0,0,,False
1162730,1000,0,0,,False
1162958,1000,1,0,,False
1163047,1000,1,1,14.0,True
1163068,1000,1,1,27.0,True
1163132,1000,0,0,,False
1163140,1000,1,1,90.0,True
116318,1000,1,1,2.0,True
1163282,1000,0,0,,False
1163302,1000,0,0,,False
1163310,1000,0,0,,False
1163459,1000,0,0,,False
1163505,1000,1,1,377.0,True
1163517,1000,1,1,9.0,True
1163580,1000,0,0,,False
1163771,1000,1,1,2.0,True
116387,1000,0,0,,False
1163884,1000,0,0,,False
1163909,1000,1,1,8.0,True
1163931,1000,1,1,17.0,True
1163982,1000,1,1,176.0,True
1164049,1000,1,0,,False
1164103,1000,1,1,14.0,True
1164116,1000,1,1,259.0,True
1164150,1000,1,1,4.0,True
1164214,1000,1,1,19.0,True
1164270,1000,1,1,1.0,True
1164325,1000,0,0,,False
1164326,1000,1,1,104.0,True
1164429,1000,0,0,,False
1164598,1000,1,1,741.0,True
1164682,1000,1,1,26.0,True
1164761,1000,1,1,2.0,True
1165112,1000,1,1,564.0,True
1165151,1000,0,0,,False
1165188,1000,1,1,1.0,True
1165345,1000,1,1,6.0,True
1165390,1000,2,2,19.0,True
1165473,1000,1,1,345.0,True
1165485,1000,1,0,,False
1165539,1000,1,1,3.0,True
1165555,1000,1,1,57.0,True
116558,1000,0,0,,False
1165719,1000,1,1,14.0,True
1165763,1000,1,1,66.0,True
1165842,1000,1,1,4.0,True
1165848,1000,0,0,,False
1165862,1000,0,0,,False
1165945,1000,1,1,89.0,True
1166071,1000,1,1,4.0,True
1166185,1000,1,1,1.0,True
1166458,1000,0,0,,False
1166507,1000,1,1,844.0,True
1166698,1000,0,0,,False
1166728,1000,1,1,129.0,True
1166744,1000,0,0,,False
1166876,1000,1,1,4.0,True
1166878,1000,1,1,1.0,True
1166905,1000,1,1,5.0,True
1166969,1000,1,1,32.0,True
1166973,1000,1,1,3.0,True
1166985,1000,0,0,,False
1167032,1000,1,1,2.0,True
1167067,1000,1,1,1.0,True
116709,1000,1,1,5.0,True
1167100,1000,0,0,,False
1167131,1000,1,0,,False
1167171,1000,1,1,129.0,True
1167173,1000,0,0,,False
116720,1000,0,0,,False
1167268,1000,1,1,3.0,True
1167662,1000,0,0,,False
1167673,1000,1,1,970.0,True
1167701,1000,0,0,,False
1167783,1000,0,0,,False
1167792,1000,2,2,25.0,True
1167922,1000,1,1,124.0,True
1168069,1000,0,0,,False
116809,1000,1,1,1.0,True
1168174,1000,0,0,,False
11682,1000,0,0,,False
1168207,1000,0,0,,False
1168293,1000,0,0,,False
1168416,1000,0,0,,False
1168461,1000,0,0,,False
1168487,1000,1,1,41.0,True
1168665,1000,1,1,1.0,True
1169036,1000,1,1,3.0,True
1169052,1000,1,1,1.0,True
1169096,1000,0,0,,False
1169098,1000,0,0,,False
1169099,1000,2,2,32.0,True
1169105,1000,1,0,,False
1169306,1000,1,1,5.0,True
116935,1000,0,0,,False
1169510,1000,1,1,8.0,True
1169517,1000,1,0,,False
1169525,1000,1,1,74.0,True
1169579,1000,0,0,,False
1169601,1000,1,1,205.0,True
1169616,1000,0,0,,False
1169652,1000,1,1,32.0,True
1169661,1000,1,0,,False
1169866,1000,1,1,46.0,True
1169988,1000,1,0,,False
1170068,1000,1,1,2.0,True
1170108,1000,2,1,478.0,True
1170211,1000,0,0,,False
1170262,1000,1,1,6.0,True
1170270,1000,1,1,2.0,True
1170358,1000,1,0,,False
1170388,1000,0,0,,False
1170565,1000,1,1,1.0,True
1170592,1000,1,1,48.0,True
1170624,1000,1,1,27.0,True
1170640,1000,2,2,9.0,True
1170707,1000,1,1,1.0,True
1170757,1000,1,1,20.0,True
1170771,1000,1,1,25.0,True
1170777,1000,0,0,,False
1170967,1000,0,0,,False
1170991,1000,1,1,6.0,True
1171181,1000,0,0,,False
1171527,1000,1,1,3.0,True
1171691,1000,0,0,,False
117173,1000,1,1,38.0,True
1171797,1000,0,0,,False
1172044,1000,0,0,,False
1172058,1000,0,0,,False
1172425,1000,1,0,,False
1172427,1000,0,0,,False
1172488,1000,0,0,,False
1172559,1000,1,1,3.0,True
1172568,1000,1,1,1.0,True
1172586,1000,2,2,1.0,True
1172748,1000,1,1,1.0,True
1172802,1000,0,0,,False
1172810,1000,0,0,,False
1172880,1000,3,0,,False
1172907,1000,0,0,,False
1172991,1000,0,0,,False
1173073,1000,0,0,,False
1173092,1000,0,0,,False
1173413,1000,0,0,,False
1173590,1000,1,1,52.0,True
1173644,1000,2,1,308.0,True
1173709,1000,1,0,,False
1173738,1000,1,1,283.0,True
1173870,1000,2,2,8.0,True
1173945,1000,0,0,,False
117398,1000,1,0,,False
1173981,1000,0,0,,False
1174048,1000,1,1,637.0,True
1174083,1000,2,2,4.0,True
1174243,1000,1,1,11.0,True
1174487,1000,0,0,,False
1174708,1000,1,1,67.0,True
1174755,1000,1,1,1.0,True
1174779,1000,1,1,2.0,True
1174841,1000,1,1,346.0,True
1174842,1000,0,0,,False
117491,1000,1,0,,False
1174968,1000,1,1,2.0,True
117509,1000,0,0,,False
1175377,1000,1,0,,False
117540,1000,0,0,,False
1175437,1000,0,0,,False
1175499,1000,0,0,,False
1175622,1000,1,0,,False
1175696,1000,0,0,,False
1175735,1000,1,1,2.0,True
1175753,1000,1,1,3.0,True
1175873,1000,0,0,,False
1175946,1000,0,0,,False
1176114,1000,1,1,1.0,True
1176210,1000,0,0,,False
1176294,1000,0,0,,False
1176412,1000,1,1,1.0,True
1176665,1000,0,0,,False
1176825,1000,1,1,170.0,True
1176938,1000,1,1,105.0,True
1177145,1000,1,1,52.0,True
1177162,1000,0,0,,False
117718,1000,1,1,34.0,True
1177237,1000,2,1,104.0,True
1177344,1000,1,0,,False
1177356,1000,0,0,,False
1177403,1000,0,0,,False
1177428,1000,0,0,,False
1177468,1000,0,0,,False
1177539,1000,1,1,4.0,True
1177556,1000,1,0,,False
1177573,1000,1,1,7.0,True
1177739,1000,0,0,,False
1177835,1000,0,0,,False
1177917,1000,0,0,,False
1177923,1000,1,1,1.0,True
1177965,1000,1,1,773.0,True
1178023,1000,1,1,1.0,True
1178321,1000,1,1,26.0,True
1178407,1000,0,0,,False
1178441,1000,1,0,,False
11787,1000,1,0,,False
1178772,1000,0,0,,False
1178799,1000,1,1,50.0,True
1178814,1000,1,0,,False
1178915,1000,0,0,,False
1178949,1000,1,0,,False
1179027,1000,0,0,,False
1179230,1000,0,0,,False
1179339,1000,0,0,,False
1179470,1000,0,0,,False
11796,1000,0,0,,False
1179610,1000,0,0,,False
1179623,1000,1,0,,False
117963,1000,1,0,,False
1179631,1000,1,0,,False
1179637,1000,0,0,,False
1179713,1000,1,1,473.0,True
1179772,1000,1,0,,False
1179852,1000,0,0,,False
1179911,1000,1,1,42.0,True
1179927,1000,1,1,16.0,True
1179971,1000,0,0,,False
1180056,1000,0,0,,False
1180081,1000,0,0,,False
1180323,1000,1,1,159.0,True
1180430,1000,1,0,,False
1180447,1000,0,0,,False
1180450,1000,0,0,,False
1180507,1000,1,1,6.0,True
1180562,1000,0,0,,False
1180596,1000,1,1,191.0,True
1180632,1000,1,1,211.0,True
1180667,1000,1,1,412.0,True
1180795,1000,1,1,1.0,True
1180960,1000,1,1,2.0,True
1180984,1000,0,0,,False
1181122,1000,1,1,37.0,True
1181131,1000,0,0,,False
1181133,1000,1,0,,False
1181270,1000,1,1,697.0,True
1181327,1000,1,1,45.0,True
1181438,1000,1,1,79.0,True
1181461,1000,0,0,,False
1181579,1000,1,0,,False
1181636,1000,1,1,4.0,True
1181834,1000,0,0,,False
1182021,1000,1,1,5.0,True
1182024,1000,1,1,2.0,True
1182175,1000,1,1,1.0,True
1182339,1000,0,0,,False
1182548,1000,0,0,,False
1182660,1000,0,0,,False
1182835,1000,0,0,,False
1182845,1000,1,1,147.0,True
118290,1000,1,1,382.0,True
1183017,1000,1,1,6.0,True
1183026,1000,1,0,,False
1183212,1000,1,1,5.0,True
1183418,1000,1,1,373.0,True
1183537,1000,1,1,4.0,True
1183654,1000,1,1,4.0,True
1183760,1000,1,1,26.0,True
1183842,1000,2,2,1.0,True
1183849,1000,1,1,33.0,True
1183938,1000,1,1,20.0,True
1184068,1000,0,0,,False
1184069,1000,1,1,1.0,True
1184191,1000,0,0,,False
1184362,1000,0,0,,False
1184473,1000,1,1,1.0,True
1184490,1000,1,0,,False
1184503,1000,0,0,,False
1184563,1000,0,0,,False
1184615,1000,1,1,319.0,True
1184684,1000,1,1,4.0,True
1184772,1000,1,1,1.0,True
1184809,1000,1,1,1.0,True
1184926,1000,1,1,6.0,True
1184938,1000,0,0,,False
1185012,1000,1,1,4.0,True
1185051,1000,0,0,,False
1185292,1000,0,0,,False
1185469,1000,0,0,,False
1185490,1000,0,0,,False
1185553,1000,1,0,,False
1185566,1000,0,0,,False
1185659,1000,0,0,,False
1185758,1000,1,0,,False
1185837,1000,0,0,,False
118624,1000,1,1,16.0,True
118829,1000,0,0,,False
118856,1000,1,1,888.0,True
119051,1000,0,0,,False
119122,1000,0,0,,False
119214,1000,0,0,,False
119386,1000,1,1,429.0,True
119427,1000,0,0,,False
119786,1000,0,0,,False
119892,1000,1,1,33.0,True
120041,1000,1,1,131.0,True
1204,1000,1,1,22.0,True
120861,1000,1,1,499.0,True
121037,1000,1,1,159.0,True
121131,1000,1,1,13.0,True
121500,1000,1,1,10.0,True
121725,1000,0,0,,False
121845,1000,1,0,,False
121853,1000,1,0,,False
121955,1000,1,0,,False
122405,1000,1,0,,False
122484,1000,1,1,8.0,True
122578,1000,1,1,736.0,True
122610,1000,1,0,,False
122611,1000,1,1,46.0,True
122860,1000,0,0,,False
122884,1000,1,1,19.0,True
123040,1000,0,0,,False
123168,1000,1,1,9.0,True
123355,1000,1,1,13.0,True
123438,1000,1,1,398.0,True
123464,1000,1,1,36.0,True
123471,1000,1,1,26.0,True
123668,1000,1,1,57.0,True
123979,1000,1,1,18.0,True
124400,1000,1,1,5.0,True
124437,1000,0,0,,False
12466,1000,1,1,4.0,True
124777,1000,1,1,9.0,True
124946,1000,1,1,24.0,True
124961,1000,1,1,3.0,True
125164,1000,1,1,10.0,True
125166,1000,1,1,70.0,True
125321,1000,0,0,,False
125418,1000,1,1,14.0,True
12546,1000,0,0,,False
126082,1000,1,1,732.0,True
126102,1000,1,1,16.0,True
126550,1000,0,0,,False
126588,1000,1,1,2.0,True
126982,1000,2,1,150.0,True
127087,1000,1,0,,False
12718,1000,1,1,222.0,True
127322,1000,1,1,1.0,True
127411,1000,0,0,,False
127618,1000,1,1,1.0,True
127639,1000,0,0,,False
127913,1000,1,0,,False
127944,1000,1,1,7.0,True
12797,1000,0,0,,False
128012,1000,1,1,3.0,True
128177,1000,1,1,1.0,True
128547,1000,0,0,,False
129007,1000,1,1,11.0,True
129020,1000,1,1,346.0,True
129027,1000,1,0,,False
12904,1000,1,1,45.0,True
129104,1000,1,1,3.0,True
129291,1000,1,1,2.0,True
129293,1000,1,1,64.0,True
129710,1000,1,1,56.0,True
129799,1000,1,1,296.0,True
129952,1000,1,1,45.0,True
129962,1000,1,1,556.0,True
130052,1000,1,1,1.0,True
130149,1000,2,0,,False
130253,1000,1,1,22.0,True
130262,1000,1,1,4.0,True
13028,1000,1,0,,False
130475,1000,1,1,269.0,True
130671,1000,1,1,27.0,True
130700,1000,1,1,84.0,True
130785,1000,1,0,,False
13085,1000,1,1,66.0,True
13087,1000,1,0,,False
13103,1000,1,1,29.0,True
131340,1000,1,1,38.0,True
131502,1000,1,1,19.0,True
131685,1000,1,1,93.0,True
131736,1000,1,1,14.0,True
132170,1000,1,0,,False
132178,1000,1,1,22.0,True
132276,1000,0,0,,False
132610,1000,0,0,,False
132660,1000,1,1,830.0,True
132702,1000,0,0,,False
132720,1000,1,1,1.0,True
132793,1000,0,0,,False
13289,1000,1,0,,False
133227,1000,0,0,,False
133506,1000,0,0,,False
133569,1000,1,1,7.0,True
13363,1000,0,0,,False
133636,1000,1,1,3.0,True
133711,1000,0,0,,False
133734,1000,1,1,27.0,True
133854,1000,1,1,14.0,True
133925,1000,1,1,9.0,True
134043,1000,1,1,1.0,True
134444,1000,0,0,,False
134561,1000,0,0,,False
134680,1000,1,0,,False
134699,1000,1,1,582.0,True
134727,1000,1,1,90.0,True
134844,1000,1,1,35.0,True
134859,1000,0,0,,False
134920,1000,1,0,,False
135049,1000,1,1,12.0,True
135053,1000,1,1,12.0,True
135320,1000,1,1,697.0,True
135460,1000,1,0,,False
135529,1000,1,1,1.0,True
135583,1000,1,1,34.0,True
135719,1000,1,1,1.0,True
135745,1000,1,1,126.0,True
135749,1000,1,1,163.0,True
136174,1000,1,0,,False
136315,1000,1,1,6.0,True
136339,1000,0,0,,False
136652,1000,1,1,10.0,True
136803,1000,0,0,,False
136816,1000,1,1,334.0,True
136924,1000,1,1,125.0,True
137091,1000,1,1,2.0,True
137187,1000,1,1,18.0,True
137188,1000,1,1,7.0,True
137224,1000,1,1,7.0,True
137237,1000,1,1,4.0,True
13738,1000,1,1,391.0,True
137437,1000,0,0,,False
137499,1000,2,2,1.0,True
137512,1000,1,1,1.0,True
137816,1000,0,0,,False
138037,1000,1,1,3.0,True
138074,1000,1,1,73.0,True
138107,1000,0,0,,False
138247,1000,1,1,22.0,True
138276,1000,1,1,4.0,True
138445,1000,1,1,1.0,True
138463,1000,1,1,23.0,True
138652,1000,1,1,61.0,True
138696,1000,1,0,,False
138782,1000,0,0,,False
138785,1000,1,1,1.0,True
138930,1000,1,1,703.0,True
138935,1000,1,0,,False
139086,1000,1,1,115.0,True
139167,1000,0,0,,False
139584,1000,1,0,,False
139689,1000,1,1,29.0,True
139787,1000,1,1,4.0,True
139813,1000,1,1,4.0,True
139867,1000,1,1,4.0,True
139879,1000,1,0,,False
139893,1000,1,1,10.0,True
139932,1000,1,0,,False
139943,1000,1,0,,False
140028,1000,1,0,,False
140313,1000,1,1,1.0,True
140372,1000,1,1,809.0,True
140467,1000,1,1,202.0,True
14052,1000,0,0,,False
140805,1000,0,0,,False
140932,1000,0,0,,False
141033,1000,1,1,72.0,True
141047,1000,0,0,,False
141117,1000,0,0,,False
141223,1000,1,1,68.0,True
141267,1000,1,1,96.0,True
141481,1000,1,1,2.0,True
141508,1000,1,1,23.0,True
141836,1000,0,0,,False
141853,1000,1,1,6.0,True
141959,1000,0,0,,False
141979,1000,1,1,2.0,True
142254,1000,1,1,5.0,True
142430,1000,0,0,,False
142493,1000,2,2,14.0,True
142710,1000,1,1,1.0,True
142841,1000,1,1,3.0,True
142964,1000,1,1,5.0,True
142981,1000,0,0,,False
143001,1000,0,0,,False
143003,1000,0,0,,False
143009,1000,1,1,1.0,True
143056,1000,1,1,15.0,True
143139,1000,0,0,,False
143171,1000,1,1,437.0,True
143307,1000,0,0,,False
143339,1000,1,0,,False
143655,1000,1,1,1.0,True
143870,1000,0,0,,False
14389,1000,0,0,,False
144035,1000,1,1,75.0,True
144226,1000,0,0,,False
144349,1000,1,1,15.0,True
144517,1000,1,1,78.0,True
144561,1000,1,1,3.0,True
144612,1000,0,0,,False
144617,1000,0,0,,False
144738,1000,1,1,5.0,True
144835,1000,1,1,5.0,True
145013,1000,0,0,,False
145129,1000,0,0,,False
145155,1000,0,0,,False
145198,1000,1,1,29.0,True
145201,1000,1,1,5.0,True
145338,1000,0,0,,False
145360,1000,1,1,27.0,True
145423,1000,1,1,2.0,True
14544,1000,1,1,3.0,True
145534,1000,1,1,2.0,True
145677,1000,1,1,4.0,True
145679,1000,1,1,76.0,True
145722,1000,0,0,,False
145857,1000,0,0,,False
146188,1000,1,0,,False
146418,1000,1,1,6.0,True
146429,1000,0,0,,False
146549,1000,0,0,,False
146690,1000,1,1,2.0,True
146699,1000,1,1,331.0,True
146747,1000,1,1,379.0,True
146970,1000,2,2,155.0,True
147010,1000,0,0,,False
147052,1000,0,0,,False
147244,1000,0,0,,False
147745,1000,2,1,178.0,True
147805,1000,0,0,,False
147837,1000,0,0,,False
147878,1000,0,0,,False
147903,1000,1,0,,False
148083,1000,2,2,13.0,True
148452,1000,0,0,,False
14864,1000,0,0,,False
148732,1000,0,0,,False
148757,1000,0,0,,False
148900,1000,1,1,163.0,True
148986,1000,2,2,13.0,True
149007,1000,1,1,7.0,True
149057,1000,0,0,,False
14915,1000,1,1,1.0,True
149537,1000,2,2,9.0,True
14958,1000,0,0,,False
14961,1000,1,1,34.0,True
149870,1000,0,0,,False
149890,1000,0,0,,False
150165,1000,4,4,10.0,True
150333,1000,2,2,1.0,True
150364,1000,3,1,22.0,True
150399,1000,5,2,58.0,True
150532,1000,1,1,246.0,True
150870,1000,1,1,33.0,True
150906,1000,1,1,28.0,True
150943,1000,1,1,4.0,True
151205,1000,1,1,359.0,True
151267,1000,1,1,1.0,True
15130,1000,1,1,16.0,True
151436,1000,2,2,14.0,True
151558,1000,1,0,,False
151597,1000,1,1,5.0,True
15166,1000,0,0,,False
151718,1000,1,1,1.0,True
151993,1000,1,1,4.0,True
152126,1000,1,0,,False
152217,1000,1,1,913.0,True
15230,1000,0,0,,False
152369,1000,0,0,,False
152427,1000,1,1,127.0,True
15258,1000,1,0,,False
152610,1000,2,1,3.0,True
152699,1000,0,0,,False
152750,1000,1,1,16.0,True
152812,1000,0,0,,False
152887,1000,1,1,12.0,True
1529,1000,0,0,,False
153352,1000,1,1,123.0,True
153386,1000,0,0,,False
153434,1000,0,0,,False
153553,1000,0,0,,False
153632,1000,0,0,,False
15364,1000,0,0,,False
153658,1000,1,1,7.0,True
153661,1000,1,1,1.0,True
154003,1000,1,1,1.0,True
154069,1000,0,0,,False
15415,1000,1,0,,False
15422,1000,1,1,155.0,True
154270,1000,0,0,,False
154315,1000,1,1,1.0,True
154318,1000,0,0,,False
154462,1000,0,0,,False
154538,1000,1,1,814.0,True
154566,1000,0,0,,False
1547,1000,0,0,,False
154746,1000,1,1,3.0,True
154863,1000,2,2,51.0,True
154979,1000,1,1,3.0,True
155154,1000,1,1,4.0,True
155172,1000,0,0,,False
155236,1000,0,0,,False
155323,1000,0,0,,False
155398,1000,0,0,,False
155560,1000,1,1,4.0,True
155586,1000,1,1,894.0,True
155663,1000,0,0,,False
155715,1000,1,1,75.0,True
155799,1000,1,1,7.0,True
155904,1000,0,0,,False
155957,1000,0,0,,False
156120,1000,1,1,2.0,True
156184,1000,1,0,,False
156248,1000,1,1,1.0,True
156430,1000,0,0,,False
156900,1000,0,0,,False
15708,1000,1,1,455.0,True
157175,1000,1,0,,False
157270,1000,1,1,4.0,True
157462,1000,1,1,3.0,True
157576,1000,1,0,,False
157745,1000,0,0,,False
157764,1000,1,1,3.0,True
157941,1000,1,1,21.0,True
157944,1000,0,0,,False
158104,1000,0,0,,False
158180,1000,0,0,,False
158210,1000,1,1,39.0,True
158367,1000,1,1,35.0,True
158820,1000,1,1,11.0,True
158834,1000,1,1,6.0,True
158864,1000,1,0,,False
15888,1000,1,1,629.0,True
159051,1000,1,1,5.0,True
159217,1000,1,1,2.0,True
159224,1000,0,0,,False
159256,1000,1,1,189.0,True
159307,1000,1,1,567.0,True
159366,1000,0,0,,False
159505,1000,0,0,,False
159562,1000,1,1,12.0,True
159623,1000,1,0,,False
15963,1000,0,0,,False
159760,1000,1,1,168.0,True
159783,1000,1,1,20.0,True
15981,1000,1,1,2.0,True
159810,1000,0,0,,False
159839,1000,1,1,144.0,True
159868,1000,0,0,,False
159887,1000,0,0,,False
159934,1000,0,0,,False
160130,1000,0,0,,False
160153,1000,0,0,,False
160271,1000,0,0,,False
160292,1000,0,0,,False
160615,1000,1,1,351.0,True
160638,1000,1,1,5.0,True
16064,1000,1,1,2.0,True
160746,1000,0,0,,False
160848,1000,0,0,,False
16093,1000,0,0,,False
16107,1000,0,0,,False
161342,1000,0,0,,False
161358,1000,0,0,,False
161401,1000,1,1,14.0,True
161449,1000,1,1,7.0,True
161504,1000,1,0,,False
161529,1000,0,0,,False
161599,1000,0,0,,False
161810,1000,0,0,,False
162047,1000,0,0,,False
162111,1000,0,0,,False
162170,1000,1,1,32.0,True
162191,1000,1,1,3.0,True
162472,1000,0,0,,False
162714,1000,0,0,,False
16287,1000,1,1,131.0,True
162920,1000,1,1,104.0,True
162963,1000,0,0,,False
163442,1000,0,0,,False
163532,1000,0,0,,False
163693,1000,1,1,373.0,True
163715,1000,1,1,62.0,True
163780,1000,1,1,16.0,True
163896,1000,0,0,,False
163899,1000,1,0,,False
163948,1000,0,0,,False
16404,1000,0,0,,False
16406,1000,0,0,,False
164245,1000,1,1,3.0,True
164301,1000,1,1,24.0,True
164308,1000,1,1,16.0,True
164373,1000,0,0,,False
164452,1000,0,0,,False
164473,1000,0,0,,False
164514,1000,0,0,,False
1646,1000,1,0,,False
164613,1000,2,2,3.0,True
164701,1000,0,0,,False
164824,1000,0,0,,False
164869,1000,1,1,309.0,True
164879,1000,1,1,233.0,True
165050,1000,1,1,16.0,True
165054,1000,0,0,,False
16510,1000,2,1,196.0,True
165277,1000,0,0,,False
165414,1000,1,1,6.0,True
16561,1000,1,0,,False
165753,1000,0,0,,False
16583,1000,1,1,15.0,True
165894,1000,1,1,12.0,True
166182,1000,0,0,,False
166194,1000,0,0,,False
166362,1000,1,1,10.0,True
16640,1000,0,0,,False
16677,1000,1,1,8.0,True
166916,1000,0,0,,False
167064,1000,0,0,,False
167089,1000,1,1,80.0,True
167128,1000,0,0,,False
167237,1000,1,1,1.0,True
167345,1000,0,0,,False
16738,1000,0,0,,False
16741,1000,2,2,1.0,True
167496,1000,1,0,,False
167567,1000,1,1,14.0,True
167765,1000,0,0,,False
167783,1000,0,0,,False
167821,1000,0,0,,False
167902,1000,1,1,10.0,True
16812,1000,1,1,370.0,True
168185,1000,1,1,7.0,True
168199,1000,1,1,1.0,True
16826,1000,0,0,,False
168335,1000,1,1,1.0,True
168409,1000,1,1,19.0,True
168425,1000,1,1,54.0,True
168430,1000,0,0,,False
1685,1000,0,0,,False
168518,1000,1,1,90.0,True
168541,1000,1,1,2.0,True
168542,1000,0,0,,False
168550,1000,0,0,,False
168773,1000,1,1,4.0,True
169089,1000,0,0,,False
169105,1000,1,1,2.0,True
169212,1000,0,0,,False
169443,1000,1,1,4.0,True
169497,1000,0,0,,False
169537,1000,1,1,578.0,True
169642,1000,1,1,434.0,True
170,1000,0,0,,False
170025,1000,0,0,,False
170026,1000,1,1,1.0,True
170112,1000,0,0,,False
170165,1000,1,1,208.0,True
170189,1000,1,1,1.0,True
170315,1000,1,1,1.0,True
170378,1000,0,0,,False
170428,1000,0,0,,False
170731,1000,0,0,,False
170819,1000,0,0,,False
17088,1000,1,1,3.0,True
170885,1000,0,0,,False
170903,1000,0,0,,False
171331,1000,0,0,,False
171346,1000,0,0,,False
171438,1000,0,0,,False
171441,1000,1,1,2.0,True
171453,1000,0,0,,False
171604,1000,1,1,3.0,True
171643,1000,1,1,588.0,True
171705,1000,1,1,126.0,True
171809,1000,1,1,39.0,True
171957,1000,0,0,,False
171958,1000,1,1,5.0,True
172003,1000,1,1,235.0,True
172085,1000,1,1,1.0,True
172143,1000,0,0,,False
172144,1000,1,1,4.0,True
172190,1000,1,1,3.0,True
172229,1000,0,0,,False
172339,1000,1,1,36.0,True
172709,1000,1,1,6.0,True
172739,1000,1,1,15.0,True
172893,1000,1,1,297.0,True
172993,1000,1,1,97.0,True
173088,1000,1,0,,False
17315,1000,1,0,,False
173212,1000,1,1,2.0,True
173340,1000,0,0,,False
173610,1000,1,1,314.0,True
173721,1000,1,1,214.0,True
173823,1000,1,1,2.0,True
173905,1000,1,1,38.0,True
173931,1000,1,1,150.0,True
173962,1000,0,0,,False
174033,1000,1,1,2.0,True
174167,1000,1,1,5.0,True
174395,1000,0,0,,False
174499,1000,1,1,3.0,True
174600,1000,0,0,,False
174873,1000,0,0,,False
174879,1000,0,0,,False
174914,1000,2,2,653.0,True
175267,1000,0,0,,False
175280,1000,1,1,577.0,True
175493,1000,1,1,189.0,True
175509,1000,0,0,,False
175521,1000,0,0,,False
17553,1000,0,0,,False
175664,1000,0,0,,False
175677,1000,0,0,,False
175729,1000,1,1,33.0,True
175938,1000,1,1,1.0,True
175983,1000,1,1,6.0,True
176046,1000,1,1,6.0,True
176204,1000,0,0,,False
176250,1000,1,1,55.0,True
176286,1000,0,0,,False
176400,1000,0,0,,False
176500,1000,0,0,,False
176615,1000,1,1,4.0,True
17681,1000,1,1,73.0,True
176908,1000,0,0,,False
176960,1000,1,0,,False
177176,1000,2,1,38.0,True
177432,1000,1,1,997.0,True
177523,1000,1,1,4.0,True
177548,1000,0,0,,False
177551,1000,1,0,,False
177669,1000,0,0,,False
177891,1000,1,1,4.0,True
177929,1000,1,1,47.0,True
177999,1000,0,0,,False
178052,1000,1,1,567.0,True
178177,1000,1,1,3.0,True
178180,1000,1,1,24.0,True
178207,1000,0,0,,False
178223,1000,3,2,86.0,True
17823,1000,0,0,,False
178241,1000,0,0,,False
178410,1000,0,0,,False
178449,1000,0,0,,False
178489,1000,1,1,96.0,True
178829,1000,1,1,2.0,True
178887,1000,0,0,,False
179130,1000,1,1,167.0,True
179354,1000,1,1,6.0,True
179617,1000,1,1,44.0,True
179621,1000,1,1,59.0,True
179704,1000,0,0,,False
179997,1000,1,1,309.0,True
180011,1000,0,0,,False
180188,1000,0,0,,False
180191,1000,1,1,667.0,True
180249,1000,1,1,3.0,True
180408,1000,1,1,384.0,True
180458,1000,1,1,865.0,True
180561,1000,0,0,,False
180745,1000,0,0,,False
180833,1000,1,1,13.0,True
180894,1000,1,1,2.0,True
18093,1000,1,1,287.0,True
18096,1000,0,0,,False
181077,1000,0,0,,False
181093,1000,1,1,103.0,True
181140,1000,1,1,1.0,True
181415,1000,0,0,,False
181467,1000,0,0,,False
1818,1000,1,1,1.0,True
182023,1000,1,1,50.0,True
182055,1000,1,1,36.0,True
18210,1000,0,0,,False
182509,1000,1,0,,False
182693,1000,0,0,,False
182763,1000,1,1,20.0,True
182856,1000,1,1,1.0,True
182915,1000,1,1,244.0,True
182958,1000,0,0,,False
18297,1000,0,0,,False
183001,1000,0,0,,False
183068,1000,0,0,,False
18333,1000,0,0,,False
183335,1000,0,0,,False
183396,1000,1,0,,False
183426,1000,1,0,,False
183717,1000,0,0,,False
183799,1000,1,0,,False
183847,1000,1,1,50.0,True
183970,1000,1,1,6.0,True
183975,1000,0,0,,False
184019,1000,0,0,,False
184074,1000,0,0,,False
184128,1000,1,1,15.0,True
184254,1000,1,1,974.0,True
184287,1000,0,0,,False
184493,1000,0,0,,False
184510,1000,1,1,107.0,True
184583,1000,1,1,210.0,True
184609,1000,0,0,,False
185051,1000,1,0,,False
185052,1000,1,1,665.0,True
185144,1000,0,0,,False
185251,1000,0,0,,False
18526,1000,0,0,,False
185405,1000,0,0,,False
18556,1000,1,1,1.0,True
185575,1000,1,0,,False
185623,1000,0,0,,False
185657,1000,1,1,1.0,True
185661,1000,0,0,,False
185675,1000,0,0,,False
185772,1000,0,0,,False
185780,1000,0,0,,False
185832,1000,0,0,,False
185891,1000,1,1,2.0,True
185996,1000,0,0,,False
186009,1000,0,0,,False
186205,1000,1,1,194.0,True
186387,1000,1,1,2.0,True
186714,1000,0,0,,False
186724,1000,0,0,,False
186755,1000,0,0,,False
186798,1000,1,0,,False
186940,1000,0,0,,False
187017,1000,0,0,,False
187039,1000,1,0,,False
187040,1000,2,1,25.0,True
187273,1000,1,1,93.0,True
187313,1000,1,1,168.0,True
187355,1000,1,1,178.0,True
187370,1000,1,1,9.0,True
187491,1000,1,1,2.0,True
187862,1000,1,1,58.0,True
187896,1000,1,1,6.0,True
188117,1000,0,0,,False
188141,1000,1,1,437.0,True
188209,1000,0,0,,False
18838,1000,1,1,213.0,True
188624,1000,0,0,,False
188707,1000,0,0,,False
188824,1000,0,0,,False
188829,1000,1,1,867.0,True
188893,1000,0,0,,False
189,1000,0,0,,False
189125,1000,2,0,,False
189158,1000,2,2,6.0,True
189240,1000,0,0,,False
189368,1000,2,2,89.0,True
189501,1000,1,1,597.0,True
189838,1000,1,0,,False
189964,1000,1,1,16.0,True
19001,1000,1,0,,False
190165,1000,0,0,,False
190279,1000,1,1,763.0,True
190410,1000,1,1,736.0,True
190475,1000,2,0,,False
190769,1000,0,0,,False
190864,1000,1,0,,False
191005,1000,0,0,,False
191269,1000,0,0,,False
191304,1000,0,0,,False
191311,1000,1,1,3.0,True
191368,1000,0,0,,False
19153,1000,1,0,,False
191607,1000,0,0,,False
191700,1000,1,1,704.0,True
192024,1000,1,1,1.0,True
192210,1000,0,0,,False
192447,1000,1,0,,False
192622,1000,1,1,144.0,True
192748,1000,1,0,,False
192806,1000,0,0,,False
192880,1000,0,0,,False
19293,1000,0,0,,False
19295,1000,0,0,,False
192981,1000,0,0,,False
193077,1000,1,0,,False
193103,1000,2,2,331.0,True
193133,1000,1,0,,False
193310,1000,1,1,19.0,True
193412,1000,1,1,905.0,True
19344,1000,1,0,,False
193563,1000,0,0,,False
193735,1000,1,1,1.0,True
193773,1000,0,0,,False
19410,1000,1,0,,False
194340,1000,0,0,,False
194440,1000,0,0,,False
195138,1000,1,1,21.0,True
195218,1000,0,0,,False
195612,1000,0,0,,False
195654,1000,0,0,,False
195854,1000,1,1,2.0,True
195962,1000,1,1,281.0,True
195973,1000,0,0,,False
195985,1000,1,1,57.0,True
195990,1000,0,0,,False
196042,1000,1,0,,False
196082,1000,0,0,,False
196161,1000,1,1,535.0,True
196176,1000,1,1,209.0,True
196244,1000,1,0,,False
196431,1000,0,0,,False
196460,1000,1,1,11.0,True
196528,1000,0,0,,False
196530,1000,1,1,2.0,True
196777,1000,1,1,507.0,True
196861,1000,1,1,4.0,True
196950,1000,1,1,495.0,True
197135,1000,1,1,130.0,True
197158,1000,1,1,13.0,True
197239,1000,1,1,200.0,True
197278,1000,1,1,2.0,True
197513,1000,1,1,3.0,True
197579,1000,0,0,,False
197600,1000,0,0,,False
197643,1000,0,0,,False
197653,1000,0,0,,False
198005,1000,1,1,46.0,True
198088,1000,1,1,279.0,True
1982,1000,0,0,,False
198350,1000,0,0,,False
198712,1000,1,1,799.0,True
19878,1000,1,1,3.0,True
198841,1000,0,0,,False
19899,1000,1,1,3.0,True
199243,1000,0,0,,False
19932,1000,1,1,66.0,True
199340,1000,1,1,1.0,True
199419,1000,1,1,12.0,True
199518,1000,0,0,,False
199553,1000,0,0,,False
19957,1000,0,0,,False
199595,1000,1,1,13.0,True
199659,1000,0,0,,False
199785,1000,1,1,462.0,True
200004,1000,1,1,497.0,True
200173,1000,0,0,,False
200512,1000,1,1,3.0,True
200581,1000,1,0,,False
200584,1000,1,1,113.0,True
2006,1000,0,0,,False
20060,1000,1,1,119.0,True
200644,1000,0,0,,False
200651,1000,0,0,,False
200705,1000,0,0,,False
200848,1000,0,0,,False
200857,1000,0,0,,False
200992,1000,0,0,,False
201012,1000,1,1,30.0,True
201025,1000,0,0,,False
201227,1000,1,1,643.0,True
201243,1000,0,0,,False
201358,1000,1,1,283.0,True
20138,1000,0,0,,False
201389,1000,1,1,6.0,True
201417,1000,1,1,1.0,True
201556,1000,1,1,164.0,True
201722,1000,1,1,27.0,True
201809,1000,1,0,,False
201816,1000,1,1,3.0,True
201817,1000,1,1,5.0,True
201845,1000,1,1,22.0,True
201937,1000,0,0,,False
202140,1000,1,0,,False
202210,1000,1,1,17.0,True
20223,1000,1,0,,False
202314,1000,0,0,,False
202420,1000,1,1,3.0,True
202774,1000,1,1,116.0,True
202926,1000,1,1,19.0,True
202935,1000,1,0,,False
202950,1000,0,0,,False
203112,1000,0,0,,False
203119,1000,1,1,26.0,True
203434,1000,1,1,215.0,True
203470,1000,1,1,14.0,True
203532,1000,1,1,3.0,True
203557,1000,0,0,,False
203563,1000,0,0,,False
203664,1000,2,2,12.0,True
203734,1000,1,1,3.0,True
203839,1000,0,0,,False
203852,1000,0,0,,False
203936,1000,0,0,,False
204073,1000,0,0,,False
204159,1000,1,1,3.0,True
204275,1000,1,1,2.0,True
204646,1000,1,0,,False
204696,1000,1,1,6.0,True
204756,1000,1,0,,False
205053,1000,0,0,,False
205066,1000,1,1,49.0,True
205108,1000,1,1,12.0,True
205141,1000,0,0,,False
20540,1000,1,0,,False
205481,1000,1,1,21.0,True
205543,1000,1,1,23.0,True
20560,1000,1,1,14.0,True
205785,1000,0,0,,False
205874,1000,1,1,117.0,True
206041,1000,0,0,,False
206159,1000,1,1,124.0,True
206251,1000,0,0,,False
20631,1000,1,1,1.0,True
20638,1000,1,1,46.0,True
206452,1000,0,0,,False
206520,1000,0,0,,False
206594,1000,1,0,,False
206810,1000,0,0,,False
206839,1000,0,0,,False
20691,1000,1,1,38.0,True
206976,1000,0,0,,False
2070,1000,1,1,4.0,True
207063,1000,1,1,28.0,True
207414,1000,2,2,17.0,True
207475,1000,0,0,,False
207527,1000,1,0,,False
207791,1000,0,0,,False
207811,1000,1,1,500.0,True
207874,1000,0,0,,False
207999,1000,1,1,1.0,True
208002,1000,0,0,,False
208103,1000,0,0,,False
208254,1000,1,1,328.0,True
208275,1000,1,1,823.0,True
208369,1000,1,1,9.0,True
208677,1000,1,1,589.0,True
208681,1000,0,0,,False
208871,1000,1,1,581.0,True
208905,1000,0,0,,False
20908,1000,1,1,13.0,True
20926,1000,0,0,,False
20940,1000,0,0,,False
209464,1000,1,1,78.0,True
209481,1000,1,1,48.0,True
209526,1000,0,0,,False
209629,1000,1,1,275.0,True
20967,1000,0,0,,False
209822,1000,1,1,20.0,True
20996,1000,1,1,25.0,True
209977,1000,1,1,6.0,True
210058,1000,1,0,,False
210167,1000,0,0,,False
210200,1000,0,0,,False
210224,1000,1,0,,False
210237,1000,1,1,8.0,True
210305,1000,0,0,,False
210307,1000,0,0,,False
210336,1000,1,0,,False
210445,1000,1,1,39.0,True
210548,1000,0,0,,False
210573,1000,1,0,,False
210575,1000,0,0,,False
210848,1000,1,0,,False
210863,1000,0,0,,False
210867,1000,0,0,,False
210977,1000,0,0,,False
210979,1000,1,1,1.0,True
211004,1000,0,0,,False
211220,1000,0,0,,False
211409,1000,1,1,46.0,True
211488,1000,1,1,12.0,True
211545,1000,0,0,,False
212010,1000,0,0,,False
212132,1000,0,0,,False
212192,1000,0,0,,False
212197,1000,0,0,,False
212298,1000,1,1,19.0,True
212545,1000,0,0,,False
212856,1000,1,1,119.0,True
213009,1000,1,1,2.0,True
213085,1000,0,0,,False
213131,1000,0,0,,False
213175,1000,2,2,2.0,True
213245,1000,1,1,232.0,True
213270,1000,0,0,,False
213281,1000,1,0,,False
213349,1000,1,1,50.0,True
213553,1000,0,0,,False
213676,1000,0,0,,False
213752,1000,0,0,,False
213867,1000,1,1,6.0,True
21388,1000,1,1,24.0,True
21389,1000,0,0,,False
213917,1000,0,0,,False
213982,1000,0,0,,False
214452,1000,0,0,,False
214492,1000,0,0,,False
214620,1000,1,1,1.0,True
214634,1000,1,1,32.0,True
214834,1000,1,1,233.0,True
214850,1000,0,0,,False
214854,1000,1,1,9.0,True
214976,1000,1,1,77.0,True
215118,1000,0,0,,False
215139,1000,1,1,1.0,True
215255,1000,0,0,,False
215277,1000,1,1,61.0,True
215327,1000,1,1,263.0,True
215480,1000,0,0,,False
21552,1000,1,1,2.0,True
215595,1000,0,0,,False
215810,1000,0,0,,False
215963,1000,1,1,109.0,True
21602,1000,1,1,155.0,True
216115,1000,3,2,3.0,True
216173,1000,1,1,146.0,True
216252,1000,1,0,,False
216393,1000,1,1,152.0,True
216553,1000,1,1,14.0,True
21661,1000,1,1,13.0,True
216772,1000,0,0,,False
216793,1000,1,1,12.0,True
216807,1000,0,0,,False
216843,1000,0,0,,False
217018,1000,1,1,4.0,True
21702,1000,1,1,32.0,True
217138,1000,0,0,,False
217223,1000,0,0,,False
217392,1000,0,0,,False
217459,1000,0,0,,False
217471,1000,0,0,,False
217480,1000,0,0,,False
217516,1000,0,0,,False
217795,1000,1,1,5.0,True
21783,1000,1,1,7.0,True
217907,1000,0,0,,False
217911,1000,0,0,,False
217932,1000,0,0,,False
218064,1000,0,0,,False
218148,1000,1,1,363.0,True
218151,1000,0,0,,False
218316,1000,0,0,,False
218404,1000,0,0,,False
218567,1000,0,0,,False
218594,1000,0,0,,False
218795,1000,0,0,,False
219049,1000,0,0,,False
219167,1000,0,0,,False
219234,1000,0,0,,False
21924,1000,0,0,,False
219286,1000,1,1,147.0,True
219308,1000,1,1,2.0,True
219376,1000,1,0,,False
219403,1000,1,1,696.0,True
219690,1000,0,0,,False
219739,1000,0,0,,False
219892,1000,1,1,5.0,True
220040,1000,0,0,,False
220148,1000,1,1,1.0,True
22015,1000,1,1,1.0,True
220275,1000,0,0,,False
220294,1000,0,0,,False
220406,1000,1,1,5.0,True
220488,1000,0,0,,False
220567,1000,0,0,,False
220608,1000,0,0,,False
220670,1000,0,0,,False
220758,1000,1,0,,False
220935,1000,0,0,,False
221139,1000,0,0,,False
221185,1000,0,0,,False
221276,1000,0,0,,False
221315,1000,0,0,,False
221356,1000,0,0,,False
221400,1000,0,0,,False
221507,1000,0,0,,False
221539,1000,0,0,,False
221604,1000,0,0,,False
221645,1000,0,0,,False
221735,1000,0,0,,False
221970,1000,0,0,,False
221973,1000,0,0,,False
222076,1000,0,0,,False
222097,1000,0,0,,False
222286,1000,0,0,,False
222424,1000,0,0,,False
222445,1000,1,0,,False
222519,1000,1,0,,False
222559,1000,1,0,,False
222578,1000,0,0,,False
222652,1000,1,1,97.0,True
22277,1000,1,1,1.0,True
222827,1000,0,0,,False
222930,1000,0,0,,False
222982,1000,0,0,,False
223095,1000,0,0,,False
223154,1000,0,0,,False
223315,1000,0,0,,False
223582,1000,1,1,584.0,True
223698,1000,0,0,,False
223831,1000,1,1,3.0,True
224122,1000,0,0,,False
224344,1000,1,1,1.0,True
224366,1000,1,1,77.0,True
224371,1000,0,0,,False
22457,1000,0,0,,False
224703,1000,0,0,,False
224812,1000,1,1,485.0,True
224830,1000,0,0,,False
224844,1000,1,1,45.0,True
225054,1000,1,1,224.0,True
225090,1000,0,0,,False
225137,1000,0,0,,False
225152,1000,0,0,,False
225180,1000,1,1,4.0,True
225182,1000,0,0,,False
22535,1000,1,1,1.0,True
225430,1000,0,0,,False
225462,1000,0,0,,False
225464,1000,0,0,,False
225505,1000,0,0,,False
22554,1000,1,1,2.0,True
225625,1000,0,0,,False
2257,1000,0,0,,False
225802,1000,0,0,,False
225803,1000,0,0,,False
225917,1000,0,0,,False
226142,1000,0,0,,False
226167,1000,0,0,,False
226684,1000,0,0,,False
226743,1000,1,1,3.0,True
226887,1000,1,1,3.0,True
226937,1000,1,0,,False
226993,1000,0,0,,False
227136,1000,1,1,12.0,True
227177,1000,0,0,,False
227323,1000,0,0,,False
227430,1000,0,0,,False
227594,1000,1,1,39.0,True
227626,1000,0,0,,False
227639,1000,1,1,83.0,True
227837,1000,0,0,,False
227860,1000,1,1,15.0,True
227865,1000,1,1,194.0,True
228051,1000,1,0,,False
228425,1000,0,0,,False
228442,1000,1,0,,False
228542,1000,0,0,,False
228658,1000,0,0,,False
228758,1000,0,0,,False
228780,1000,1,1,334.0,True
228844,1000,1,1,64.0,True
228850,1000,1,0,,False
229053,1000,1,1,7.0,True
229152,1000,0,0,,False
229248,1000,1,1,55.0,True
229568,1000,1,1,41.0,True
22959,1000,0,0,,False
22994,1000,2,2,15.0,True
230046,1000,1,1,318.0,True
230097,1000,1,0,,False
230203,1000,1,1,55.0,True
230244,1000,0,0,,False
230339,1000,0,0,,False
230401,1000,0,0,,False
230497,1000,1,1,83.0,True
230814,1000,0,0,,False
230818,1000,1,1,2.0,True
230839,1000,0,0,,False
23115,1000,1,1,4.0,True
231393,1000,1,0,,False
231435,1000,1,1,1.0,True
231444,1000,1,1,1.0,True
231522,1000,1,1,2.0,True
231606,1000,1,1,8.0,True
231616,1000,1,1,68.0,True
231669,1000,1,1,9.0,True
231889,1000,1,1,1.0,True
231895,1000,0,0,,False
231918,1000,1,0,,False
232141,1000,1,1,74.0,True
232145,1000,1,1,33.0,True
232183,1000,1,1,1.0,True
232227,1000,0,0,,False
232280,1000,0,0,,False
23238,1000,0,0,,False
232421,1000,0,0,,False
232466,1000,1,1,1.0,True
232471,1000,1,0,,False
232527,1000,1,1,99.0,True
232543,1000,0,0,,False
232572,1000,0,0,,False
232804,1000,1,1,47.0,True
232843,1000,1,1,18.0,True
23305,1000,0,0,,False
233055,1000,1,0,,False
233082,1000,2,2,1.0,True
233089,1000,1,0,,False
233230,1000,0,0,,False
23325,1000,0,0,,False
233447,1000,1,1,5.0,True
233468,1000,1,1,312.0,True
233511,1000,1,1,741.0,True
233578,1000,0,0,,False
23364,1000,1,1,24.0,True
233642,1000,0,0,,False
233648,1000,0,0,,False
233675,1000,0,0,,False
23375,1000,1,1,151.0,True
233766,1000,1,1,37.0,True
233937,1000,0,0,,False
234149,1000,1,1,200.0,True
234347,1000,1,1,13.0,True
234393,1000,1,1,11.0,True
234514,1000,1,1,41.0,True
234581,1000,0,0,,False
234856,1000,1,1,82.0,True
234906,1000,0,0,,False
234947,1000,0,0,,False
234977,1000,0,0,,False
235039,1000,0,0,,False
235076,1000,1,1,1.0,True
23514,1000,1,1,355.0,True
235211,1000,1,0,,False
235213,1000,1,1,83.0,True
235228,1000,0,0,,False
235609,1000,1,1,569.0,True
235643,1000,0,0,,False
235691,1000,1,1,11.0,True
235894,1000,0,0,,False
236019,1000,0,0,,False
236133,1000,1,1,39.0,True
23616,1000,0,0,,False
236168,1000,0,0,,False
236330,1000,1,1,28.0,True
236505,1000,0,0,,False
236538,1000,1,0,,False
236599,1000,1,1,91.0,True
236607,1000,1,0,,False
236770,1000,0,0,,False
236809,1000,1,1,167.0,True
236851,1000,0,0,,False
236865,1000,0,0,,False
236920,1000,0,0,,False
236985,1000,0,0,,False
237149,1000,0,0,,False
237224,1000,1,1,80.0,True
237269,1000,0,0,,False
237514,1000,0,0,,False
23763,1000,1,1,39.0,True
237756,1000,1,1,9.0,True
237996,1000,0,0,,False
23803,1000,1,1,46.0,True
238144,1000,1,1,26.0,True
238248,1000,0,0,,False
238276,1000,1,1,303.0,True
238281,1000,0,0,,False
238444,1000,1,1,159.0,True
238489,1000,1,1,4.0,True
238744,1000,0,0,,False
238834,1000,0,0,,False
238838,1000,0,0,,False
238892,1000,0,0,,False
238935,1000,0,0,,False
238940,1000,0,0,,False
239010,1000,1,1,100.0,True
239018,1000,0,0,,False
239031,1000,1,1,5.0,True
23909,1000,1,1,14.0,True
239119,1000,0,0,,False
239299,1000,0,0,,False
23930,1000,1,1,1.0,True
239388,1000,0,0,,False
239425,1000,1,1,47.0,True
239488,1000,1,1,18.0,True
239572,1000,1,1,350.0,True
239677,1000,1,1,114.0,True
239687,1000,1,1,131.0,True
239778,1000,0,0,,False
239827,1000,0,0,,False
239873,1000,0,0,,False
240231,1000,1,0,,False
240352,1000,1,0,,False
240430,1000,0,0,,False
240803,1000,0,0,,False
24087,1000,1,0,,False
240914,1000,0,0,,False
241047,1000,0,0,,False
241132,1000,1,1,127.0,True
241280,1000,1,0,,False
241321,1000,1,0,,False
241464,1000,0,0,,False
241655,1000,0,0,,False
241745,1000,0,0,,False
241765,1000,0,0,,False
241777,1000,0,0,,False
241894,1000,1,1,982.0,True
241975,1000,1,1,309.0,True
242041,1000,1,1,56.0,True
242126,1000,0,0,,False
242218,1000,1,1,751.0,True
242229,1000,1,1,1.0,True
242360,1000,1,0,,False
242364,1000,1,1,11.0,True
242483,1000,1,0,,False
242557,1000,0,0,,False
242585,1000,0,0,,False
242604,1000,1,0,,False
242625,1000,0,0,,False
242722,1000,1,1,91.0,True
242797,1000,1,0,,False
242941,1000,0,0,,False
242944,1000,1,0,,False
24309,1000,1,1,29.0,True
24311,1000,0,0,,False
243130,1000,1,1,655.0,True
243136,1000,0,0,,False
243143,1000,1,0,,False
243335,1000,1,0,,False
243360,1000,0,0,,False
243366,1000,1,1,264.0,True
243457,1000,1,1,14.0,True
243607,1000,1,1,34.0,True
243703,1000,1,1,5.0,True
243808,1000,0,0,,False
243813,1000,1,1,89.0,True
243823,1000,1,1,23.0,True
243858,1000,0,0,,False
243868,1000,0,0,,False
243912,1000,1,1,28.0,True
243918,1000,1,0,,False
243919,1000,1,0,,False
24395,1000,1,1,21.0,True
243958,1000,1,1,40.0,True
243983,1000,0,0,,False
243986,1000,0,0,,False
243988,1000,0,0,,False
24403,1000,2,2,90.0,True
244053,1000,1,0,,False
24422,1000,1,1,13.0,True
244259,1000,0,0,,False
244781,1000,1,1,765.0,True
244931,1000,1,1,11.0,True
244943,1000,0,0,,False
245233,1000,1,1,5.0,True
245309,1000,1,0,,False
24541,1000,0,0,,False
245685,1000,0,0,,False
245749,1000,0,0,,False
245918,1000,1,1,91.0,True
245982,1000,1,0,,False
245998,1000,1,0,,False
246090,1000,1,1,15.0,True
246129,1000,1,1,175.0,True
24619,1000,1,0,,False
246193,1000,1,1,51.0,True
246343,1000,1,1,157.0,True
246379,1000,1,1,6.0,True
246389,1000,1,0,,False
246483,1000,1,1,661.0,True
246539,1000,1,0,,False
246541,1000,0,0,,False
24684,1000,0,0,,False
246954,1000,1,0,,False
247067,1000,0,0,,False
247087,1000,0,0,,False
24715,1000,0,0,,False
247159,1000,2,1,555.0,True
247233,1000,0,0,,False
247267,1000,1,0,,False
247618,1000,1,1,813.0,True
247708,1000,1,1,494.0,True
247806,1000,1,1,42.0,True
248156,1000,1,1,12.0,True
248363,1000,1,0,,False
248463,1000,0,0,,False
248696,1000,0,0,,False
249007,1000,0,0,,False
249060,1000,0,0,,False
249180,1000,1,0,,False
249188,1000,1,0,,False
249213,1000,1,0,,False
249306,1000,1,1,618.0,True
249330,1000,1,1,1.0,True
249392,1000,1,0,,False
249402,1000,0,0,,False
249410,1000,1,0,,False
24942,1000,1,1,4.0,True
249429,1000,0,0,,False
24972,1000,0,0,,False
249835,1000,1,1,3.0,True
249953,1000,1,0,,False
250042,1000,1,1,435.0,True
25011,1000,0,0,,False
250207,1000,1,1,411.0,True
250350,1000,1,0,,False
250403,1000,1,0,,False
250550,1000,1,1,28.0,True
250552,1000,0,0,,False
250594,1000,1,0,,False
251142,1000,0,0,,False
251219,1000,1,0,,False
251438,1000,1,1,8.0,True
251444,1000,1,1,252.0,True
251483,1000,0,0,,False
251505,1000,0,0,,False
251547,1000,1,1,108.0,True
251603,1000,1,0,,False
251639,1000,1,1,2.0,True
251670,1000,1,0,,False
251845,1000,1,0,,False
251901,1000,0,0,,False
251924,1000,1,1,17.0,True
252006,1000,1,0,,False
252320,1000,1,1,102.0,True
252323,1000,1,1,272.0,True
252379,1000,1,0,,False
252409,1000,1,0,,False
252437,1000,1,0,,False
252495,1000,1,0,,False
252615,1000,1,0,,False
252828,1000,1,1,6.0,True
25283,1000,0,0,,False
252839,1000,0,0,,False
252969,1000,0,0,,False
253033,1000,1,1,41.0,True
253047,1000,0,0,,False
253241,1000,1,0,,False
253374,1000,1,1,997.0,True
253484,1000,1,0,,False
253504,1000,0,0,,False
253564,1000,0,0,,False
25397,1000,1,1,1.0,True
254195,1000,0,0,,False
254213,1000,1,0,,False
254654,1000,1,0,,False
254727,1000,0,0,,False
254750,1000,0,0,,False
254792,1000,1,1,242.0,True
254890,1000,0,0,,False
255222,1000,1,0,,False
25526,1000,1,0,,False
255489,1000,1,1,243.0,True
25553,1000,1,1,72.0,True
255886,1000,0,0,,False
25606,1000,0,0,,False
256125,1000,1,0,,False
25637,1000,1,1,16.0,True
256421,1000,1,1,71.0,True
256497,1000,1,0,,False
256562,1000,0,0,,False
256571,1000,1,0,,False
256574,1000,1,0,,False
256712,1000,1,1,159.0,True
256896,1000,0,0,,False
256943,1000,0,0,,False
256970,1000,0,0,,False
25704,1000,1,1,9.0,True
25705,1000,1,1,130.0,True
257148,1000,1,1,216.0,True
257207,1000,1,0,,False
25722,1000,1,1,28.0,True
257316,1000,1,0,,False
257378,1000,1,1,105.0,True
257433,1000,1,0,,False
257448,1000,1,0,,False
257561,1000,0,0,,False
257599,1000,1,1,13.0,True
25771,1000,1,0,,False
257754,1000,1,1,85.0,True
257917,1000,1,0,,False
258079,1000,0,0,,False
258204,1000,1,1,12.0,True
258213,1000,0,0,,False
258293,1000,1,1,343.0,True
258467,1000,0,0,,False
258572,1000,0,0,,False
258587,1000,1,1,7.0,True
258598,1000,1,0,,False
258619,1000,1,1,88.0,True
258858,1000,0,0,,False
258907,1000,1,1,3.0,True
25891,1000,1,1,7.0,True
259048,1000,1,0,,False
259161,1000,1,1,411.0,True
259273,1000,0,0,,False
259288,1000,1,0,,False
259330,1000,0,0,,False
259544,1000,1,0,,False
259675,1000,0,0,,False
259676,1000,1,0,,False
259739,1000,0,0,,False
259785,1000,0,0,,False
259867,1000,1,1,1.0,True
259888,1000,0,0,,False
259927,1000,0,0,,False
259972,1000,1,1,261.0,True
260077,1000,0,0,,False
260132,1000,0,0,,False
260486,1000,1,0,,False
260503,1000,1,0,,False
26053,1000,1,1,70.0,True
260619,1000,1,1,250.0,True
260635,1000,0,0,,False
260725,1000,0,0,,False
260731,1000,2,2,143.0,True
260823,1000,1,0,,False
260911,1000,1,1,618.0,True
260968,1000,1,1,614.0,True
261130,1000,1,1,316.0,True
261184,1000,1,1,9.0,True
261471,1000,1,1,18.0,True
261485,1000,0,0,,False
261601,1000,0,0,,False
261627,1000,1,1,35.0,True
261677,1000,1,1,1.0,True
261695,1000,0,0,,False
261782,1000,0,0,,False
261923,1000,1,0,,False
261979,1000,1,0,,False
26220,1000,1,1,176.0,True
262216,1000,1,0,,False
26223,1000,1,1,1.0,True
262401,1000,1,0,,False
262449,1000,1,0,,False
262451,1000,2,1,58.0,True
262482,1000,1,1,1.0,True
262837,1000,0,0,,False
262867,1000,1,1,135.0,True
262941,1000,1,1,550.0,True
263007,1000,1,0,,False
263273,1000,1,1,731.0,True
263313,1000,1,1,104.0,True
263341,1000,1,1,1.0,True
263747,1000,0,0,,False
263954,1000,0,0,,False
264252,1000,0,0,,False
264257,1000,1,1,15.0,True
264389,1000,1,0,,False
264529,1000,0,0,,False
264531,1000,1,0,,False
264577,1000,1,0,,False
264578,1000,1,1,117.0,True
264651,1000,0,0,,False
264774,1000,1,1,12.0,True
264775,1000,0,0,,False
264786,1000,0,0,,False
264923,1000,0,0,,False
264927,1000,1,1,71.0,True
265066,1000,1,1,1.0,True
265090,1000,1,1,1.0,True
26511,1000,1,1,806.0,True
265119,1000,0,0,,False
265139,1000,0,0,,False
265185,1000,1,1,2.0,True
265273,1000,1,0,,False
265405,1000,0,0,,False
26567,1000,0,0,,False
26592,1000,0,0,,False
265999,1000,1,1,2.0,True
266049,1000,0,0,,False
266108,1000,1,1,457.0,True
266293,1000,0,0,,False
266302,1000,0,0,,False
266612,1000,1,0,,False
266692,1000,0,0,,False
266763,1000,1,1,495.0,True
266919,1000,1,1,922.0,True
266975,1000,1,0,,False
267142,1000,1,1,1.0,True
267166,1000,1,1,26.0,True
267340,1000,1,1,6.0,True
267517,1000,1,0,,False
267612,1000,1,0,,False
267722,1000,1,1,1.0,True
267910,1000,1,1,26.0,True
267985,1000,1,1,47.0,True
268,1000,0,0,,False
26803,1000,1,1,17.0,True
268046,1000,0,0,,False
268057,1000,1,1,102.0,True
268074,1000,1,1,412.0,True
268083,1000,0,0,,False
268103,1000,1,1,29.0,True
26822,1000,1,1,35.0,True
268227,1000,0,0,,False
268255,1000,1,1,240.0,True
268256,1000,1,1,204.0,True
268257,1000,1,1,20.0,True
268369,1000,2,2,21.0,True
268410,1000,1,0,,False
268550,1000,1,1,28.0,True
26866,1000,1,1,41.0,True
268856,1000,1,1,63.0,True
268884,1000,1,1,120.0,True
268906,1000,0,0,,False
269112,1000,0,0,,False
269299,1000,1,0,,False
269399,1000,1,1,132.0,True
26945,1000,0,0,,False
269592,1000,0,0,,False
269851,1000,1,1,25.0,True
26998,1000,0,0,,False
270082,1000,1,1,249.0,True
2701,1000,1,1,3.0,True
270104,1000,1,1,36.0,True
270204,1000,1,0,,False
270234,1000,1,1,557.0,True
270263,1000,1,1,356.0,True
27057,1000,0,0,,False
270574,1000,2,2,5.0,True
270799,1000,1,0,,False
270862,1000,1,0,,False
270866,1000,1,0,,False
271104,1000,0,0,,False
271217,1000,0,0,,False
271315,1000,1,1,114.0,True
271370,1000,1,1,30.0,True
271473,1000,1,0,,False
271532,1000,1,0,,False
271582,1000,1,0,,False
271598,1000,1,1,14.0,True
271650,1000,1,1,109.0,True
271743,1000,1,1,383.0,True
2719,1000,1,1,3.0,True
27209,1000,0,0,,False
272278,1000,0,0,,False
272355,1000,0,0,,False
272426,1000,1,1,23.0,True
272453,1000,0,0,,False
272712,1000,0,0,,False
272754,1000,1,1,1.0,True
272831,1000,1,1,577.0,True
272896,1000,1,1,14.0,True
273255,1000,1,1,99.0,True
273439,1000,1,0,,False
273488,1000,1,0,,False
273751,1000,1,1,17.0,True
273783,1000,1,1,711.0,True
27381,1000,2,2,25.0,True
273924,1000,1,1,261.0,True
274005,1000,0,0,,False
274496,1000,0,0,,False
274655,1000,0,0,,False
274938,1000,2,2,38.0,True
275069,1000,1,1,9.0,True
275133,1000,0,0,,False
275168,1000,1,1,75.0,True
275183,1000,0,0,,False
275317,1000,1,0,,False
27590,1000,1,1,2.0,True
27601,1000,1,1,3.0,True
276032,1000,1,0,,False
276048,1000,0,0,,False
276168,1000,1,0,,False
276336,1000,1,0,,False
276344,1000,1,0,,False
276443,1000,1,0,,False
276480,1000,2,2,66.0,True
27658,1000,0,0,,False
276762,1000,0,0,,False
276771,1000,0,0,,False
276937,1000,1,1,1.0,True
277067,1000,1,1,9.0,True
277120,1000,1,1,48.0,True
277359,1000,2,2,4.0,True
277597,1000,1,1,1.0,True
277664,1000,0,0,,False
277804,1000,0,0,,False
277882,1000,1,1,157.0,True
277964,1000,1,1,4.0,True
278257,1000,1,1,13.0,True
278352,1000,1,1,17.0,True
278421,1000,1,0,,False
278423,1000,1,1,173.0,True
278549,1000,1,1,1.0,True
278612,1000,1,1,5.0,True
278708,1000,1,1,6.0,True
278751,1000,0,0,,False
278929,1000,0,0,,False
278962,1000,1,1,375.0,True
278970,1000,1,0,,False
278997,1000,0,0,,False
279131,1000,1,1,2.0,True
279132,1000,0,0,,False
279168,1000,1,1,240.0,True
279170,1000,1,1,1.0,True
279173,1000,1,1,76.0,True
279297,1000,0,0,,False
279601,1000,0,0,,False
279629,1000,0,0,,False
279678,1000,1,1,23.0,True
279736,1000,1,1,494.0,True
279838,1000,0,0,,False
279860,1000,1,1,29.0,True
280126,1000,0,0,,False
280295,1000,0,0,,False
28042,1000,1,0,,False
280455,1000,1,1,73.0,True
28062,1000,0,0,,False
280641,1000,1,1,284.0,True
280652,1000,1,0,,False
2807,1000,1,1,6.0,True
280741,1000,0,0,,False
28077,1000,1,0,,False
280803,1000,1,1,952.0,True
28090,1000,1,1,7.0,True
281053,1000,0,0,,False
281065,1000,0,0,,False
281084,1000,1,0,,False
281176,1000,0,0,,False
28132,1000,1,0,,False
281347,1000,1,1,496.0,True
281376,1000,1,1,4.0,True
28138,1000,1,1,73.0,True
281440,1000,0,0,,False
281467,1000,1,0,,False
281483,1000,0,0,,False
281505,1000,1,1,1.0,True
281620,1000,0,0,,False
281649,1000,1,1,52.0,True
281671,1000,1,1,1.0,True
28169,1000,1,1,21.0,True
281691,1000,0,0,,False
281708,1000,0,0,,False
281790,1000,1,1,1.0,True
28184,1000,1,1,31.0,True
281928,1000,1,1,28.0,True
282279,1000,1,1,2.0,True
28235,1000,0,0,,False
282389,1000,0,0,,False
282434,1000,0,0,,False
282538,1000,0,0,,False
282695,1000,0,0,,False
282719,1000,0,0,,False
282787,1000,1,0,,False
282843,1000,1,1,272.0,True
283042,1000,0,0,,False
283216,1000,0,0,,False
28327,1000,1,1,11.0,True
283282,1000,1,1,8.0,True
28345,1000,1,0,,False
283501,1000,1,1,29.0,True
284076,1000,0,0,,False
28408,1000,1,1,935.0,True
284375,1000,0,0,,False
284559,1000,1,1,288.0,True
284577,1000,0,0,,False
284585,1000,1,1,274.0,True
284695,1000,1,1,27.0,True
284736,1000,0,0,,False
284945,1000,0,0,,False
2851,1000,0,0,,False
285218,1000,1,1,88.0,True
285275,1000,1,1,145.0,True
285549,1000,1,1,27.0,True
285585,1000,1,1,15.0,True
285657,1000,0,0,,False
28568,1000,1,0,,False
285810,1000,0,0,,False
285994,1000,1,1,172.0,True
286317,1000,0,0,,False
286379,1000,1,1,26.0,True
286448,1000,1,0,,False
286458,1000,1,1,5.0,True
286547,1000,1,1,6.0,True
286694,1000,1,1,280.0,True
286728,1000,1,1,211.0,True
286984,1000,0,0,,False
286985,1000,0,0,,False
287005,1000,1,1,21.0,True
287290,1000,1,0,,False
287310,1000,1,1,205.0,True
287497,1000,1,1,183.0,True
287515,1000,1,1,66.0,True
287621,1000,0,0,,False
287775,1000,1,1,62.0,True
287850,1000,1,1,56.0,True
287900,1000,0,0,,False
287975,1000,0,0,,False
288096,1000,1,1,5.0,True
288185,1000,1,0,,False
288220,1000,0,0,,False
288225,1000,1,0,,False
288304,1000,0,0,,False
288652,1000,1,1,29.0,True
288706,1000,0,0,,False
288770,1000,1,0,,False
288833,1000,0,0,,False
288867,1000,0,0,,False
288929,1000,1,1,1.0,True
288997,1000,1,1,159.0,True
289031,1000,1,1,30.0,True
289100,1000,0,0,,False
289181,1000,0,0,,False
289396,1000,1,0,,False
289425,1000,1,1,46.0,True
289485,1000,1,0,,False
289501,1000,1,1,72.0,True
289525,1000,1,0,,False
28965,1000,0,0,,False
289656,1000,1,0,,False
289904,1000,1,0,,False
290101,1000,2,2,117.0,True
290339,1000,0,0,,False
290525,1000,1,1,525.0,True
290546,1000,1,1,626.0,True
290587,1000,0,0,,False
290588,1000,1,0,,False
290596,1000,1,1,32.0,True
290736,1000,1,1,1.0,True
290821,1000,1,1,81.0,True
290877,1000,1,1,623.0,True
290878,1000,1,1,318.0,True
29095,1000,0,0,,False
291227,1000,0,0,,False
291234,1000,0,0,,False
291508,1000,0,0,,False
29151,1000,0,0,,False
291605,1000,0,0,,False
291889,1000,1,1,13.0,True
291897,1000,1,0,,False
291934,1000,1,0,,False
291937,1000,2,0,,False
291950,1000,1,1,1.0,True
291990,1000,0,0,,False
292155,1000,0,0,,False
292157,1000,1,0,,False
292347,1000,0,0,,False
292475,1000,0,0,,False
292708,1000,0,0,,False
29278,1000,2,0,,False
292795,1000,1,0,,False
292840,1000,1,1,142.0,True
2929,1000,1,1,90.0,True
293008,1000,0,0,,False
293043,1000,0,0,,False
293056,1000,0,0,,False
293067,1000,1,1,2.0,True
293116,1000,0,0,,False
293160,1000,0,0,,False
293360,1000,1,1,338.0,True
293483,1000,0,0,,False
293509,1000,1,1,554.0,True
293574,1000,1,1,94.0,True
293621,1000,1,0,,False
293681,1000,1,0,,False
294922,1000,0,0,,False
29497,1000,1,1,57.0,True
295094,1000,0,0,,False
295107,1000,1,1,6.0,True
295207,1000,1,1,459.0,True
295316,1000,0,0,,False
295354,1000,0,0,,False
295656,1000,1,0,,False
295691,1000,0,0,,False
295696,1000,0,0,,False
29575,1000,1,1,2.0,True
29582,1000,1,1,1.0,True
295824,1000,2,2,2.0,True
295886,1000,1,1,1.0,True
296032,1000,1,1,887.0,True
296049,1000,0,0,,False
296211,1000,1,1,353.0,True
296396,1000,1,1,5.0,True
296819,1000,1,1,168.0,True
296822,1000,0,0,,False
296908,1000,0,0,,False
29691,1000,1,1,1.0,True
297016,1000,0,0,,False
297291,1000,1,1,109.0,True
297302,1000,0,0,,False
297319,1000,1,1,317.0,True
297448,1000,1,1,3.0,True
297474,1000,0,0,,False
29754,1000,1,1,3.0,True
297663,1000,1,1,76.0,True
297699,1000,1,1,1.0,True
2978,1000,0,0,,False
297976,1000,1,1,154.0,True
29826,1000,1,0,,False
298294,1000,0,0,,False
298484,1000,1,1,4.0,True
298614,1000,1,1,4.0,True
298673,1000,0,0,,False
298743,1000,0,0,,False
298830,1000,0,0,,False
298866,1000,0,0,,False
298874,1000,0,0,,False
298917,1000,0,0,,False
298960,1000,0,0,,False
299020,1000,0,0,,False
299068,1000,0,0,,False
299168,1000,1,0,,False
2992,1000,1,1,6.0,True
29922,1000,0,0,,False
299280,1000,0,0,,False
29933,1000,1,1,2.0,True
299375,1000,0,0,,False
299928,1000,0,0,,False
299947,1000,1,0,,False
300021,1000,0,0,,False
300138,1000,1,0,,False
300186,1000,0,0,,False
30029,1000,0,0,,False
300394,1000,1,1,4.0,True
300409,1000,0,0,,False
300432,1000,1,1,60.0,True
300542,1000,0,0,,False
300679,1000,1,0,,False
300744,1000,1,0,,False
300752,1000,0,0,,False
300759,1000,1,1,399.0,True
300804,1000,0,0,,False
300852,1000,1,1,18.0,True
300911,1000,1,1,4.0,True
300930,1000,1,0,,False
301068,1000,0,0,,False
301111,1000,1,0,,False
30117,1000,1,1,90.0,True
301267,1000,1,1,9.0,True
301387,1000,1,1,9.0,True
301405,1000,1,1,274.0,True
301755,1000,0,0,,False
30176,1000,0,0,,False
301792,1000,1,1,13.0,True
301815,1000,0,0,,False
302010,1000,1,1,38.0,True
302181,1000,0,0,,False
302225,1000,1,0,,False
302581,1000,1,1,61.0,True
302629,1000,2,2,26.0,True
302630,1000,1,0,,False
302748,1000,1,1,386.0,True
302943,1000,1,0,,False
30299,1000,1,1,2.0,True
303125,1000,1,1,2.0,True
303138,1000,0,0,,False
303205,1000,1,1,43.0,True
30350,1000,1,1,1.0,True
303510,1000,1,1,126.0,True
303594,1000,0,0,,False
303855,1000,1,0,,False
304095,1000,2,0,,False
304281,1000,1,1,4.0,True
304300,1000,0,0,,False
304302,1000,1,0,,False
304351,1000,1,1,228.0,True
304400,1000,1,0,,False
304529,1000,1,1,37.0,True
304587,1000,1,0,,False
304823,1000,0,0,,False
304904,1000,1,1,59.0,True
30497,1000,0,0,,False
305120,1000,1,0,,False
305210,1000,1,0,,False
30538,1000,1,1,33.0,True
305636,1000,1,0,,False
305681,1000,0,0,,False
305795,1000,1,1,370.0,True
30587,1000,1,1,19.0,True
30593,1000,1,1,96.0,True
30595,1000,1,1,7.0,True
305990,1000,1,1,30.0,True
305995,1000,1,0,,False
306122,1000,0,0,,False
306441,1000,0,0,,False
306497,1000,0,0,,False
306897,1000,0,0,,False
306911,1000,1,1,514.0,True
306948,1000,0,0,,False
306951,1000,1,1,11.0,True
306992,1000,1,1,19.0,True
307121,1000,2,0,,False
307170,1000,0,0,,False
307171,1000,1,0,,False
307175,1000,1,1,38.0,True
307375,1000,1,1,3.0,True
307506,1000,0,0,,False
307626,1000,0,0,,False
30768,1000,1,1,24.0,True
307684,1000,1,1,8.0,True
307782,1000,0,0,,False
307927,1000,1,1,206.0,True
307953,1000,1,1,128.0,True
308038,1000,1,0,,False
30806,1000,0,0,,False
308182,1000,0,0,,False
308416,1000,0,0,,False
30844,1000,1,1,270.0,True
308478,1000,1,0,,False
308708,1000,0,0,,False
308720,1000,0,0,,False
308758,1000,1,1,18.0,True
308778,1000,0,0,,False
30920,1000,0,0,,False
309244,1000,1,0,,False
309348,1000,1,1,41.0,True
30939,1000,0,0,,False
309400,1000,0,0,,False
30952,1000,1,0,,False
309558,1000,1,1,512.0,True
309608,1000,0,0,,False
309701,1000,1,0,,False
309808,1000,1,0,,False
309859,1000,1,1,43.0,True
309919,1000,0,0,,False
309927,1000,1,1,856.0,True
310077,1000,0,0,,False
310090,1000,1,1,1.0,True
310132,1000,1,1,16.0,True
310151,1000,0,0,,False
310168,1000,1,1,593.0,True
310182,1000,0,0,,False
310205,1000,2,0,,False
310268,1000,1,0,,False
310328,1000,1,1,892.0,True
310351,1000,1,1,822.0,True
310394,1000,1,1,307.0,True
310417,1000,1,1,325.0,True
310469,1000,0,0,,False
310487,1000,0,0,,False
310585,1000,0,0,,False
310659,1000,1,0,,False
310716,1000,1,1,526.0,True
310829,1000,1,0,,False
310910,1000,1,0,,False
3110,1000,0,0,,False
311231,1000,0,0,,False
311411,1000,0,0,,False
311454,1000,0,0,,False
311552,1000,1,1,6.0,True
311597,1000,0,0,,False
311667,1000,0,0,,False
311679,1000,1,0,,False
311807,1000,0,0,,False
311919,1000,0,0,,False
311944,1000,0,0,,False
311990,1000,1,1,420.0,True
312296,1000,0,0,,False
312557,1000,1,0,,False
312822,1000,1,0,,False
312838,1000,0,0,,False
31296,1000,0,0,,False
31307,1000,1,1,1.0,True
313093,1000,1,1,955.0,True
313109,1000,0,0,,False
313328,1000,1,1,342.0,True
313540,1000,1,1,1.0,True
313918,1000,1,0,,False
314049,1000,1,0,,False
314252,1000,0,0,,False
314316,1000,1,1,12.0,True
314398,1000,1,1,4.0,True
314427,1000,1,1,558.0,True
314453,1000,0,0,,False
314464,1000,0,0,,False
31451,1000,0,0,,False
314536,1000,0,0,,False
314653,1000,0,0,,False
314700,1000,0,0,,False
314713,1000,1,1,776.0,True
314715,1000,3,2,72.0,True
314719,1000,1,0,,False
314908,1000,0,0,,False
315034,1000,1,0,,False
315159,1000,0,0,,False
315383,1000,1,1,410.0,True
315485,1000,1,0,,False
315547,1000,1,1,68.0,True
315552,1000,0,0,,False
315580,1000,1,0,,False
31565,1000,1,1,13.0,True
315678,1000,0,0,,False
315750,1000,1,0,,False
315752,1000,1,0,,False
315810,1000,0,0,,False
315834,1000,1,0,,False
316006,1000,1,0,,False
316025,1000,1,1,1.0,True
316043,1000,0,0,,False
316047,1000,0,0,,False
316158,1000,0,0,,False
316172,1000,1,0,,False
316430,1000,1,1,610.0,True
316456,1000,0,0,,False
316496,1000,0,0,,False
31657,1000,0,0,,False
316584,1000,1,1,160.0,True
316616,1000,1,0,,False
316628,1000,1,0,,False
316841,1000,1,0,,False
317001,1000,1,0,,False
317092,1000,1,0,,False
317167,1000,1,1,3.0,True
317171,1000,0,0,,False
317531,1000,0,0,,False
317687,1000,0,0,,False
317964,1000,1,0,,False
31797,1000,0,0,,False
318109,1000,0,0,,False
318113,1000,1,1,3.0,True
31814,1000,1,1,92.0,True
318172,1000,1,0,,False
318296,1000,1,1,7.0,True
318529,1000,1,0,,False
318717,1000,1,1,6.0,True
31902,1000,0,0,,False
319133,1000,1,1,1.0,True
319246,1000,0,0,,False
319296,1000,0,0,,False
319381,1000,1,1,5.0,True
319498,1000,0,0,,False
319526,1000,0,0,,False
319583,1000,1,0,,False
319606,1000,1,1,124.0,True
319630,1000,1,0,,False
31967,1000,1,1,6.0,True
319682,1000,0,0,,False
319696,1000,1,1,3.0,True
319732,1000,0,0,,False
31993,1000,1,1,1.0,True
320147,1000,1,1,259.0,True
320268,1000,1,1,20.0,True
320452,1000,1,1,102.0,True
320538,1000,0,0,,False
320563,1000,0,0,,False
320586,1000,0,0,,False
320704,1000,1,0,,False
320727,1000,1,1,5.0,True
320813,1000,1,1,1.0,True
320885,1000,1,1,115.0,True
3209,1000,0,0,,False
320907,1000,0,0,,False
320943,1000,1,1,367.0,True
321006,1000,0,0,,False
321035,1000,1,0,,False
321251,1000,0,0,,False
321331,1000,1,1,716.0,True
321345,1000,1,1,30.0,True
321569,1000,0,0,,False
321588,1000,1,1,641.0,True
321591,1000,0,0,,False
321619,1000,1,1,6.0,True
321847,1000,1,1,16.0,True
322056,1000,1,1,40.0,True
322095,1000,0,0,,False
322260,1000,0,0,,False
322369,1000,2,2,2.0,True
322416,1000,1,1,1.0,True
322607,1000,1,1,588.0,True
32271,1000,0,0,,False
32275,1000,1,0,,False
322775,1000,0,0,,False
322810,1000,1,1,27.0,True
322897,1000,1,1,1.0,True
322976,1000,0,0,,False
32301,1000,1,0,,False
323183,1000,1,1,602.0,True
323200,1000,2,2,2.0,True
323234,1000,0,0,,False
323275,1000,1,0,,False
323334,1000,1,1,120.0,True
323495,1000,1,1,5.0,True
323533,1000,1,1,30.0,True
323541,1000,1,0,,False
323542,1000,1,1,6.0,True
323570,1000,0,0,,False
323587,1000,1,1,13.0,True
32367,1000,1,1,245.0,True
323973,1000,0,0,,False
324167,1000,1,0,,False
324353,1000,1,1,46.0,True
324515,1000,1,0,,False
324553,1000,0,0,,False
324634,1000,1,0,,False
324696,1000,0,0,,False
324828,1000,1,0,,False
324977,1000,1,0,,False
325133,1000,1,1,8.0,True
325139,1000,0,0,,False
325497,1000,0,0,,False
325512,1000,0,0,,False
325547,1000,1,1,819.0,True
325553,1000,1,1,315.0,True
325575,1000,0,0,,False
325617,1000,1,1,592.0,True
325619,1000,1,1,424.0,True
325632,1000,1,1,39.0,True
325669,1000,0,0,,False
325792,1000,1,0,,False
325848,1000,1,1,2.0,True
325977,1000,0,0,,False
326053,1000,1,0,,False
326096,1000,0,0,,False
326116,1000,2,2,24.0,True
326242,1000,1,1,103.0,True
326569,1000,0,0,,False
326635,1000,1,1,7.0,True
326686,1000,2,2,3.0,True
32669,1000,1,1,16.0,True
326698,1000,1,1,11.0,True
32670,1000,1,0,,False
326817,1000,1,1,7.0,True
327001,1000,0,0,,False
327035,1000,0,0,,False
327106,1000,1,0,,False
327121,1000,1,1,44.0,True
327141,1000,1,0,,False
327157,1000,0,0,,False
327338,1000,1,1,52.0,True
327447,1000,0,0,,False
327527,1000,0,0,,False
327593,1000,0,0,,False
327625,1000,1,0,,False
327739,1000,0,0,,False
327837,1000,1,0,,False
327995,1000,1,1,18.0,True
328184,1000,0,0,,False
328269,1000,1,1,561.0,True
328280,1000,1,0,,False
32833,1000,1,1,216.0,True
328381,1000,0,0,,False
328434,1000,1,0,,False
328562,1000,0,0,,False
328625,1000,0,0,,False
328668,1000,0,0,,False
328924,1000,1,0,,False
329066,1000,1,1,406.0,True
329095,1000,1,1,63.0,True
329194,1000,1,1,188.0,True
329291,1000,1,1,66.0,True
329368,1000,0,0,,False
329465,1000,0,0,,False
329627,1000,0,0,,False
329669,1000,0,0,,False
329818,1000,1,0,,False
329820,1000,0,0,,False
329823,1000,0,0,,False
329834,1000,1,0,,False
329885,1000,1,0,,False
329897,1000,1,1,85.0,True
329944,1000,0,0,,False
329966,1000,0,0,,False
330032,1000,1,0,,False
330042,1000,2,2,33.0,True
330090,1000,1,1,66.0,True
33019,1000,1,1,10.0,True
33023,1000,0,0,,False
330540,1000,0,0,,False
330665,1000,0,0,,False
330738,1000,0,0,,False
330858,1000,0,0,,False
330898,1000,0,0,,False
330991,1000,0,0,,False
33102,1000,0,0,,False
331072,1000,1,1,200.0,True
331095,1000,1,1,88.0,True
331199,1000,0,0,,False
331254,1000,1,0,,False
331391,1000,1,0,,False
331790,1000,0,0,,False
331936,1000,0,0,,False
332128,1000,0,0,,False
332211,1000,2,0,,False
332212,1000,1,0,,False
332292,1000,1,1,18.0,True
332332,1000,1,0,,False
332333,1000,1,1,1.0,True
33251,1000,0,0,,False
332620,1000,1,0,,False
332642,1000,0,0,,False
332740,1000,1,0,,False
332839,1000,0,0,,False
333088,1000,1,0,,False
3335,1000,1,1,24.0,True
33352,1000,1,1,3.0,True
333569,1000,1,0,,False
333737,1000,2,2,83.0,True
333820,1000,0,0,,False
333964,1000,0,0,,False
334326,1000,0,0,,False
33445,1000,1,1,85.0,True
334480,1000,1,1,3.0,True
334514,1000,0,0,,False
33452,1000,1,1,20.0,True
334567,1000,0,0,,False
33469,1000,1,1,7.0,True
33490,1000,1,1,450.0,True
334907,1000,1,1,12.0,True
335032,1000,1,1,8.0,True
335300,1000,1,1,1.0,True
335310,1000,1,1,10.0,True
335355,1000,0,0,,False
335581,1000,1,1,66.0,True
335632,1000,1,1,39.0,True
336037,1000,1,1,11.0,True
336048,1000,0,0,,False
336135,1000,1,0,,False
336483,1000,1,1,1.0,True
336831,1000,1,1,1.0,True
33697,1000,1,0,,False
337104,1000,1,0,,False
337107,1000,1,0,,False
337111,1000,1,1,116.0,True
337210,1000,1,1,58.0,True
337214,1000,1,1,3.0,True
337235,1000,1,1,5.0,True
337598,1000,0,0,,False
337878,1000,0,0,,False
337948,1000,1,1,2.0,True
337965,1000,0,0,,False
337996,1000,0,0,,False
338030,1000,1,1,6.0,True
338135,1000,0,0,,False
338157,1000,0,0,,False
338276,1000,0,0,,False
338313,1000,1,1,454.0,True
338439,1000,0,0,,False
338509,1000,0,0,,False
338559,1000,1,1,67.0,True
338825,1000,1,1,27.0,True
338878,1000,1,1,60.0,True
338897,1000,0,0,,False
33893,1000,1,1,58.0,True
33905,1000,1,1,64.0,True
339233,1000,1,1,32.0,True
339244,1000,0,0,,False
339262,1000,1,1,2.0,True
339393,1000,0,0,,False
339538,1000,1,0,,False
339545,1000,1,0,,False
339629,1000,0,0,,False
339668,1000,1,1,3.0,True
339734,1000,1,1,106.0,True
339895,1000,0,0,,False
339937,1000,1,0,,False
34007,1000,1,1,272.0,True
340241,1000,0,0,,False
340256,1000,1,1,16.0,True
34033,1000,0,0,,False
340363,1000,1,1,201.0,True
34042,1000,1,0,,False
340427,1000,0,0,,False
340528,1000,0,0,,False
340604,1000,1,1,646.0,True
340904,1000,2,1,47.0,True
341042,1000,0,0,,False
341121,1000,0,0,,False
341204,1000,1,1,330.0,True
341255,1000,1,1,10.0,True
341283,1000,3,3,2.0,True
341522,1000,1,1,100.0,True
341523,1000,1,0,,False
341524,1000,1,1,13.0,True
341639,1000,1,1,11.0,True
341752,1000,1,1,39.0,True
341931,1000,3,1,54.0,True
341960,1000,0,0,,False
342180,1000,1,1,1.0,True
342212,1000,1,1,11.0,True
342274,1000,1,1,126.0,True
342314,1000,0,0,,False
342339,1000,2,0,,False
342483,1000,0,0,,False
342665,1000,0,0,,False
342783,1000,0,0,,False
342815,1000,1,1,1.0,True
342838,1000,0,0,,False
342866,1000,0,0,,False
342992,1000,1,0,,False
343128,1000,1,1,3.0,True
343373,1000,1,1,195.0,True
34345,1000,1,1,63.0,True
343539,1000,1,1,108.0,True
343695,1000,0,0,,False
343760,1000,0,0,,False
34390,1000,1,1,51.0,True
344082,1000,0,0,,False
344211,1000,0,0,,False
344380,1000,1,0,,False
344487,1000,4,2,515.0,True
344638,1000,1,1,31.0,True
344688,1000,1,1,24.0,True
344740,1000,1,0,,False
344753,1000,0,0,,False
344803,1000,0,0,,False
344840,1000,0,0,,False
344885,1000,0,0,,False
345009,1000,0,0,,False
345073,1000,0,0,,False
34530,1000,0,0,,False
345344,1000,0,0,,False
345357,1000,1,1,76.0,True
345409,1000,1,1,70.0,True
345515,1000,0,0,,False
345597,1000,1,1,88.0,True
345614,1000,1,1,145.0,True
34566,1000,0,0,,False
345949,1000,1,1,20.0,True
345957,1000,1,1,158.0,True
346173,1000,1,1,2.0,True
34621,1000,0,0,,False
346468,1000,0,0,,False
346555,1000,0,0,,False
346697,1000,1,1,18.0,True
347218,1000,1,1,583.0,True
347228,1000,1,0,,False
347298,1000,1,1,32.0,True
347308,1000,0,0,,False
347572,1000,0,0,,False
34769,1000,0,0,,False
347693,1000,1,1,7.0,True
347799,1000,0,0,,False
347993,1000,0,0,,False
348061,1000,1,1,36.0,True
348076,1000,0,0,,False
348161,1000,0,0,,False
348164,1000,0,0,,False
348168,1000,0,0,,False
348204,1000,1,0,,False
348255,1000,0,0,,False
34827,1000,0,0,,False
348368,1000,0,0,,False
348420,1000,0,0,,False
348485,1000,0,0,,False
3485,1000,0,0,,False
348529,1000,1,1,2.0,True
348690,1000,0,0,,False
348756,1000,0,0,,False
348809,1000,0,0,,False
348814,1000,0,0,,False
348872,1000,2,2,1.0,True
348930,1000,0,0,,False
349026,1000,0,0,,False
349117,1000,1,1,1.0,True
349164,1000,0,0,,False
349380,1000,0,0,,False
349512,1000,1,1,87.0,True
349837,1000,0,0,,False
349842,1000,0,0,,False
34990,1000,1,1,68.0,True
3501,1000,0,0,,False
350293,1000,0,0,,False
350469,1000,1,1,5.0,True
350501,1000,1,0,,False
350726,1000,1,1,15.0,True
351037,1000,0,0,,False
351166,1000,0,0,,False
351185,1000,0,0,,False
351240,1000,0,0,,False
351295,1000,0,0,,False
351296,1000,0,0,,False
351312,1000,0,0,,False
351477,1000,0,0,,False
351504,1000,0,0,,False
35158,1000,1,1,234.0,True
351637,1000,0,0,,False
351683,1000,1,1,43.0,True
351876,1000,0,0,,False
351955,1000,0,0,,False
352014,1000,0,0,,False
352144,1000,1,1,160.0,True
352177,1000,1,1,21.0,True
352220,1000,0,0,,False
352359,1000,0,0,,False
352366,1000,0,0,,False
352401,1000,0,0,,False
352425,1000,0,0,,False
352478,1000,0,0,,False
352479,1000,0,0,,False
352512,1000,0,0,,False
352902,1000,0,0,,False
352923,1000,0,0,,False
352941,1000,0,0,,False
353147,1000,0,0,,False
353268,1000,1,1,98.0,True
35332,1000,0,0,,False
35336,1000,1,1,78.0,True
353645,1000,1,1,4.0,True
353663,1000,1,1,59.0,True
353687,1000,0,0,,False
353731,1000,1,0,,False
353778,1000,0,0,,False
353784,1000,1,1,109.0,True
353803,1000,1,1,417.0,True
353876,1000,0,0,,False
353887,1000,0,0,,False
353932,1000,1,0,,False
354159,1000,0,0,,False
354194,1000,0,0,,False
354364,1000,0,0,,False
354410,1000,0,0,,False
354571,1000,1,1,12.0,True
354717,1000,1,1,39.0,True
354840,1000,1,0,,False
354868,1000,0,0,,False
354912,1000,1,1,18.0,True
354961,1000,1,1,6.0,True
354971,1000,0,0,,False
354974,1000,0,0,,False
355091,1000,0,0,,False
355113,1000,0,0,,False
355176,1000,0,0,,False
355224,1000,0,0,,False
355266,1000,0,0,,False
35530,1000,1,1,328.0,True
355358,1000,0,0,,False
355396,1000,0,0,,False
355402,1000,0,0,,False
355434,1000,0,0,,False
355455,1000,1,1,23.0,True
355510,1000,0,0,,False
355529,1000,0,0,,False
355543,1000,1,1,174.0,True
355619,1000,0,0,,False
35567,1000,1,1,136.0,True
355736,1000,0,0,,False
356007,1000,0,0,,False
356051,1000,1,0,,False
356153,1000,2,2,6.0,True
356450,1000,1,1,9.0,True
356643,1000,1,0,,False
356690,1000,0,0,,False
356888,1000,2,2,6.0,True
357104,1000,0,0,,False
357247,1000,0,0,,False
357506,1000,1,0,,False
357630,1000,0,0,,False
357644,1000,0,0,,False
357673,1000,0,0,,False
357746,1000,0,0,,False
357871,1000,1,0,,False
357912,1000,0,0,,False
357969,1000,0,0,,False
357986,1000,0,0,,False
358170,1000,0,0,,False
358239,1000,1,1,1.0,True
358325,1000,1,1,7.0,True
358331,1000,1,1,120.0,True
358669,1000,0,0,,False
358782,1000,0,0,,False
358849,1000,2,2,135.0,True
35889,1000,1,1,164.0,True
358890,1000,0,0,,False
358981,1000,1,1,76.0,True
35901,1000,0,0,,False
35924,1000,1,1,1.0,True
35932,1000,1,1,363.0,True
359472,1000,0,0,,False
35974,1000,1,1,1.0,True
359764,1000,0,0,,False
359827,1000,0,0,,False
360092,1000,0,0,,False
360166,1000,1,1,2.0,True
360187,1000,0,0,,False
360197,1000,0,0,,False
360224,1000,0,0,,False
360236,1000,0,0,,False
360532,1000,0,0,,False
360536,1000,0,0,,False
360608,1000,0,0,,False
36066,1000,0,0,,False
360702,1000,0,0,,False
360814,1000,0,0,,False
361064,1000,0,0,,False
361134,1000,1,1,9.0,True
361142,1000,0,0,,False
361160,1000,0,0,,False
361239,1000,0,0,,False
361259,1000,1,1,7.0,True
361376,1000,0,0,,False
361408,1000,0,0,,False
361811,1000,0,0,,False
361857,1000,0,0,,False
362032,1000,0,0,,False
362159,1000,0,0,,False
362205,1000,0,0,,False
362328,1000,1,0,,False
362423,1000,2,1,6.0,True
362444,1000,1,0,,False
362542,1000,1,1,5.0,True
362606,1000,1,1,1.0,True
362663,1000,0,0,,False
362875,1000,0,0,,False
362919,1000,0,0,,False
363322,1000,1,1,56.0,True
363345,1000,1,1,50.0,True
363398,1000,0,0,,False
363408,1000,1,1,57.0,True
363756,1000,0,0,,False
363764,1000,0,0,,False
363895,1000,0,0,,False
363962,1000,0,0,,False
36402,1000,1,1,10.0,True
364049,1000,0,0,,False
364299,1000,1,1,7.0,True
364365,1000,0,0,,False
364377,1000,0,0,,False
364424,1000,0,0,,False
364438,1000,0,0,,False
364731,1000,1,1,711.0,True
364827,1000,1,0,,False
364899,1000,1,1,1.0,True
364903,1000,0,0,,False
364919,1000,2,0,,False
364947,1000,0,0,,False
365062,1000,0,0,,False
365220,1000,0,0,,False
365266,1000,0,0,,False
365477,1000,0,0,,False
365611,1000,0,0,,False
365732,1000,0,0,,False
365925,1000,0,0,,False
366076,1000,0,0,,False
366115,1000,0,0,,False
366129,1000,1,1,1.0,True
366152,1000,0,0,,False
366238,1000,1,1,12.0,True
366253,1000,0,0,,False
366507,1000,0,0,,False
36655,1000,0,0,,False
366621,1000,0,0,,False
366717,1000,1,1,17.0,True
366768,1000,1,1,1.0,True
366825,1000,0,0,,False
366877,1000,0,0,,False
366980,1000,0,0,,False
366995,1000,1,1,14.0,True
367063,1000,0,0,,False
367149,1000,0,0,,False
36724,1000,1,1,1.0,True
36731,1000,1,1,364.0,True
367506,1000,1,0,,False
367725,1000,0,0,,False
367759,1000,0,0,,False
367880,1000,1,1,22.0,True
367885,1000,0,0,,False
367999,1000,0,0,,False
368004,1000,0,0,,False
368011,1000,0,0,,False
368102,1000,1,1,175.0,True
368197,1000,0,0,,False
368440,1000,0,0,,False
368521,1000,1,0,,False
368664,1000,1,0,,False
36868,1000,1,1,15.0,True
368862,1000,0,0,,False
369072,1000,0,0,,False
369122,1000,0,0,,False
369124,1000,1,0,,False
369304,1000,0,0,,False
369496,1000,1,1,12.0,True
369532,1000,0,0,,False
369595,1000,0,0,,False
369642,1000,0,0,,False
369964,1000,1,1,7.0,True
370013,1000,1,1,60.0,True
370017,1000,0,0,,False
370128,1000,0,0,,False
370299,1000,0,0,,False
370320,1000,0,0,,False
370733,1000,1,1,226.0,True
370753,1000,0,0,,False
370892,1000,0,0,,False
370967,1000,0,0,,False
370999,1000,0,0,,False
371027,1000,0,0,,False
37132,1000,1,1,195.0,True
371357,1000,0,0,,False
37136,1000,0,0,,False
371470,1000,1,0,,False
371765,1000,0,0,,False
371838,1000,2,2,9.0,True
371903,1000,0,0,,False
371947,1000,0,0,,False
372024,1000,0,0,,False
372108,1000,0,0,,False
372227,1000,0,0,,False
37229,1000,1,1,418.0,True
372360,1000,1,1,33.0,True
372396,1000,1,1,18.0,True
372749,1000,0,0,,False
3728,1000,1,1,582.0,True
372815,1000,1,1,148.0,True
373135,1000,0,0,,False
373151,1000,0,0,,False
373418,1000,0,0,,False
373451,1000,0,0,,False
373453,1000,0,0,,False
373639,1000,0,0,,False
374155,1000,0,0,,False
374157,1000,0,0,,False
374234,1000,0,0,,False
374322,1000,1,1,6.0,True
37434,1000,0,0,,False
374566,1000,0,0,,False
37465,1000,1,1,9.0,True
37467,1000,1,1,159.0,True
375003,1000,1,1,8.0,True
375043,1000,1,1,124.0,True
375119,1000,0,0,,False
37526,1000,1,1,87.0,True
375916,1000,1,1,1.0,True
375955,1000,0,0,,False
375996,1000,1,1,483.0,True
376047,1000,0,0,,False
376164,1000,0,0,,False
376353,1000,1,1,26.0,True
37679,1000,1,1,61.0,True
376837,1000,1,1,14.0,True
376850,1000,1,1,46.0,True
377354,1000,0,0,,False
377371,1000,1,1,111.0,True
377438,1000,0,0,,False
377454,1000,0,0,,False
377683,1000,0,0,,False
377726,1000,0,0,,False
377785,1000,0,0,,False
37787,1000,0,0,,False
377984,1000,0,0,,False
378005,1000,0,0,,False
378175,1000,0,0,,False
378215,1000,0,0,,False
378510,1000,1,1,358.0,True
378548,1000,0,0,,False
378637,1000,0,0,,False
378650,1000,0,0,,False
378878,1000,1,1,28.0,True
378984,1000,1,0,,False
379339,1000,1,1,38.0,True
379598,1000,0,0,,False
379620,1000,0,0,,False
379682,1000,0,0,,False
37978,1000,0,0,,False
379782,1000,0,0,,False
379932,1000,0,0,,False
379956,1000,0,0,,False
380096,1000,0,0,,False
380105,1000,0,0,,False
380185,1000,1,1,9.0,True
380209,1000,0,0,,False
380342,1000,0,0,,False
38065,1000,0,0,,False
380703,1000,0,0,,False
380804,1000,0,0,,False
380830,1000,0,0,,False
381051,1000,0,0,,False
381097,1000,4,1,227.0,True
381174,1000,0,0,,False
381246,1000,0,0,,False
381437,1000,2,2,1.0,True
381523,1000,0,0,,False
381588,1000,0,0,,False
381740,1000,0,0,,False
381797,1000,0,0,,False
381941,1000,0,0,,False
381980,1000,0,0,,False
382100,1000,0,0,,False
38227,1000,1,1,2.0,True
38259,1000,0,0,,False
382622,1000,0,0,,False
382625,1000,0,0,,False
382700,1000,0,0,,False
382808,1000,1,1,99.0,True
382846,1000,1,0,,False
382987,1000,0,0,,False
383260,1000,0,0,,False
383291,1000,0,0,,False
383428,1000,0,0,,False
383432,1000,0,0,,False
383615,1000,0,0,,False
383803,1000,0,0,,False
383983,1000,0,0,,False
383994,1000,0,0,,False
384183,1000,0,0,,False
384199,1000,0,0,,False
384222,1000,0,0,,False
384254,1000,0,0,,False
384273,1000,1,0,,False
384299,1000,1,1,1.0,True
384474,1000,0,0,,False
384905,1000,0,0,,False
384920,1000,1,1,27.0,True
384929,1000,0,0,,False
385001,1000,0,0,,False
385013,1000,1,1,2.0,True
385028,1000,1,1,41.0,True
385189,1000,0,0,,False
385210,1000,0,0,,False
385298,1000,0,0,,False
385332,1000,1,0,,False
386034,1000,1,1,1.0,True
386281,1000,1,0,,False
386287,1000,0,0,,False
386345,1000,0,0,,False
38639,1000,1,1,636.0,True
386502,1000,1,1,11.0,True
386551,1000,0,0,,False
386568,1000,0,0,,False
386626,1000,0,0,,False
386639,1000,0,0,,False
386650,1000,0,0,,False
38675,1000,1,1,978.0,True
386941,1000,0,0,,False
38699,1000,1,0,,False
387205,1000,0,0,,False
387259,1000,0,0,,False
387322,1000,0,0,,False
387417,1000,0,0,,False
387620,1000,0,0,,False
387626,1000,0,0,,False
387652,1000,1,1,12.0,True
387740,1000,0,0,,False
387751,1000,0,0,,False
388223,1000,1,0,,False
388352,1000,1,1,10.0,True
3885,1000,1,0,,False
388603,1000,0,0,,False
38864,1000,0,0,,False
388651,1000,1,0,,False
388782,1000,0,0,,False
388875,1000,0,0,,False
3889,1000,0,0,,False
388918,0,0,0,,False
389006,1000,1,1,12.0,True
389009,1000,1,1,2.0,True
389063,1000,1,1,106.0,True
389087,1000,0,0,,False
389109,1000,0,0,,False
389158,1000,1,1,8.0,True
389177,1000,4,2,31.0,True
38923,1000,1,1,13.0,True
389237,1000,1,1,1.0,True
389475,1000,0,0,,False
389656,1000,1,1,1.0,True
38966,1000,0,0,,False
389729,1000,1,1,1.0,True
389871,1000,1,1,15.0,True
389885,1000,1,0,,False
389918,1000,1,1,480.0,True
389997,1000,1,0,,False
390000,1000,0,0,,False
390024,1000,1,1,701.0,True
390068,1000,0,0,,False
390281,1000,0,0,,False
390352,1000,0,0,,False
390860,1000,0,0,,False
390907,1000,1,1,5.0,True
390940,1000,0,0,,False
390981,1000,1,1,1.0,True
391201,1000,0,0,,False
391239,1000,0,0,,False
391321,1000,0,0,,False
391407,1000,0,0,,False
391525,1000,0,0,,False
391675,1000,1,0,,False
391720,1000,0,0,,False
391729,1000,0,0,,False
391773,1000,0,0,,False
391804,1000,0,0,,False
391988,1000,1,1,65.0,True
391991,1000,1,1,3.0,True
392051,1000,0,0,,False
392109,1000,1,1,34.0,True
392138,1000,1,0,,False
392232,1000,0,0,,False
392334,1000,1,1,1.0,True
392416,1000,1,0,,False
392448,1000,0,0,,False
392552,1000,1,1,30.0,True
392689,1000,1,1,1.0,True
392712,1000,1,1,5.0,True
392862,1000,0,0,,False
392897,1000,1,1,13.0,True
392915,1000,1,0,,False
392965,1000,1,1,1.0,True
393363,1000,1,1,47.0,True
393504,1000,1,0,,False
39351,1000,1,1,1.0,True
393695,1000,1,1,91.0,True
39373,1000,0,0,,False
393763,1000,1,1,15.0,True
39409,1000,0,0,,False
394162,1000,1,1,73.0,True
394247,1000,0,0,,False
394456,1000,1,0,,False
394627,1000,1,1,59.0,True
394659,1000,1,1,58.0,True
394757,1000,1,1,2.0,True
394921,1000,1,1,36.0,True
395076,1000,1,1,4.0,True
395090,1000,1,1,2.0,True
395131,1000,1,1,3.0,True
395347,1000,1,0,,False
39536,1000,0,0,,False
395362,1000,1,1,987.0,True
395474,1000,0,0,,False
395566,1000,1,1,4.0,True
395792,1000,0,0,,False
39594,1000,1,0,,False
395949,1000,1,1,63.0,True
39601,1000,1,1,1.0,True
39607,1000,1,1,728.0,True
396128,1000,1,0,,False
396172,1000,0,0,,False
396231,1000,1,1,8.0,True
396246,1000,1,1,16.0,True
396422,1000,1,1,5.0,True
396585,1000,0,0,,False
396713,1000,0,0,,False
396883,1000,0,0,,False
396973,1000,0,0,,False
397013,1000,0,0,,False
397122,1000,1,1,3.0,True
397602,1000,0,0,,False
397630,1000,1,1,79.0,True
397637,1000,0,0,,False
397658,1000,1,1,2.0,True
397840,1000,0,0,,False
398033,1000,0,0,,False
398148,1000,2,2,7.0,True
398233,1000,1,1,2.0,True
398326,1000,0,0,,False
398486,1000,1,1,42.0,True
398541,1000,1,1,3.0,True
398551,1000,1,0,,False
398605,1000,1,0,,False
398655,1000,0,0,,False
398708,1000,0,0,,False
398737,1000,0,0,,False
398843,1000,1,0,,False
398981,1000,1,1,9.0,True
399079,1000,0,0,,False
399091,1000,0,0,,False
399137,1000,0,0,,False
39926,1000,1,0,,False
399288,1000,1,1,3.0,True
399445,1000,1,1,2.0,True
399479,1000,1,1,4.0,True
399564,1000,1,0,,False
399622,1000,1,1,120.0,True
399646,1000,1,0,,False
399652,1000,1,1,565.0,True
399709,1000,0,0,,False
399743,1000,1,1,3.0,True
399840,1000,0,0,,False
399895,1000,1,1,6.0,True
399931,1000,1,1,104.0,True
400026,1000,1,0,,False
400027,1000,1,1,334.0,True
400216,1000,0,0,,False
400431,1000,1,1,5.0,True
400605,1000,1,1,1.0,True
40082,1000,1,1,66.0,True
401030,1000,1,1,904.0,True
401147,1000,1,1,4.0,True
401316,1000,0,0,,False
401371,1000,1,1,1.0,True
401422,1000,0,0,,False
401590,1000,0,0,,False
401793,1000,1,1,230.0,True
401796,1000,1,1,3.0,True
4019,1000,0,0,,False
402344,1000,1,1,1.0,True
402385,1000,1,1,222.0,True
402472,1000,0,0,,False
402521,1000,1,1,29.0,True
402568,1000,1,1,39.0,True
402592,1000,0,0,,False
402623,1000,0,0,,False
402854,1000,1,1,72.0,True
403261,1000,1,1,141.0,True
403716,1000,1,1,20.0,True
403749,1000,0,0,,False
403957,1000,0,0,,False
40420,1000,1,1,72.0,True
40444,1000,0,0,,False
404849,1000,1,1,185.0,True
404863,1000,1,1,6.0,True
404944,1000,0,0,,False
405091,1000,1,1,1.0,True
40510,1000,1,1,5.0,True
405191,1000,0,0,,False
405407,1000,0,0,,False
405647,1000,1,1,1.0,True
405736,1000,1,1,12.0,True
405752,1000,1,1,2.0,True
405878,1000,0,0,,False
405911,1000,1,1,2.0,True
40599,1000,1,1,4.0,True
406129,1000,1,0,,False
406311,1000,1,1,2.0,True
406676,1000,1,1,295.0,True
406728,1000,0,0,,False
406766,1000,1,1,1.0,True
406989,1000,1,1,9.0,True
407149,1000,0,0,,False
40741,1000,1,1,15.0,True
407452,1000,1,1,2.0,True
407517,1000,0,0,,False
407538,1000,0,0,,False
407557,1000,0,0,,False
407574,1000,0,0,,False
407737,1000,1,1,2.0,True
407934,1000,1,1,13.0,True
407986,1000,0,0,,False
407996,1000,0,0,,False
408104,1000,0,0,,False
408125,1000,0,0,,False
40813,1000,0,0,,False
408140,1000,1,1,2.0,True
408426,1000,1,1,141.0,True
408637,1000,1,1,2.0,True
408690,1000,1,1,31.0,True
408823,1000,1,1,16.0,True
40888,1000,1,1,143.0,True
408926,1000,1,1,61.0,True
408968,1000,1,1,1.0,True
409019,1000,1,1,2.0,True
409037,1000,0,0,,False
409099,1000,0,0,,False
409155,1000,1,1,332.0,True
409199,1000,0,0,,False
409355,1000,1,1,2.0,True
409648,1000,1,1,8.0,True
409846,1000,0,0,,False
409889,1000,1,1,23.0,True
40990,1000,1,1,824.0,True
410011,1000,1,1,311.0,True
410134,1000,1,1,1.0,True
410353,1000,1,1,2.0,True
410484,1000,1,0,,False
410504,1000,1,1,1.0,True
410545,1000,1,0,,False
410698,1000,0,0,,False
41070,1000,1,1,104.0,True
410813,1000,1,1,1.0,True
410895,1000,1,1,100.0,True
410978,1000,1,1,322.0,True
411061,1000,0,0,,False
411080,1000,0,0,,False
411257,1000,0,0,,False
411482,1000,0,0,,False
411667,1000,1,1,21.0,True
411755,1000,0,0,,False
411783,1000,1,1,7.0,True
411849,1000,1,1,2.0,True
412195,1000,1,1,133.0,True
412422,1000,0,0,,False
412469,1000,1,1,1.0,True
412623,1000,0,0,,False
412821,1000,1,1,2.0,True
412854,1000,0,0,,False
413014,1000,0,0,,False
413085,1000,1,1,741.0,True
413092,1000,0,0,,False
41316,1000,0,0,,False
413269,1000,0,0,,False
413483,1000,1,0,,False
4135,1000,0,0,,False
413542,1000,0,0,,False
413579,1000,0,0,,False
413628,1000,1,1,174.0,True
413643,1000,1,1,1.0,True
413673,1000,0,0,,False
413722,1000,0,0,,False
413755,1000,0,0,,False
413993,1000,1,1,2.0,True
414037,1000,0,0,,False
414046,1000,1,1,72.0,True
414080,1000,0,0,,False
414233,1000,1,1,12.0,True
414329,1000,0,0,,False
414344,1000,0,0,,False
41439,1000,1,1,1.0,True
414500,1000,1,1,2.0,True
414590,1000,1,1,1.0,True
414844,1000,1,1,81.0,True
414881,1000,1,0,,False
415205,1000,1,1,9.0,True
415234,1000,1,1,63.0,True
415257,1000,1,1,3.0,True
415325,1000,1,1,6.0,True
415330,1000,1,1,22.0,True
415420,1000,1,1,20.0,True
415458,1000,0,0,,False
415587,1000,1,1,229.0,True
415590,1000,1,0,,False
415658,1000,1,1,77.0,True
415677,1000,0,0,,False
415808,1000,0,0,,False
415823,1000,0,0,,False
415925,1000,1,1,1.0,True
415964,1000,1,1,34.0,True
416038,1000,0,0,,False
416102,1000,1,1,3.0,True
416167,1000,1,1,2.0,True
416657,1000,1,0,,False
416892,1000,1,1,53.0,True
416968,1000,0,0,,False
417018,1000,0,0,,False
417060,1000,1,1,3.0,True
417100,1000,1,1,13.0,True
41711,1000,1,1,6.0,True
417247,1000,0,0,,False
417301,1000,0,0,,False
417538,1000,1,1,22.0,True
417955,1000,1,0,,False
418033,1000,1,1,2.0,True
418073,1000,1,1,2.0,True
418112,1000,1,1,17.0,True
418249,1000,1,1,62.0,True
418276,1000,1,1,8.0,True
418390,1000,0,0,,False
418558,1000,1,1,4.0,True
418789,1000,0,0,,False
418896,1000,1,1,4.0,True
418942,1000,2,1,13.0,True
419012,1000,0,0,,False
419065,1000,1,1,8.0,True
419161,1000,1,1,1.0,True
419188,1000,0,0,,False
419400,1000,1,1,793.0,True
419404,1000,1,1,9.0,True
419458,1000,0,0,,False
419468,1000,0,0,,False
419546,1000,1,1,92.0,True
419576,1000,0,0,,False
419739,1000,1,1,5.0,True
419837,1000,1,1,1.0,True
419947,1000,0,0,,False
419990,1000,0,0,,False
419993,1000,0,0,,False
420056,1000,0,0,,False
420071,1000,1,1,2.0,True
420193,1000,0,0,,False
420221,1000,1,1,40.0,True
42024,1000,1,1,1.0,True
420300,1000,0,0,,False
420555,1000,1,1,16.0,True
420664,1000,1,1,9.0,True
420844,1000,0,0,,False
420862,1000,0,0,,False
421495,1000,1,1,70.0,True
421753,1000,1,1,18.0,True
421782,1000,1,0,,False
422047,1000,0,0,,False
422062,1000,0,0,,False
422148,1000,1,1,47.0,True
42225,1000,1,1,1.0,True
422272,1000,0,0,,False
423250,1000,1,1,26.0,True
423253,1000,1,1,1.0,True
423428,1000,0,0,,False
423467,1000,0,0,,False
423536,1000,0,0,,False
423539,1000,1,1,1.0,True
42405,1000,1,1,5.0,True
424147,1000,1,1,7.0,True
424401,1000,1,1,1.0,True
424562,1000,0,0,,False
424640,1000,0,0,,False
424647,1000,1,1,174.0,True
424817,1000,0,0,,False
424833,1000,1,0,,False
424920,1000,1,1,9.0,True
425120,1000,1,1,9.0,True
425156,1000,0,0,,False
425165,1000,1,1,173.0,True
42521,1000,1,1,2.0,True
425270,1000,0,0,,False
425302,1000,1,1,6.0,True
425324,1000,0,0,,False
425385,1000,1,1,13.0,True
425468,1000,1,1,3.0,True
425806,1000,1,1,9.0,True
425899,1000,0,0,,False
426034,1000,0,0,,False
426035,1000,0,0,,False
426093,1000,0,0,,False
426280,1000,0,0,,False
426317,1000,1,1,32.0,True
426535,1000,1,1,50.0,True
426714,1000,1,1,1.0,True
426715,1000,0,0,,False
426763,1000,1,1,462.0,True
426780,1000,0,0,,False
426913,1000,0,0,,False
427002,1000,1,1,1.0,True
427126,1000,1,1,1.0,True
427204,1000,1,1,661.0,True
427246,1000,0,0,,False
427280,1000,0,0,,False
42751,1000,1,0,,False
427515,1000,0,0,,False
427634,1000,1,1,3.0,True
427648,1000,0,0,,False
427756,1000,1,1,58.0,True
427778,1000,0,0,,False
427789,1000,0,0,,False
427932,1000,1,1,12.0,True
427946,1000,1,0,,False
428035,1000,1,0,,False
428108,1000,1,1,75.0,True
428142,1000,1,0,,False
428180,1000,1,1,3.0,True
428181,1000,0,0,,False
42821,1000,0,0,,False
428376,1000,0,0,,False
429059,1000,2,2,18.0,True
429145,1000,0,0,,False
429298,1000,1,1,16.0,True
429363,1000,1,1,211.0,True
42952,1000,1,1,3.0,True
429716,1000,1,0,,False
429765,1000,0,0,,False
429841,1000,1,1,1.0,True
429877,1000,2,2,69.0,True
429947,1000,0,0,,False
429973,1000,0,0,,False
430274,1000,1,1,2.0,True
430284,1000,0,0,,False
430314,1000,0,0,,False
430945,1000,1,1,1.0,True
43130,1000,1,1,459.0,True
431342,1000,1,1,3.0,True
431614,1000,1,1,30.0,True
431686,1000,0,0,,False
431836,1000,1,1,31.0,True
431875,1000,1,1,133.0,True
431889,1000,1,1,68.0,True
432004,1000,0,0,,False
432168,1000,0,0,,False
432286,1000,0,0,,False
432349,1000,1,1,8.0,True
432409,1000,1,0,,False
432468,1000,0,0,,False
432572,1000,1,0,,False
432595,1000,1,1,5.0,True
432679,1000,0,0,,False
432828,1000,2,2,1.0,True
432925,1000,0,0,,False
432993,1000,1,1,5.0,True
433151,1000,1,1,1.0,True
433193,1000,0,0,,False
433224,1000,1,0,,False
433276,1000,1,1,13.0,True
433352,1000,0,0,,False
433427,1000,0,0,,False
433459,1000,0,0,,False
433673,1000,1,0,,False
433755,1000,1,1,1.0,True
433972,1000,0,0,,False
433998,1000,0,0,,False
434218,1000,1,1,464.0,True
434368,1000,0,0,,False
434389,1000,1,1,116.0,True
434408,1000,0,0,,False
434519,1000,0,0,,False
434597,1000,1,1,2.0,True
434980,1000,0,0,,False
434991,1000,1,0,,False
435013,1000,0,0,,False
435102,1000,1,1,648.0,True
435316,1000,0,0,,False
435423,1000,1,1,93.0,True
435697,1000,1,1,2.0,True
43578,1000,1,1,1.0,True
4358,1000,1,1,1.0,True
435813,1000,0,0,,False
435899,1000,3,3,1.0,True
435931,1000,1,1,3.0,True
436112,1000,1,0,,False
436340,1000,1,1,24.0,True
43639,1000,1,1,284.0,True
436517,1000,1,1,10.0,True
436939,1000,2,1,518.0,True
436999,1000,1,0,,False
437234,1000,1,1,6.0,True
43742,1000,0,0,,False
437564,1000,0,0,,False
437932,1000,1,0,,False
438129,1000,1,1,1.0,True
43813,1000,1,1,55.0,True
438491,1000,0,0,,False
438527,1000,0,0,,False
43853,1000,0,0,,False
438630,1000,1,1,4.0,True
438723,1000,0,0,,False
438987,1000,1,1,40.0,True
438994,1000,0,0,,False
439135,1000,0,0,,False
439310,1000,1,0,,False
439391,1000,0,0,,False
439458,1000,2,2,64.0,True
439466,1000,0,0,,False
439472,1000,0,0,,False
439536,1000,1,1,3.0,True
439548,1000,1,1,5.0,True
439627,1000,0,0,,False
439757,1000,0,0,,False
440074,1000,0,0,,False
440122,1000,0,0,,False
440164,1000,0,0,,False
440304,1000,1,1,1.0,True
440411,1000,0,0,,False
440418,1000,1,0,,False
440701,1000,1,1,4.0,True
440884,1000,3,0,,False
440885,1000,1,1,157.0,True
440918,1000,0,0,,False
441083,1000,1,1,8.0,True
441129,1000,0,0,,False
441299,1000,1,1,213.0,True
441439,1000,0,0,,False
441551,1000,2,2,6.0,True
442028,1000,0,0,,False
442030,1000,0,0,,False
442103,1000,0,0,,False
442165,1000,1,1,1.0,True
44218,1000,0,0,,False
442185,1000,0,0,,False
442205,1000,2,1,69.0,True
442492,1000,1,1,105.0,True
442683,1000,1,0,,False
443216,1000,0,0,,False
443225,1000,0,0,,False
443248,1000,1,1,158.0,True
443326,1000,0,0,,False
443354,1000,1,1,10.0,True
443421,1000,1,0,,False
443903,1000,1,1,11.0,True
443909,1000,0,0,,False
443911,1000,1,1,282.0,True
443930,1000,0,0,,False
443999,1000,0,0,,False
44407,1000,0,0,,False
444263,1000,1,1,1.0,True
444339,1000,0,0,,False
44443,1000,2,2,1.0,True
444458,1000,0,0,,False
444573,1000,0,0,,False
444676,1000,1,1,297.0,True
444738,1000,1,1,35.0,True
444821,1000,1,1,75.0,True
44500,1000,1,1,5.0,True
445379,1000,0,0,,False
445458,1000,0,0,,False
445521,1000,0,0,,False
445755,1000,0,0,,False
445902,1000,0,0,,False
445969,1000,3,2,1.0,True
446002,1000,2,2,208.0,True
446106,1000,1,1,1.0,True
446108,1000,1,1,1.0,True
446148,1000,1,1,6.0,True
446231,1000,0,0,,False
446249,1000,1,1,6.0,True
446399,1000,1,1,66.0,True
446517,1000,1,0,,False
446558,1000,1,1,8.0,True
446713,1000,1,1,4.0,True
446737,1000,0,0,,False
446864,1000,0,0,,False
447080,1000,0,0,,False
447084,1000,1,1,1.0,True
44710,1000,1,1,50.0,True
447338,1000,1,1,31.0,True
447439,1000,1,1,118.0,True
447641,1000,1,0,,False
447760,1000,1,1,809.0,True
447796,1000,1,1,39.0,True
447820,1000,1,1,4.0,True
448043,1000,1,1,102.0,True
448098,1000,0,0,,False
448125,1000,1,1,664.0,True
448384,1000,1,1,8.0,True
448483,1000,1,1,1.0,True
448709,1000,1,1,3.0,True
449068,1000,1,1,981.0,True
44926,1000,1,1,8.0,True
44928,1000,0,0,,False
449557,1000,0,0,,False
449570,1000,1,1,5.0,True
449578,1000,1,1,18.0,True
44962,1000,1,1,3.0,True
44965,1000,1,1,12.0,True
449703,1000,1,1,2.0,True
449744,1000,1,1,11.0,True
44977,1000,0,0,,False
449782,1000,1,1,9.0,True
449985,1000,1,1,14.0,True
450124,1000,1,1,2.0,True
450196,1000,1,1,2.0,True
450251,1000,1,0,,False
450388,1000,1,1,260.0,True
45055,1000,1,1,229.0,True
450560,1000,1,0,,False
45060,1000,1,1,6.0,True
450838,1000,1,0,,False
450969,1000,1,1,1.0,True
450984,1000,1,1,1.0,True
451068,1000,2,0,,False
451170,1000,1,1,62.0,True
451252,1000,0,0,,False
451259,1000,1,1,37.0,True
451400,1000,1,0,,False
451407,1000,1,0,,False
451451,1000,1,1,91.0,True
451469,1000,0,0,,False
451679,1000,0,0,,False
451700,1000,0,0,,False
451815,1000,1,0,,False
451835,1000,0,0,,False
451882,1000,1,1,89.0,True
451917,1000,0,0,,False
451956,1000,1,1,354.0,True
451971,1000,1,1,133.0,True
452114,1000,0,0,,False
452266,1000,1,1,8.0,True
452429,1000,0,0,,False
452446,1000,0,0,,False
452455,1000,0,0,,False
452537,1000,1,1,192.0,True
45271,1000,0,0,,False
452732,1000,1,1,15.0,True
45276,1000,1,1,47.0,True
452786,1000,1,1,4.0,True
452842,1000,0,0,,False
452857,1000,2,2,2.0,True
452896,1000,1,1,1.0,True
452906,1000,1,1,14.0,True
452946,1000,1,1,268.0,True
452971,1000,1,1,333.0,True
453081,1000,1,1,77.0,True
453107,1000,0,0,,False
453177,1000,1,0,,False
453211,1000,0,0,,False
453226,1000,1,1,5.0,True
453286,1000,0,0,,False
453407,1000,0,0,,False
453468,1000,1,1,5.0,True
453490,1000,1,1,48.0,True
453536,1000,0,0,,False
453547,1000,1,1,16.0,True
453615,1000,0,0,,False
453647,1000,1,1,11.0,True
453692,1000,1,1,1.0,True
453726,1000,0,0,,False
453813,1000,0,0,,False
45396,1000,1,1,8.0,True
454311,1000,1,0,,False
454599,1000,0,0,,False
454705,1000,0,0,,False
454713,1000,1,1,1.0,True
454753,1000,1,1,16.0,True
454798,1000,1,1,52.0,True
454948,1000,1,1,5.0,True
454991,1000,1,1,588.0,True
45546,1000,1,1,15.0,True
455587,1000,1,1,29.0,True
455634,1000,1,1,165.0,True
455657,1000,1,1,1.0,True
455661,1000,1,1,2.0,True
455753,1000,1,1,13.0,True
456041,1000,1,1,7.0,True
45613,1000,1,1,10.0,True
456293,1000,1,1,9.0,True
45640,1000,1,1,79.0,True
456480,1000,0,0,,False
456514,1000,0,0,,False
45690,1000,1,1,340.0,True
457144,1000,1,1,36.0,True
45718,1000,1,1,2.0,True
457536,1000,0,0,,False
457553,1000,1,1,279.0,True
457571,1000,0,0,,False
457746,1000,1,1,88.0,True
457773,1000,1,0,,False
457867,1000,0,0,,False
457883,1000,1,0,,False
45800,1000,1,1,14.0,True
458051,1000,1,1,123.0,True
458288,1000,1,1,21.0,True
4583,1000,0,0,,False
458355,1000,1,1,83.0,True
458411,1000,1,1,634.0,True
458881,1000,0,0,,False
458902,1000,0,0,,False
459047,1000,0,0,,False
459054,1000,1,1,9.0,True
459266,1000,0,0,,False
459281,1000,0,0,,False
459555,1000,0,0,,False
459569,1000,1,1,2.0,True
459687,1000,0,0,,False
459731,1000,1,0,,False
46009,1000,1,1,23.0,True
46019,1000,1,1,230.0,True
460305,1000,1,1,204.0,True
460370,1000,1,0,,False
460584,1000,0,0,,False
460682,1000,1,1,167.0,True
460822,1000,0,0,,False
460922,1000,1,1,8.0,True
460945,1000,0,0,,False
46096,1000,1,1,19.0,True
460978,1000,1,1,31.0,True
461058,1000,0,0,,False
461148,1000,0,0,,False
461259,1000,0,0,,False
461269,1000,2,1,2.0,True
461593,1000,0,0,,False
46189,1000,1,0,,False
46207,1000,1,1,467.0,True
462151,1000,2,2,1.0,True
46217,1000,0,0,,False
462250,1000,0,0,,False
462334,1000,0,0,,False
462441,1000,0,0,,False
462466,1000,0,0,,False
462487,1000,1,1,8.0,True
462545,1000,0,0,,False
462655,1000,0,0,,False
462672,1000,1,1,413.0,True
462944,1000,0,0,,False
462966,1000,1,0,,False
463096,1000,0,0,,False
463184,1000,0,0,,False
463229,1000,1,1,265.0,True
463255,1000,1,0,,False
463281,1000,1,1,2.0,True
46349,1000,1,1,4.0,True
463642,1000,1,1,934.0,True
463731,1000,1,1,64.0,True
463800,1000,1,1,6.0,True
463837,1000,0,0,,False
463848,1000,1,1,1.0,True
463951,1000,0,0,,False
464180,1000,1,1,17.0,True
464292,1000,1,1,11.0,True
464358,1000,1,1,59.0,True
4644,1000,1,1,6.0,True
464493,1000,1,1,1.0,True
464521,1000,1,1,2.0,True
464525,1000,1,1,4.0,True
464543,1000,0,0,,False
464585,1000,1,1,1.0,True
464681,1000,1,1,7.0,True
464703,1000,0,0,,False
464810,1000,0,0,,False
464981,1000,1,1,2.0,True
465200,1000,1,1,16.0,True
465287,1000,1,1,137.0,True
465329,1000,2,2,87.0,True
46549,1000,0,0,,False
465596,1000,1,1,539.0,True
465598,1000,1,1,136.0,True
465941,1000,1,1,2.0,True
466024,1000,1,1,1.0,True
466028,1000,0,0,,False
466107,1000,0,0,,False
466189,1000,1,1,43.0,True
466221,1000,0,0,,False
46628,1000,1,1,42.0,True
466295,1000,0,0,,False
466413,1000,0,0,,False
466479,1000,1,1,3.0,True
466586,1000,1,1,6.0,True
466604,1000,1,1,90.0,True
466713,1000,1,1,666.0,True
466943,1000,0,0,,False
466996,1000,0,0,,False
467232,1000,1,1,1.0,True
467250,1000,1,1,3.0,True
467372,1000,0,0,,False
467441,1000,1,1,6.0,True
467449,1000,0,0,,False
467457,1000,0,0,,False
467599,1000,1,1,10.0,True
467702,1000,1,1,4.0,True
46776,1000,1,1,890.0,True
467857,1000,1,0,,False
467924,1000,1,1,4.0,True
467991,1000,1,1,30.0,True
468442,1000,0,0,,False
468593,1000,1,0,,False
468637,1000,0,0,,False
468849,1000,1,1,245.0,True
468974,1000,0,0,,False
469043,1000,1,1,2.0,True
469173,1000,0,0,,False
469176,1000,1,1,12.0,True
469366,1000,1,1,2.0,True
469386,1000,0,0,,False
469564,1000,1,1,14.0,True
469605,1000,0,0,,False
46991,1000,0,0,,False
469910,1000,1,1,17.0,True
470135,1000,1,1,1.0,True
470196,1000,0,0,,False
470222,1000,1,1,698.0,True
470275,1000,1,1,10.0,True
470296,1000,1,1,1.0,True
470335,1000,1,1,16.0,True
470386,1000,1,1,22.0,True
47057,1000,1,1,17.0,True
470853,1000,1,1,15.0,True
470935,1000,0,0,,False
471366,1000,0,0,,False
471383,1000,0,0,,False
471505,1000,1,0,,False
471905,1000,1,1,45.0,True
471940,1000,0,0,,False
471964,1000,0,0,,False
472169,1000,1,1,4.0,True
472223,1000,1,0,,False
472467,1000,1,1,36.0,True
472487,1000,0,0,,False
472593,1000,1,1,36.0,True
472680,1000,1,1,125.0,True
472712,1000,0,0,,False
47274,1000,1,0,,False
473061,1000,1,1,3.0,True
473175,1000,1,1,13.0,True
47350,1000,1,1,1.0,True
473526,1000,1,1,1.0,True
473821,1000,0,0,,False
47387,1000,0,0,,False
474002,1000,1,1,6.0,True
474009,1000,1,0,,False
474071,1000,1,1,6.0,True
4741,1000,0,0,,False
474112,1000,0,0,,False
474126,1000,0,0,,False
474141,1000,1,1,1.0,True
474231,1000,1,1,15.0,True
474281,1000,1,1,5.0,True
47438,1000,0,0,,False
474385,1000,1,1,39.0,True
474459,1000,0,0,,False
474561,1000,0,0,,False
474611,1000,1,0,,False
474632,1000,1,0,,False
474737,1000,1,1,56.0,True
474938,1000,0,0,,False
475054,1000,0,0,,False
475433,1000,0,0,,False
475595,1000,0,0,,False
475630,1000,0,0,,False
475838,1000,1,1,35.0,True
475967,1000,0,0,,False
475973,1000,0,0,,False
476113,1000,1,1,7.0,True
476134,1000,0,0,,False
47623,1000,0,0,,False
476283,1000,1,1,73.0,True
476411,1000,1,1,191.0,True
476555,1000,1,1,59.0,True
476624,1000,0,0,,False
476814,1000,0,0,,False
476818,1000,0,0,,False
476960,1000,0,0,,False
476990,1000,1,1,84.0,True
47703,1000,0,0,,False
477081,1000,1,1,1.0,True
477101,1000,1,1,55.0,True
477165,1000,1,1,2.0,True
477271,1000,1,1,39.0,True
47728,1000,0,0,,False
477410,1000,0,0,,False
477428,1000,1,1,6.0,True
477566,1000,1,1,29.0,True
477599,1000,1,1,4.0,True
477823,1000,1,1,1.0,True
477922,1000,1,1,61.0,True
477934,1000,1,1,8.0,True
478105,1000,1,1,13.0,True
478194,1000,0,0,,False
478347,1000,1,1,1.0,True
478401,1000,1,1,6.0,True
478489,1000,1,1,51.0,True
478543,1000,1,1,121.0,True
478660,1000,0,0,,False
478712,1000,1,1,2.0,True
478884,1000,0,0,,False
478998,1000,1,1,109.0,True
4790,1000,0,0,,False
479163,1000,0,0,,False
479266,1000,0,0,,False
479680,1000,1,1,94.0,True
479719,1000,0,0,,False
47984,1000,1,1,5.0,True
479920,1000,0,0,,False
480060,1000,0,0,,False
480208,1000,0,0,,False
480262,1000,1,1,59.0,True
480405,1000,0,0,,False
48043,1000,2,0,,False
480823,1000,0,0,,False
480866,1000,1,1,5.0,True
480951,1000,0,0,,False
48115,1000,1,1,55.0,True
481167,1000,2,2,8.0,True
481790,1000,0,0,,False
481891,1000,0,0,,False
481920,1000,1,1,22.0,True
482000,1000,0,0,,False
482002,1000,0,0,,False
48207,1000,0,0,,False
482083,1000,1,1,2.0,True
482143,1000,0,0,,False
482209,1000,0,0,,False
482215,1000,1,1,9.0,True
482339,1000,0,0,,False
482343,1000,0,0,,False
482415,1000,1,1,3.0,True
48260,1000,1,1,34.0,True
482632,1000,0,0,,False
482635,1000,1,1,11.0,True
482735,1000,0,0,,False
482812,1000,1,0,,False
482814,1000,0,0,,False
482840,1000,0,0,,False
482892,1000,0,0,,False
482927,1000,0,0,,False
483062,1000,1,0,,False
483184,1000,0,0,,False
483208,1000,2,0,,False
483384,1000,0,0,,False
483572,1000,1,1,3.0,True
483906,1000,1,1,195.0,True
483949,1000,1,1,4.0,True
483953,1000,1,1,39.0,True
483983,1000,1,1,16.0,True
48408,1000,1,1,43.0,True
484153,1000,0,0,,False
484560,1000,1,1,131.0,True
484721,1000,0,0,,False
484739,1000,0,0,,False
484741,1000,0,0,,False
484781,1000,0,0,,False
484840,1000,0,0,,False
484970,1000,1,1,25.0,True
485306,1000,1,1,6.0,True
485485,1000,1,1,4.0,True
485490,1000,1,1,267.0,True
485593,1000,0,0,,False
485634,1000,1,1,112.0,True
485777,1000,1,1,27.0,True
485993,1000,0,0,,False
486106,1000,1,1,546.0,True
486188,1000,0,0,,False
486262,1000,2,2,1.0,True
486269,1000,0,0,,False
486434,1000,0,0,,False
486454,1000,1,1,33.0,True
486474,1000,1,1,1.0,True
486551,1000,0,0,,False
486741,1000,1,1,1.0,True
486774,1000,0,0,,False
486815,1000,0,0,,False
486934,1000,0,0,,False
486950,1000,0,0,,False
487067,1000,1,1,3.0,True
487259,1000,1,0,,False
487325,1000,1,1,604.0,True
487583,1000,0,0,,False
487775,1000,1,1,4.0,True
487952,1000,0,0,,False
488618,1000,1,1,7.0,True
488629,1000,1,0,,False
488659,1000,0,0,,False
48876,1000,0,0,,False
48878,1000,0,0,,False
488806,1000,1,1,12.0,True
488974,1000,0,0,,False
489058,1000,0,0,,False
489123,1000,0,0,,False
489419,1000,0,0,,False
489448,1000,2,2,13.0,True
48951,1000,1,1,4.0,True
489601,1000,1,1,1.0,True
489838,1000,0,0,,False
489951,1000,1,1,1.0,True
489963,1000,1,1,264.0,True
490174,1000,1,1,3.0,True
490510,1000,0,0,,False
490672,1000,0,0,,False
490785,1000,0,0,,False
490969,1000,1,1,823.0,True
491032,1000,0,0,,False
491159,1000,1,1,1.0,True
491239,1000,1,1,616.0,True
491520,1000,1,1,156.0,True
49161,1000,1,0,,False
491696,1000,1,0,,False
491742,1000,0,0,,False
491781,1000,0,0,,False
491975,1000,1,1,3.0,True
492081,1000,0,0,,False
492127,1000,0,0,,False
492369,1000,0,0,,False
492386,1000,0,0,,False
492725,1000,0,0,,False
492761,1000,1,1,156.0,True
492825,1000,1,1,8.0,True
492834,1000,1,0,,False
493107,1000,1,1,18.0,True
493118,1000,0,0,,False
493186,1000,0,0,,False
493299,1000,0,0,,False
493370,1000,0,0,,False
493861,1000,1,1,2.0,True
49402,1000,1,1,110.0,True
49436,1000,1,0,,False
494414,1000,0,0,,False
4945,1000,1,1,418.0,True
494586,1000,1,1,38.0,True
494624,1000,1,1,17.0,True
494665,1000,1,1,362.0,True
494916,1000,0,0,,False
494935,1000,0,0,,False
494976,1000,0,0,,False
495144,1000,0,0,,False
495145,1000,1,1,2.0,True
495164,1000,0,0,,False
495165,1000,1,1,21.0,True
495204,1000,0,0,,False
495228,1000,0,0,,False
495564,1000,0,0,,False
495610,1000,0,0,,False
495672,1000,1,1,2.0,True
495728,1000,1,1,29.0,True
495950,1000,2,2,2.0,True
495979,1000,0,0,,False
496075,1000,1,1,29.0,True
496128,1000,0,0,,False
496138,1000,0,0,,False
496192,1000,1,1,66.0,True
496228,1000,0,0,,False
496630,1000,1,1,2.0,True
49680,1000,1,0,,False
496814,1000,0,0,,False
496818,1000,0,0,,False
496918,1000,1,1,126.0,True
496966,1000,1,1,801.0,True
497035,1000,0,0,,False
497323,1000,0,0,,False
497558,1000,1,1,3.0,True
497810,1000,4,4,277.0,True
498097,1000,1,0,,False
498136,1000,0,0,,False
498187,1000,0,0,,False
498279,1000,1,1,1.0,True
498305,1000,0,0,,False
498309,1000,0,0,,False
498349,1000,1,1,8.0,True
498445,1000,1,0,,False
498455,1000,1,1,65.0,True
498521,1000,1,1,47.0,True
498570,1000,1,1,14.0,True
498577,1000,3,0,,False
498578,1000,0,0,,False
498892,1000,0,0,,False
498893,1000,1,1,2.0,True
498897,1000,1,0,,False
498910,1000,1,1,2.0,True
498926,1000,1,1,2.0,True
499001,1000,0,0,,False
499157,1000,1,1,4.0,True
499212,1000,1,1,14.0,True
499266,1000,0,0,,False
499276,1000,1,1,14.0,True
49931,1000,0,0,,False
49936,1000,1,1,1.0,True
499415,1000,1,1,37.0,True
499452,1000,1,1,48.0,True
500160,1000,1,0,,False
500237,1000,1,1,3.0,True
500317,1000,1,0,,False
500420,1000,1,1,9.0,True
500474,1000,0,0,,False
500624,1000,1,1,1.0,True
500723,1000,0,0,,False
500849,1000,0,0,,False
501041,1000,0,0,,False
501113,1000,0,0,,False
501216,1000,1,1,26.0,True
501235,1000,0,0,,False
501475,1000,0,0,,False
501596,1000,0,0,,False
501718,1000,1,1,33.0,True
50195,1000,0,0,,False
502036,1000,0,0,,False
502160,1000,0,0,,False
502268,1000,0,0,,False
502269,1000,1,1,192.0,True
502278,1000,1,1,2.0,True
502418,1000,0,0,,False
502469,1000,1,0,,False
502548,1000,1,1,3.0,True
502579,1000,1,1,39.0,True
502756,1000,1,1,21.0,True
502850,1000,1,1,4.0,True
502873,1000,0,0,,False
502901,1000,1,1,4.0,True
502962,1000,0,0,,False
503022,1000,0,0,,False
503428,1000,1,0,,False
503515,1000,1,1,697.0,True
503611,1000,1,0,,False
503623,1000,2,0,,False
503650,1000,0,0,,False
503778,1000,1,0,,False
503885,1000,1,0,,False
503954,1000,2,1,6.0,True
503992,1000,0,0,,False
50401,1000,1,1,131.0,True
504075,1000,0,0,,False
504148,1000,0,0,,False
504179,1000,1,1,54.0,True
504280,1000,1,0,,False
504332,1000,2,2,9.0,True
504476,1000,1,1,1.0,True
504561,1000,1,0,,False
504614,1000,0,0,,False
504710,1000,0,0,,False
504781,1000,1,1,6.0,True
504805,1000,1,1,1.0,True
504942,1000,0,0,,False
505063,1000,1,1,10.0,True
505158,1000,2,2,1.0,True
505269,1000,1,1,23.0,True
50527,1000,1,1,4.0,True
505389,1000,0,0,,False
505509,1000,0,0,,False
505515,1000,1,1,1.0,True
505516,1000,1,1,13.0,True
505557,1000,1,0,,False
505612,1000,1,1,131.0,True
505826,1000,1,1,9.0,True
505901,1000,1,1,1.0,True
505904,1000,1,0,,False
50593,1000,0,0,,False
505946,1000,3,1,715.0,True
505970,1000,1,0,,False
505990,1000,0,0,,False
506157,1000,0,0,,False
50629,1000,2,0,,False
506294,1000,0,0,,False
506302,1000,0,0,,False
506371,1000,1,1,8.0,True
506373,1000,0,0,,False
506436,1000,2,2,1.0,True
506441,1000,1,1,5.0,True
506554,1000,0,0,,False
506607,1000,1,1,811.0,True
506633,1000,1,1,115.0,True
50679,1000,0,0,,False
50692,1000,1,1,34.0,True
507008,1000,1,1,31.0,True
507044,1000,1,0,,False
507061,1000,1,0,,False
507144,1000,0,0,,False
507261,1000,1,1,112.0,True
50728,1000,1,0,,False
5077,1000,1,1,13.0,True
508303,1000,0,0,,False
508458,1000,1,0,,False
50868,1000,1,1,5.0,True
508823,1000,1,1,221.0,True
508927,1000,1,1,187.0,True
508954,1000,1,1,2.0,True
509312,1000,2,1,9.0,True
509313,1000,1,1,4.0,True
509830,1000,1,1,629.0,True
510195,1000,0,0,,False
510321,1000,0,0,,False
510382,1000,0,0,,False
51045,1000,2,2,2.0,True
51060,1000,2,2,22.0,True
510611,1000,0,0,,False
510684,1000,0,0,,False
510711,1000,0,0,,False
510722,1000,1,1,54.0,True
510775,1000,0,0,,False
511014,1000,0,0,,False
51110,1000,0,0,,False
511137,1000,1,1,313.0,True
511424,1000,0,0,,False
511482,1000,1,1,124.0,True
511497,1000,1,1,461.0,True
511521,1000,1,1,322.0,True
511538,1000,1,1,2.0,True
511577,1000,2,0,,False
511582,1000,1,1,9.0,True
511604,1000,1,1,194.0,True
511618,1000,1,1,218.0,True
511665,1000,1,0,,False
51176,1000,1,0,,False
511940,1000,1,1,172.0,True
51198,1000,1,1,34.0,True
512051,1000,1,1,46.0,True
512126,1000,1,1,1.0,True
512128,1000,1,1,117.0,True
512319,1000,1,1,1.0,True
512460,1000,1,1,16.0,True
51256,1000,4,4,17.0,True
512571,1000,0,0,,False
512587,1000,2,0,,False
512617,1000,1,1,290.0,True
512742,1000,0,0,,False
512868,1000,1,1,18.0,True
512876,1000,1,1,380.0,True
512911,1000,2,2,26.0,True
512983,1000,1,0,,False
513082,1000,1,1,29.0,True
513352,1000,1,1,12.0,True
51340,1000,2,1,67.0,True
513435,1000,0,0,,False
513539,1000,0,0,,False
513640,1000,1,1,11.0,True
513867,1000,0,0,,False
513935,1000,0,0,,False
514025,1000,2,2,22.0,True
514044,1000,1,1,59.0,True
514081,1000,0,0,,False
514193,1000,0,0,,False
514516,1000,0,0,,False
514794,1000,1,1,777.0,True
514796,1000,1,1,67.0,True
514809,1000,1,1,250.0,True
514856,1000,0,0,,False
514893,1000,0,0,,False
514946,1000,0,0,,False
514977,1000,1,1,12.0,True
514982,1000,1,1,1.0,True
51516,1000,2,2,69.0,True
515304,1000,1,0,,False
515311,1000,1,1,160.0,True
515486,1000,1,1,20.0,True
515491,1000,0,0,,False
51558,1000,1,1,9.0,True
515610,1000,0,0,,False
515745,1000,0,0,,False
515863,1000,0,0,,False
516075,1000,0,0,,False
516202,1000,1,1,271.0,True
516248,1000,1,1,151.0,True
516327,1000,1,1,252.0,True
516662,1000,1,1,132.0,True
516733,1000,0,0,,False
516907,1000,1,1,70.0,True
51702,1000,0,0,,False
517047,1000,0,0,,False
517166,1000,1,0,,False
517358,1000,1,1,4.0,True
517359,1000,1,1,4.0,True
517428,1000,1,1,2.0,True
517461,1000,0,0,,False
517464,1000,1,1,5.0,True
517540,1000,0,0,,False
51763,1000,1,1,86.0,True
517714,1000,0,0,,False
517733,1000,2,2,230.0,True
517839,1000,0,0,,False
517881,1000,0,0,,False
51797,1000,0,0,,False
51798,1000,1,1,26.0,True
518057,1000,1,1,1.0,True
518083,1000,1,1,28.0,True
518128,1000,0,0,,False
518304,1000,0,0,,False
518778,1000,1,1,162.0,True
518998,1000,0,0,,False
519077,1000,1,0,,False
519190,1000,0,0,,False
519196,1000,1,0,,False
51924,1000,1,0,,False
519275,1000,0,0,,False
519310,1000,0,0,,False
519320,1000,1,1,8.0,True
519393,1000,0,0,,False
5194,1000,0,0,,False
519608,1000,1,1,2.0,True
519707,1000,0,0,,False
519733,1000,0,0,,False
519774,1000,1,1,3.0,True
519981,1000,0,0,,False
520044,1000,0,0,,False
520123,1000,0,0,,False
520152,1000,3,2,4.0,True
520219,1000,0,0,,False
520276,1000,0,0,,False
520331,1000,0,0,,False
52045,1000,0,0,,False
520740,1000,1,1,17.0,True
520787,1000,0,0,,False
520998,1000,0,0,,False
521008,1000,0,0,,False
521169,1000,0,0,,False
521243,1000,0,0,,False
521352,1000,0,0,,False
52140,1000,0,0,,False
521410,1000,0,0,,False
52143,1000,1,1,53.0,True
521437,1000,0,0,,False
52149,1000,0,0,,False
521575,1000,1,1,1.0,True
52170,1000,0,0,,False
52178,1000,1,1,28.0,True
52185,1000,0,0,,False
521855,1000,0,0,,False
521865,1000,1,1,1.0,True
521916,1000,0,0,,False
521965,1000,1,1,100.0,True
522065,1000,1,1,93.0,True
522080,1000,0,0,,False
522349,1000,0,0,,False
522388,1000,0,0,,False
522407,1000,1,1,6.0,True
522577,1000,4,2,2.0,True
522662,1000,0,0,,False
523139,1000,1,1,85.0,True
523194,1000,1,1,6.0,True
523365,1000,3,3,6.0,True
523386,1000,1,1,151.0,True
523405,1000,0,0,,False
523615,1000,1,1,6.0,True
523900,1000,1,0,,False
52398,1000,0,0,,False
524000,1000,1,1,60.0,True
524047,1000,1,0,,False
524048,1000,0,0,,False
524115,1000,1,1,946.0,True
524189,1000,0,0,,False
524275,1000,1,1,14.0,True
524395,1000,0,0,,False
524489,1000,0,0,,False
52455,1000,1,1,2.0,True
52464,1000,1,1,323.0,True
525042,1000,0,0,,False
525114,1000,1,1,1.0,True
525376,1000,0,0,,False
525491,1000,1,1,2.0,True
525563,1000,0,0,,False
525601,1000,0,0,,False
525639,1000,1,1,7.0,True
525712,1000,1,1,1.0,True
525751,1000,0,0,,False
525829,1000,1,1,1.0,True
525985,1000,0,0,,False
526436,1000,0,0,,False
526439,1000,1,1,74.0,True
526442,1000,1,1,162.0,True
526575,1000,1,1,38.0,True
526733,1000,0,0,,False
527515,1000,1,0,,False
527517,1000,0,0,,False
527519,1000,0,0,,False
527567,1000,1,1,1.0,True
527873,1000,1,1,64.0,True
527946,1000,0,0,,False
527982,1000,1,1,7.0,True
5280,1000,2,2,33.0,True
528005,1000,0,0,,False
528069,1000,1,0,,False
528089,1000,0,0,,False
528309,1000,0,0,,False
52840,1000,0,0,,False
528468,1000,0,0,,False
528492,1000,0,0,,False
528771,1000,0,0,,False
52897,1000,0,0,,False
5290,1000,0,0,,False
529010,1000,3,3,39.0,True
529080,1000,0,0,,False
52923,1000,1,1,89.0,True
529544,1000,0,0,,False
529603,1000,1,0,,False
529606,1000,1,1,24.0,True
529614,1000,0,0,,False
529619,1000,1,1,35.0,True
529733,1000,0,0,,False
529751,1000,0,0,,False
529763,1000,0,0,,False
52991,1000,1,1,2.0,True
53019,1000,1,0,,False
530227,1000,1,0,,False
530243,1000,0,0,,False
530323,1000,1,1,370.0,True
530358,1000,0,0,,False
53040,1000,0,0,,False
530413,1000,2,1,4.0,True
530525,1000,1,1,1.0,True
530673,1000,0,0,,False
530920,1000,1,1,2.0,True
530925,1000,1,0,,False
531005,1000,0,0,,False
531040,1000,1,1,192.0,True
531143,1000,0,0,,False
531147,1000,0,0,,False
531347,1000,0,0,,False
531681,1000,1,1,17.0,True
531757,1000,1,1,2.0,True
531909,1000,0,0,,False
531924,1000,0,0,,False
532292,1000,0,0,,False
532300,1000,0,0,,False
532509,1000,1,0,,False
532571,1000,1,1,1.0,True
532801,1000,0,0,,False
532807,1000,1,1,13.0,True
532814,1000,1,0,,False
53283,1000,1,0,,False
532835,1000,1,0,,False
533006,1000,0,0,,False
533162,1000,1,0,,False
533338,1000,0,0,,False
533486,1000,0,0,,False
53350,1000,0,0,,False
533539,1000,1,1,15.0,True
533585,1000,0,0,,False
533600,1000,0,0,,False
533680,1000,1,0,,False
533811,1000,0,0,,False
533849,1000,0,0,,False
533934,1000,1,1,1.0,True
534063,1000,0,0,,False
534089,1000,0,0,,False
534289,1000,0,0,,False
534386,1000,1,1,3.0,True
534416,1000,0,0,,False
534580,1000,0,0,,False
534691,1000,1,0,,False
534740,1000,2,1,954.0,True
534843,1000,0,0,,False
534979,1000,1,1,7.0,True
535081,1000,1,1,8.0,True
535213,1000,0,0,,False
5353,1000,1,1,11.0,True
535435,1000,2,2,2.0,True
535485,1000,1,1,13.0,True
535615,1000,1,1,1.0,True
535926,1000,0,0,,False
535937,1000,0,0,,False
535939,1000,0,0,,False
535983,1000,1,1,5.0,True
53625,1000,1,0,,False
536325,1000,1,1,1.0,True
536491,1000,2,2,240.0,True
536805,1000,1,0,,False
536817,1000,1,1,1.0,True
536875,1000,0,0,,False
537154,1000,2,2,2.0,True
537231,1000,1,1,2.0,True
537250,1000,1,1,54.0,True
537285,1000,0,0,,False
537362,1000,1,1,2.0,True
537483,1000,0,0,,False
537490,1000,0,0,,False
537557,1000,0,0,,False
537824,1000,1,1,32.0,True
537887,1000,1,0,,False
537909,1000,1,1,4.0,True
537972,1000,0,0,,False
538065,1000,1,1,4.0,True
538068,1000,0,0,,False
538113,1000,1,1,548.0,True
538124,1000,0,0,,False
538157,1000,0,0,,False
538218,1000,1,1,3.0,True
538689,1000,0,0,,False
538707,1000,1,1,1.0,True
539015,1000,2,2,1.0,True
539144,1000,0,0,,False
539436,1000,1,1,111.0,True
539455,1000,1,1,144.0,True
539778,1000,1,1,15.0,True
540079,1000,1,1,3.0,True
540089,1000,0,0,,False
540139,1000,0,0,,False
540814,1000,1,1,4.0,True
540867,1000,1,1,1.0,True
540884,1000,1,1,10.0,True
540928,1000,0,0,,False
541037,1000,0,0,,False
541140,1000,1,1,65.0,True
54135,1000,0,0,,False
541375,1000,1,1,1.0,True
541533,1000,0,0,,False
541782,1000,0,0,,False
541867,1000,0,0,,False
541915,1000,0,0,,False
541953,1000,0,0,,False
541989,1000,1,1,1.0,True
542016,1000,0,0,,False
542041,147,1,1,107.0,True
542089,1000,0,0,,False
542122,1000,1,1,2.0,True
542138,1000,1,1,64.0,True
542224,1000,0,0,,False
542312,1000,0,0,,False
5424,1000,0,0,,False
542470,1000,2,1,2.0,True
542478,1000,1,1,3.0,True
542484,1000,0,0,,False
542508,1000,1,1,2.0,True
542670,1000,1,1,2.0,True
542766,1000,1,1,2.0,True
542900,1000,0,0,,False
54298,1000,0,0,,False
543145,1000,1,1,54.0,True
543158,1000,1,0,,False
543244,1000,1,1,292.0,True
543431,1000,1,1,6.0,True
543524,1000,0,0,,False
543696,1000,1,0,,False
543708,1000,0,0,,False
543830,1000,0,0,,False
543852,1000,0,0,,False
543880,1000,1,1,34.0,True
544016,1000,0,0,,False
544066,1000,1,1,6.0,True
54419,1000,0,0,,False
544412,1000,1,1,5.0,True
544687,1000,0,0,,False
544692,1000,1,1,7.0,True
54470,1000,0,0,,False
544868,1000,0,0,,False
544934,1000,1,1,265.0,True
54497,1000,1,1,1.0,True
54499,1000,0,0,,False
545150,1000,1,1,319.0,True
545160,1000,1,1,36.0,True
545304,1000,1,1,4.0,True
545444,1000,1,1,2.0,True
545495,1000,1,1,19.0,True
545664,1000,2,2,7.0,True
545740,1000,1,1,55.0,True
545822,1000,1,1,29.0,True
545861,1000,1,1,20.0,True
545957,1000,1,1,9.0,True
545979,1000,1,1,27.0,True
546163,1000,0,0,,False
546211,1000,0,0,,False
546246,1000,1,1,9.0,True
546355,1000,0,0,,False
546390,1000,1,1,3.0,True
546543,1000,0,0,,False
546626,1000,1,1,21.0,True
546776,1000,0,0,,False
546787,1000,0,0,,False
546893,1000,0,0,,False
547056,1000,1,1,240.0,True
547128,1000,1,1,7.0,True
547191,1000,1,0,,False
547340,1000,0,0,,False
547424,1000,1,0,,False
54749,1000,1,1,368.0,True
547730,1000,1,1,537.0,True
54780,1000,0,0,,False
547949,1000,0,0,,False
54809,1000,0,0,,False
548208,1000,0,0,,False
548223,1000,1,0,,False
548448,1000,1,1,1.0,True
548579,1000,1,1,1.0,True
548636,1000,1,0,,False
548721,1000,1,1,90.0,True
548757,1000,1,1,8.0,True
548759,1000,1,1,1.0,True
548764,1000,0,0,,False
548795,1000,1,1,22.0,True
548911,1000,0,0,,False
548963,1000,0,0,,False
549000,1000,1,1,21.0,True
549086,1000,0,0,,False
549136,1000,1,0,,False
549183,1000,1,0,,False
549429,1000,0,0,,False
549430,1000,1,1,4.0,True
549642,1000,0,0,,False
549744,1000,1,1,1.0,True
550017,1000,1,1,360.0,True
550068,1000,1,1,13.0,True
550139,1000,1,1,48.0,True
550199,1000,0,0,,False
550278,1000,1,1,12.0,True
550359,1000,1,1,2.0,True
55042,1000,1,1,2.0,True
550421,1000,1,0,,False
550677,1000,1,1,1.0,True
550726,1000,1,1,78.0,True
550793,1000,1,0,,False
551125,1000,0,0,,False
551150,1000,1,1,153.0,True
551151,1000,0,0,,False
551155,1000,1,1,436.0,True
551180,1000,1,1,504.0,True
551328,1000,1,0,,False
55133,1000,1,0,,False
55150,1000,1,1,14.0,True
551524,1000,1,1,102.0,True
551569,1000,1,0,,False
55204,1000,0,0,,False
552189,1000,0,0,,False
552200,1000,1,1,334.0,True
552224,1000,1,1,1.0,True
552572,1000,0,0,,False
552594,1000,0,0,,False
552827,1000,1,1,4.0,True
552839,1000,1,1,98.0,True
553010,1000,1,1,6.0,True
553020,1000,1,1,1.0,True
553050,1000,0,0,,False
553276,1000,0,0,,False
553320,1000,2,2,63.0,True
553337,1000,2,2,62.0,True
553389,1000,0,0,,False
553494,1000,1,0,,False
553559,1000,1,1,39.0,True
553589,1000,1,1,12.0,True
553693,1000,1,1,710.0,True
553889,1000,0,0,,False
553944,1000,0,0,,False
554187,1000,1,1,10.0,True
554236,1000,0,0,,False
554302,1000,1,1,68.0,True
554398,1000,1,1,19.0,True
554484,1000,1,1,61.0,True
554518,1000,1,1,55.0,True
554779,1000,1,1,10.0,True
554830,1000,1,1,40.0,True
554845,1000,1,1,1.0,True
555026,1000,1,1,349.0,True
555148,1000,1,1,31.0,True
555474,1000,0,0,,False
555653,1000,0,0,,False
555666,1000,1,1,8.0,True
555746,1000,1,1,3.0,True
555782,1000,1,1,17.0,True
555860,1000,1,0,,False
555900,1000,0,0,,False
555927,1000,2,2,64.0,True
555956,1000,0,0,,False
555969,1000,2,2,296.0,True
556053,1000,1,0,,False
556086,1000,1,1,440.0,True
556409,1000,0,0,,False
55647,1000,1,1,21.0,True
556530,1000,2,2,305.0,True
556542,1000,1,1,4.0,True
556590,1000,1,1,2.0,True
556672,1000,0,0,,False
556822,1000,1,1,1.0,True
556845,1000,0,0,,False
556861,1000,0,0,,False
55713,1000,0,0,,False
557229,1000,1,0,,False
557235,1000,0,0,,False
557354,1000,1,1,129.0,True
557505,1000,1,0,,False
55753,1000,0,0,,False
557546,1000,0,0,,False
557549,1000,0,0,,False
557551,1000,0,0,,False
557628,1000,1,1,1.0,True
557691,1000,0,0,,False
557716,1000,0,0,,False
557722,1000,2,0,,False
557772,1000,1,1,65.0,True
557891,1000,1,1,738.0,True
558080,1000,0,0,,False
558180,1000,2,2,7.0,True
558277,1000,1,1,34.0,True
558291,1000,1,1,4.0,True
558603,1000,1,1,3.0,True
558646,1000,1,1,119.0,True
55869,1000,1,0,,False
558856,1000,1,1,26.0,True
558860,1000,0,0,,False
558869,1000,0,0,,False
558895,1000,0,0,,False
558919,1000,0,0,,False
559023,1000,1,1,2.0,True
559076,1000,0,0,,False
559511,1000,1,0,,False
559675,1000,1,1,6.0,True
559750,1000,1,0,,False
559830,1000,4,2,5.0,True
559919,1000,2,2,6.0,True
559945,1000,1,1,2.0,True
560121,1000,1,0,,False
560392,1000,1,1,68.0,True
560515,1000,1,1,6.0,True
560597,1000,1,1,326.0,True
560668,1000,1,1,52.0,True
56073,1000,0,0,,False
560872,1000,1,0,,False
560907,1000,0,0,,False
560933,1000,0,0,,False
561123,1000,0,0,,False
561240,1000,0,0,,False
561299,1000,1,1,2.0,True
561498,1000,1,1,49.0,True
561785,1000,1,1,3.0,True
561795,1000,1,1,4.0,True
561799,1000,0,0,,False
561804,1000,1,1,2.0,True
562186,1000,1,0,,False
562291,1000,1,0,,False
562410,1000,1,1,4.0,True
562733,1000,0,0,,False
5628,1000,1,1,11.0,True
562804,1000,1,1,115.0,True
562885,1000,1,1,653.0,True
562899,1000,1,1,180.0,True
563092,1000,1,1,10.0,True
563140,1000,1,0,,False
563289,1000,1,1,374.0,True
563356,1000,1,0,,False
563412,1000,1,0,,False
563429,1000,1,1,126.0,True
563516,1000,0,0,,False
563559,1000,0,0,,False
563587,1000,1,0,,False
563602,1000,1,1,7.0,True
564046,1000,1,1,20.0,True
564114,1000,1,1,1.0,True
56415,1000,0,0,,False
564163,1000,1,1,157.0,True
564413,1000,0,0,,False
564432,1000,0,0,,False
564466,1000,1,1,17.0,True
564556,1000,1,0,,False
564662,1000,1,1,14.0,True
564702,1000,0,0,,False
564832,1000,1,1,118.0,True
564914,1000,0,0,,False
564994,1000,0,0,,False
565101,1000,1,1,8.0,True
565232,1000,0,0,,False
565281,1000,1,0,,False
565347,1000,1,1,3.0,True
565405,1000,1,0,,False
565426,1000,3,2,458.0,True
565433,1000,2,1,66.0,True
565444,1000,1,1,4.0,True
565471,1000,0,0,,False
565598,1000,0,0,,False
565785,1000,1,1,144.0,True
565964,1000,0,0,,False
56597,1000,1,1,29.0,True
566176,1000,0,0,,False
566244,1000,1,0,,False
566635,1000,0,0,,False
566781,1000,1,0,,False
566923,1000,0,0,,False
567013,1000,0,0,,False
567052,1000,1,1,2.0,True
567059,1000,0,0,,False
56710,1000,1,1,12.0,True
56718,1000,1,1,7.0,True
567247,1000,1,1,218.0,True
567379,1000,1,1,672.0,True
567504,1000,1,1,1.0,True
567896,1000,2,2,5.0,True
568081,1000,1,1,37.0,True
568098,1000,2,1,380.0,True
568210,1000,1,0,,False
568252,1000,0,0,,False
568256,1000,3,3,2.0,True
568277,1000,0,0,,False
568590,1000,0,0,,False
568761,1000,0,0,,False
56878,1000,1,0,,False
568786,1000,0,0,,False
568921,1000,1,1,1.0,True
568929,1000,1,1,11.0,True
568996,1000,1,1,29.0,True
569029,1000,1,1,376.0,True
569030,1000,0,0,,False
569138,1000,1,1,135.0,True
569148,1000,0,0,,False
569374,1000,1,1,102.0,True
56948,1000,0,0,,False
569583,1000,5,1,57.0,True
56974,1000,1,1,2.0,True
569746,1000,1,1,31.0,True
569770,1000,1,1,9.0,True
57007,1000,2,2,15.0,True
570105,1000,1,1,49.0,True
570177,1000,1,1,53.0,True
570214,1000,1,0,,False
570394,1000,1,1,277.0,True
570401,1000,1,1,8.0,True
570494,1000,3,1,11.0,True
570582,1000,1,0,,False
57059,1000,0,0,,False
570860,1000,0,0,,False
570872,1000,1,0,,False
570965,1000,1,1,34.0,True
571283,1000,0,0,,False
571412,1000,0,0,,False
571518,1000,1,1,20.0,True
571982,1000,1,1,13.0,True
572429,1000,1,0,,False
57252,1000,1,1,769.0,True
572527,1000,0,0,,False
572558,1000,1,1,15.0,True
572740,1000,0,0,,False
572827,1000,0,0,,False
572852,1000,1,0,,False
572989,1000,1,0,,False
57310,1000,1,1,8.0,True
573113,1000,2,2,164.0,True
573286,1000,0,0,,False
573299,1000,1,0,,False
573336,1000,1,1,83.0,True
573461,1000,1,1,136.0,True
573534,1000,2,2,6.0,True
573667,1000,1,1,37.0,True
573762,1000,0,0,,False
573921,1000,0,0,,False
573955,1000,0,0,,False
574027,1000,1,1,1.0,True
574423,1000,1,0,,False
574491,1000,0,0,,False
574588,1000,0,0,,False
574605,1000,1,0,,False
574653,1000,1,1,317.0,True
574698,1000,1,1,1.0,True
574792,1000,1,1,21.0,True
574849,1000,0,0,,False
57492,1000,1,0,,False
575007,1000,1,1,2.0,True
575018,1000,0,0,,False
575026,1000,1,1,132.0,True
575161,1000,1,1,117.0,True
575197,1000,0,0,,False
575415,1000,0,0,,False
575441,1000,0,0,,False
575835,1000,0,0,,False
575856,1000,0,0,,False
575967,1000,1,1,10.0,True
576114,1000,1,1,594.0,True
576126,1000,0,0,,False
576280,1000,0,0,,False
576300,1000,1,1,4.0,True
576363,1000,1,1,11.0,True
57644,1000,1,1,1.0,True
576661,1000,1,1,189.0,True
576877,1000,1,1,64.0,True
577265,1000,1,0,,False
577291,1000,1,1,8.0,True
577307,1000,0,0,,False
577324,1000,1,1,9.0,True
577386,1000,1,0,,False
577388,1000,1,1,2.0,True
577402,1000,1,1,3.0,True
577566,1000,0,0,,False
577651,1000,1,1,741.0,True
577780,1000,1,1,1.0,True
577939,1000,0,0,,False
578029,1000,1,1,66.0,True
578235,1000,0,0,,False
578253,1000,1,1,7.0,True
578299,1000,1,1,1.0,True
57836,1000,1,0,,False
57842,1000,0,0,,False
578541,1000,0,0,,False
578694,1000,0,0,,False
578715,1000,1,0,,False
578950,1000,1,0,,False
579155,1000,1,0,,False
579172,1000,1,1,19.0,True
579331,1000,1,1,232.0,True
579416,1000,0,0,,False
579632,1000,1,1,325.0,True
579802,1000,0,0,,False
579833,1000,0,0,,False
579872,1000,1,1,205.0,True
579893,1000,0,0,,False
580177,1000,0,0,,False
580260,1000,1,1,1.0,True
580325,1000,0,0,,False
580333,1000,1,1,65.0,True
580360,1000,1,1,43.0,True
580366,1000,1,0,,False
580373,1000,0,0,,False
58038,1000,1,1,4.0,True
580387,1000,1,1,5.0,True
580809,1000,0,0,,False
580839,1000,0,0,,False
58103,1000,0,0,,False
581197,1000,0,0,,False
581208,1000,1,1,1.0,True
581231,1000,1,1,10.0,True
581657,1000,1,0,,False
582099,1000,0,0,,False
582277,1000,2,2,1.0,True
582292,1000,1,1,66.0,True
582584,1000,1,1,133.0,True
582642,1000,1,1,22.0,True
582671,1000,2,2,7.0,True
582722,1000,0,0,,False
58280,1000,0,0,,False
583041,1000,1,1,291.0,True
583087,1000,0,0,,False
583230,1000,1,1,1.0,True
583268,1000,0,0,,False
583300,1000,1,1,3.0,True
58344,1000,0,0,,False
5835,1000,0,0,,False
583569,1000,1,1,218.0,True
58357,1000,0,0,,False
583771,1000,1,0,,False
583778,1000,1,0,,False
583810,1000,1,1,67.0,True
583944,1000,1,1,68.0,True
584133,1000,1,1,19.0,True
584158,1000,0,0,,False
584184,1000,1,1,2.0,True
584228,1000,2,2,80.0,True
58423,1000,0,0,,False
584267,1000,1,0,,False
584403,1000,0,0,,False
584508,1000,1,1,74.0,True
584515,1000,1,1,2.0,True
584520,1000,1,1,222.0,True
584605,1000,1,1,52.0,True
584837,1000,2,0,,False
584838,1000,0,0,,False
584908,1000,2,2,1.0,True
584975,1000,1,1,1.0,True
584987,1000,1,1,763.0,True
585223,1000,1,1,9.0,True
585462,1000,1,1,7.0,True
585584,1000,2,1,253.0,True
585636,1000,1,1,5.0,True
585753,1000,1,0,,False
58591,1000,0,0,,False
585923,1000,2,1,480.0,True
586095,1000,3,0,,False
586247,1000,1,1,279.0,True
586270,1000,1,1,130.0,True
586312,1000,1,0,,False
586359,1000,0,0,,False
586460,1000,1,1,26.0,True
586552,1000,0,0,,False
586584,1000,1,1,3.0,True
586624,1000,1,1,717.0,True
586942,1000,1,1,5.0,True
587048,1000,1,1,9.0,True
587431,1000,0,0,,False
587772,1000,1,0,,False
588019,1000,1,1,37.0,True
58810,1000,0,0,,False
588182,1000,2,0,,False
588446,1000,1,0,,False
588449,1000,1,1,477.0,True
588653,1000,2,2,705.0,True
588700,1000,1,1,20.0,True
58874,1000,1,1,1.0,True
588870,1000,1,1,73.0,True
588884,1000,1,1,2.0,True
588970,1000,1,0,,False
588986,1000,1,1,5.0,True
588996,1000,0,0,,False
58912,1000,1,1,7.0,True
589202,1000,0,0,,False
589238,1000,1,0,,False
589366,1000,1,1,78.0,True
58947,1000,0,0,,False
589522,1000,0,0,,False
589666,1000,1,1,116.0,True
589829,1000,1,1,1.0,True
589934,1000,1,1,412.0,True
590020,1000,0,0,,False
590035,1000,0,0,,False
59011,1000,1,0,,False
590214,1000,1,1,14.0,True
590370,1000,2,1,123.0,True
590468,1000,1,1,40.0,True
590535,1000,0,0,,False
590582,1000,2,2,118.0,True
590594,1000,1,1,334.0,True
590627,1000,2,0,,False
590629,1000,0,0,,False
590923,1000,0,0,,False
591122,1000,1,1,2.0,True
591179,1000,0,0,,False
591210,1000,2,2,56.0,True
591232,1000,0,0,,False
591248,1000,1,1,211.0,True
591328,1000,1,1,9.0,True
591405,1000,0,0,,False
591420,1000,0,0,,False
591510,1000,1,0,,False
591765,1000,0,0,,False
591805,1000,1,1,23.0,True
59222,1000,2,2,23.0,True
592221,1000,0,0,,False
592453,1000,1,1,24.0,True
59258,1000,1,1,9.0,True
592594,1000,1,0,,False
592634,1000,1,1,4.0,True
592844,1000,0,0,,False
593150,1000,1,0,,False
593375,1000,0,0,,False
593411,1000,1,1,56.0,True
593456,1000,1,0,,False
593494,1000,1,1,51.0,True
594158,1000,1,0,,False
594190,1000,1,1,16.0,True
594197,1000,0,0,,False
594235,1000,1,1,258.0,True
594256,1000,1,0,,False
594349,1000,0,0,,False
594648,1000,1,1,16.0,True
594730,1000,2,2,25.0,True
594919,1000,0,0,,False
595241,1000,1,0,,False
595362,1000,1,1,10.0,True
595453,1000,0,0,,False
59551,1000,0,0,,False
595584,1000,0,0,,False
595742,1000,0,0,,False
59587,1000,0,0,,False
59595,1000,2,2,455.0,True
596173,1000,0,0,,False
596189,1000,1,1,3.0,True
59622,1000,0,0,,False
596264,1000,0,0,,False
596304,1000,1,1,21.0,True
596309,1000,0,0,,False
596619,1000,0,0,,False
596687,1000,1,0,,False
596791,1000,0,0,,False
596817,1000,1,1,1.0,True
59686,1000,1,1,295.0,True
596864,1000,1,1,89.0,True
59687,1000,0,0,,False
596874,1000,0,0,,False
597076,1000,1,1,2.0,True
597123,1000,1,0,,False
597190,1000,1,1,9.0,True
597284,1000,0,0,,False
597310,1000,1,0,,False
597452,1000,0,0,,False
597565,1000,0,0,,False
597707,1000,1,1,106.0,True
597886,1000,1,0,,False
59791,1000,2,2,85.0,True
598021,1000,1,1,11.0,True
598074,1000,1,1,1.0,True
598170,1000,1,1,4.0,True
598183,1000,1,1,37.0,True
598299,1000,1,1,58.0,True
598311,1000,1,1,3.0,True
598356,1000,1,1,205.0,True
598411,1000,1,1,2.0,True
598416,1000,0,0,,False
598752,1000,0,0,,False
599082,1000,0,0,,False
599217,1000,0,0,,False
599339,1000,0,0,,False
599416,1000,1,1,6.0,True
599579,1000,0,0,,False
599595,1000,0,0,,False
599636,1000,0,0,,False
599682,1000,0,0,,False
599798,1000,1,1,8.0,True
599969,1000,1,1,279.0,True
600096,1000,1,1,2.0,True
600118,1000,1,1,1.0,True
600460,1000,0,0,,False
600487,1000,0,0,,False
600650,1000,1,1,80.0,True
60087,1000,0,0,,False
600931,1000,1,0,,False
600943,1000,1,1,36.0,True
600962,1000,0,0,,False
600974,1000,0,0,,False
601132,1000,0,0,,False
601167,1000,1,1,179.0,True
601234,1000,0,0,,False
601338,1000,0,0,,False
601358,1000,2,1,1.0,True
601407,1000,0,0,,False
601445,1000,0,0,,False
601535,1000,0,0,,False
601551,1000,0,0,,False
601579,1000,1,1,8.0,True
601677,1000,1,0,,False
601708,1000,1,0,,False
601948,1000,1,1,10.0,True
601966,1000,1,1,448.0,True
601969,1000,1,1,531.0,True
60204,1000,1,1,29.0,True
602109,1000,1,1,2.0,True
602240,1000,1,1,104.0,True
602641,1000,1,1,5.0,True
602661,1000,1,1,575.0,True
602664,1000,1,1,25.0,True
602909,1000,1,1,4.0,True
602995,1000,1,1,285.0,True
60337,1000,1,1,4.0,True
603551,1000,1,0,,False
603581,1000,1,1,8.0,True
603591,1000,1,1,1.0,True
603651,1000,1,1,2.0,True
603748,1000,1,1,6.0,True
603877,1000,1,1,13.0,True
603939,1000,1,1,517.0,True
603949,1000,1,1,128.0,True
603962,1000,1,1,4.0,True
604058,1000,1,1,4.0,True
604072,1000,1,1,9.0,True
604151,1000,2,2,20.0,True
604191,1000,1,1,1.0,True
604206,1000,1,1,184.0,True
604217,1000,1,0,,False
604359,1000,1,1,1.0,True
604399,1000,0,0,,False
604406,1000,1,1,7.0,True
604525,1000,1,1,41.0,True
604682,1000,1,1,50.0,True
60486,1000,1,1,29.0,True
604928,1000,1,1,13.0,True
605163,1000,1,1,45.0,True
605355,1000,1,1,2.0,True
605569,1000,1,1,3.0,True
605694,1000,1,1,4.0,True
606001,1000,1,1,2.0,True
60610,1000,1,1,93.0,True
606213,1000,1,1,1.0,True
606214,1000,1,1,2.0,True
606332,1000,1,1,1.0,True
606394,1000,1,1,12.0,True
606720,1000,1,1,1.0,True
606903,1000,0,0,,False
606988,1000,1,1,6.0,True
607433,1000,0,0,,False
607434,1000,1,1,11.0,True
607517,1000,1,1,39.0,True
607587,1000,1,1,7.0,True
60781,1000,1,0,,False
607898,1000,1,1,5.0,True
607921,1000,1,1,14.0,True
608074,1000,1,1,119.0,True
608213,1000,1,1,4.0,True
608543,1000,1,1,6.0,True
608565,1000,1,1,2.0,True
60869,1000,1,1,5.0,True
608856,1000,1,1,13.0,True
608927,1000,1,1,4.0,True
609003,1000,1,1,9.0,True
609175,1000,1,1,5.0,True
609508,1000,1,1,20.0,True
609625,1000,1,1,1.0,True
609697,1000,1,1,21.0,True
609797,1000,1,1,5.0,True
609813,1000,1,1,1.0,True
609890,1000,1,0,,False
609997,1000,1,1,13.0,True
610012,1000,1,1,4.0,True
610100,1000,1,1,128.0,True
610107,1000,1,1,10.0,True
610245,1000,1,1,38.0,True
610397,1000,1,1,98.0,True
610486,1000,1,1,2.0,True
610629,1000,1,1,6.0,True
610754,1000,1,1,168.0,True
610821,1000,1,1,7.0,True
610853,1000,1,1,1.0,True
611040,1000,1,1,8.0,True
611045,1000,1,1,52.0,True
611190,1000,1,1,20.0,True
611216,1000,1,1,2.0,True
611612,1000,1,1,2.0,True
611616,1000,1,1,10.0,True
611653,1000,1,1,111.0,True
611672,1000,1,1,13.0,True
611763,1000,1,1,10.0,True
612144,1000,1,1,2.0,True
612286,1000,1,1,3.0,True
612316,1000,1,1,574.0,True
612323,1000,1,1,130.0,True
612345,1000,1,1,4.0,True
612449,1000,1,1,8.0,True
61256,1000,0,0,,False
61267,1000,1,0,,False
612788,1000,1,1,194.0,True
613060,1000,1,1,3.0,True
613113,1000,1,1,38.0,True
613338,1000,3,3,2.0,True
61362,1000,0,0,,False
613706,1000,1,1,41.0,True
613836,1000,1,1,1.0,True
613837,1000,1,1,1.0,True
613926,1000,1,1,11.0,True
613935,1000,1,1,6.0,True
613945,1000,1,1,126.0,True
61400,1000,1,1,2.0,True
614136,1000,1,1,9.0,True
61416,1000,0,0,,False
614262,1000,1,1,47.0,True
614874,1000,1,1,23.0,True
614906,1000,1,1,2.0,True
614971,1000,1,1,5.0,True
615153,1000,1,1,586.0,True
615294,1000,1,1,22.0,True
615317,1000,0,0,,False
615675,1000,0,0,,False
615794,1000,1,1,5.0,True
615905,1000,1,1,3.0,True
61597,1000,1,0,,False
615970,1000,0,0,,False
61607,1000,1,1,86.0,True
616100,1000,0,0,,False
616197,1000,0,0,,False
616328,1000,1,1,1.0,True
616376,1000,1,0,,False
616466,1000,1,1,134.0,True
616539,1000,0,0,,False
616545,1000,1,1,277.0,True
616640,1000,0,0,,False
616727,1000,1,0,,False
617315,1000,1,0,,False
617424,1000,1,1,68.0,True
617548,1000,1,1,371.0,True
617602,1000,1,1,5.0,True
617694,1000,1,1,231.0,True
61771,1000,0,0,,False
61772,1000,0,0,,False
617764,1000,1,1,239.0,True
617769,1000,0,0,,False
61797,1000,1,1,19.0,True
618055,1000,1,1,167.0,True
618117,1000,0,0,,False
618133,1000,0,0,,False
61828,1000,0,0,,False
618374,1000,1,1,798.0,True
618513,1000,1,1,1.0,True
618609,1000,0,0,,False
618680,1000,1,0,,False
618798,1000,1,1,29.0,True
618878,1000,1,1,301.0,True
61892,1000,1,1,162.0,True
61898,1000,1,0,,False
619331,1000,0,0,,False
619341,1000,1,1,70.0,True
619441,1000,0,0,,False
619469,1000,1,1,650.0,True
619501,1000,1,1,287.0,True
619914,1000,2,2,1.0,True
620008,1000,1,1,41.0,True
620197,1000,0,0,,False
620199,1000,1,0,,False
620331,1000,1,1,115.0,True
620845,1000,1,1,212.0,True
621029,1000,1,1,319.0,True
621097,1000,1,1,2.0,True
621211,1000,0,0,,False
621317,1000,1,0,,False
621357,1000,2,2,265.0,True
621481,1000,0,0,,False
621813,1000,1,1,9.0,True
621830,1000,0,0,,False
621899,1000,1,1,100.0,True
622234,1000,1,0,,False
622561,1000,1,0,,False
622564,1000,0,0,,False
622619,1000,0,0,,False
622629,1000,1,1,47.0,True
622748,1000,1,1,2.0,True
622910,1000,1,0,,False
622961,1000,1,1,109.0,True
622998,1000,1,0,,False
623035,1000,0,0,,False
623196,1000,1,1,21.0,True
623314,1000,1,1,6.0,True
62342,1000,1,1,28.0,True
623429,1000,1,1,15.0,True
623632,1000,1,1,35.0,True
623685,1000,1,1,455.0,True
62380,1000,1,1,761.0,True
624177,1000,0,0,,False
624299,1000,0,0,,False
624333,1000,0,0,,False
624510,1000,1,1,276.0,True
624546,1000,1,1,10.0,True
624595,1000,1,0,,False
624845,1000,2,2,14.0,True
624847,1000,3,3,15.0,True
624870,1000,1,1,172.0,True
624912,1000,1,1,19.0,True
624922,1000,1,1,1.0,True
625000,1000,1,0,,False
625037,1000,0,0,,False
625132,1000,1,1,1.0,True
625203,1000,4,2,58.0,True
625280,1000,1,1,38.0,True
625296,1000,1,0,,False
62531,1000,0,0,,False
625551,1000,1,1,9.0,True
625627,1000,1,1,345.0,True
625752,1000,1,1,214.0,True
625888,1000,1,0,,False
625896,1000,0,0,,False
626483,1000,0,0,,False
626488,1000,0,0,,False
626511,1000,2,0,,False
626856,1000,1,0,,False
626902,1000,1,1,469.0,True
626930,1000,1,1,2.0,True
626984,1000,1,0,,False
626985,1000,0,0,,False
626986,1000,1,0,,False
62706,1000,1,1,6.0,True
627201,1000,0,0,,False
627318,1000,0,0,,False
627349,1000,1,1,65.0,True
627400,1000,1,1,170.0,True
627756,1000,1,0,,False
627808,1000,0,0,,False
627867,1000,1,1,87.0,True
627874,1000,1,1,181.0,True
627880,1000,0,0,,False
627882,1000,1,1,10.0,True
627892,1000,0,0,,False
627980,1000,0,0,,False
628053,1000,0,0,,False
628100,1000,1,1,1.0,True
628226,1000,1,1,133.0,True
62835,1000,1,1,311.0,True
628419,1000,0,0,,False
62842,1000,0,0,,False
628475,1000,0,0,,False
628547,1000,1,1,48.0,True
628769,1000,1,1,22.0,True
628874,1000,1,1,58.0,True
628999,1000,0,0,,False
629027,1000,0,0,,False
629092,1000,1,1,22.0,True
62911,1000,1,1,161.0,True
629130,1000,1,1,13.0,True
629175,1000,0,0,,False
62920,1000,0,0,,False
629542,1000,1,1,171.0,True
629697,1000,1,1,52.0,True
629781,1000,1,1,402.0,True
629865,1000,1,0,,False
62989,1000,1,0,,False
630265,1000,1,0,,False
630301,1000,1,1,9.0,True
630461,1000,1,1,276.0,True
630692,1000,0,0,,False
630724,1000,1,1,18.0,True
63075,1000,0,0,,False
630788,1000,0,0,,False
631112,1000,1,0,,False
631196,1000,1,0,,False
631399,1000,1,0,,False
631557,1000,0,0,,False
631577,1000,1,0,,False
631658,1000,0,0,,False
631954,1000,0,0,,False
631955,1000,1,1,126.0,True
63196,1000,0,0,,False
632074,1000,1,0,,False
632081,1000,1,1,10.0,True
632246,1000,1,0,,False
632550,1000,1,1,141.0,True
632797,1000,0,0,,False
632822,1000,0,0,,False
632845,1000,1,0,,False
633348,1000,1,0,,False
633428,1000,0,0,,False
633530,1000,1,1,4.0,True
633548,1000,1,0,,False
633563,1000,0,0,,False
633570,1000,0,0,,False
633639,1000,1,0,,False
633704,1000,1,0,,False
633809,1000,1,1,344.0,True
633926,1000,2,1,27.0,True
63400,1000,0,0,,False
634460,1000,0,0,,False
634586,1000,0,0,,False
63475,1000,0,0,,False
634863,1000,1,1,767.0,True
635013,1000,1,1,41.0,True
635140,1000,1,0,,False
635166,1000,0,0,,False
635193,1000,1,1,26.0,True
635319,1000,1,1,87.0,True
635501,1000,0,0,,False
635556,1000,1,0,,False
635596,1000,0,0,,False
635606,1000,1,0,,False
635616,1000,1,0,,False
635820,1000,1,0,,False
635872,1000,1,0,,False
635915,1000,0,0,,False
635939,1000,1,0,,False
636042,1000,1,0,,False
63611,1000,1,0,,False
636135,1000,0,0,,False
63633,1000,1,0,,False
636389,1000,1,1,62.0,True
636484,1000,1,1,83.0,True
636613,1000,1,0,,False
636809,1000,1,1,17.0,True
63690,1000,1,0,,False
636945,1000,0,0,,False
636975,1000,0,0,,False
637149,1000,0,0,,False
637404,1000,0,0,,False
637537,1000,1,1,18.0,True
637726,1000,1,1,4.0,True
63775,1000,1,1,2.0,True
63783,1000,1,1,118.0,True
63789,1000,1,0,,False
638048,1000,1,1,414.0,True
638092,1000,0,0,,False
638094,1000,0,0,,False
638172,1000,0,0,,False
638276,1000,1,1,5.0,True
638366,1000,0,0,,False
638367,1000,0,0,,False
63840,1000,1,1,231.0,True
638638,1000,1,0,,False
638733,1000,1,0,,False
638897,1000,0,0,,False
638937,1000,1,1,11.0,True
638938,1000,1,0,,False
639128,1000,0,0,,False
639144,1000,1,0,,False
63915,1000,0,0,,False
639246,1000,1,0,,False
639503,1000,1,1,707.0,True
639512,1000,1,1,212.0,True
639599,1000,1,1,4.0,True
639658,1000,1,0,,False
639771,1000,0,0,,False
640145,1000,0,0,,False
64035,1000,1,1,55.0,True
64036,1000,0,0,,False
640422,1000,1,0,,False
640456,1000,0,0,,False
640687,1000,1,0,,False
640728,1000,1,0,,False
640817,1000,1,1,402.0,True
640872,1000,0,0,,False
640989,1000,0,0,,False
641034,1000,1,0,,False
641045,1000,0,0,,False
641146,1000,0,0,,False
641185,1000,1,1,42.0,True
641303,1000,1,1,30.0,True
641360,1000,0,0,,False
641493,1000,1,0,,False
641539,1000,0,0,,False
641591,1000,1,1,88.0,True
6416,1000,1,1,1.0,True
64168,1000,1,1,9.0,True
641739,1000,0,0,,False
641907,1000,0,0,,False
641936,1000,0,0,,False
641986,1000,1,1,1.0,True
642109,1000,1,1,4.0,True
642181,1000,1,0,,False
642265,1000,0,0,,False
642325,1000,1,1,831.0,True
642402,1000,1,0,,False
642529,1000,0,0,,False
64274,1000,1,1,68.0,True
642866,1000,1,1,10.0,True
642942,1000,1,1,7.0,True
64299,1000,0,0,,False
643058,1000,0,0,,False
643091,1000,1,0,,False
643159,1000,1,1,12.0,True
643242,1000,1,0,,False
643470,1000,1,1,23.0,True
643472,1000,0,0,,False
643570,1000,1,1,148.0,True
643745,1000,0,0,,False
643763,1000,1,0,,False
64379,1000,1,1,1.0,True
64385,1000,1,0,,False
644110,1000,1,1,1.0,True
644205,1000,1,1,477.0,True
644222,1000,0,0,,False
644292,1000,1,1,22.0,True
64446,1000,0,0,,False
644505,1000,1,1,33.0,True
644628,1000,1,0,,False
64477,1000,0,0,,False
645054,1000,1,1,5.0,True
645077,1000,1,1,6.0,True
645218,1000,1,1,15.0,True
645294,1000,1,1,5.0,True
645371,1000,0,0,,False
645554,1000,1,1,487.0,True
645562,1000,1,0,,False
645664,1000,0,0,,False
645759,1000,1,1,7.0,True
645858,1000,1,1,237.0,True
645881,1000,1,0,,False
64597,1000,1,1,8.0,True
646170,1000,1,0,,False
646350,1000,1,1,41.0,True
646358,1000,1,1,99.0,True
64640,1000,1,1,20.0,True
646555,1000,1,1,9.0,True
646597,1000,0,0,,False
646724,1000,0,0,,False
646776,1000,1,0,,False
646802,1000,0,0,,False
646979,1000,1,0,,False
647267,1000,0,0,,False
647743,1000,1,1,361.0,True
64783,1000,1,1,3.0,True
647960,1000,0,0,,False
648024,1000,1,0,,False
648042,1000,1,1,84.0,True
648056,1000,1,0,,False
648307,1000,1,1,76.0,True
648447,1000,1,0,,False
64856,1000,0,0,,False
648618,1000,0,0,,False
649164,1000,0,0,,False
649190,1000,0,0,,False
649277,1000,0,0,,False
649327,1000,0,0,,False
649336,1000,0,0,,False
649485,1000,0,0,,False
649558,1000,1,1,1.0,True
649627,1000,1,1,12.0,True
649733,1000,1,1,1.0,True
649790,1000,1,0,,False
649882,1000,1,1,670.0,True
649892,1000,1,1,177.0,True
649956,1000,1,1,43.0,True
650001,1000,0,0,,False
650023,1000,1,1,41.0,True
650104,1000,1,1,54.0,True
650124,1000,1,1,8.0,True
650595,1000,0,0,,False
650691,1000,0,0,,False
651434,1000,0,0,,False
651535,1000,2,2,9.0,True
651619,1000,1,0,,False
651687,1000,1,1,29.0,True
651891,1000,0,0,,False
651968,1000,1,1,7.0,True
652046,1000,1,1,241.0,True
652078,1000,1,1,9.0,True
652159,1000,0,0,,False
652198,1000,0,0,,False
652282,1000,1,0,,False
652298,1000,1,1,130.0,True
652389,1000,0,0,,False
652397,1000,1,1,562.0,True
652586,1000,0,0,,False
652622,1000,1,0,,False
652633,1000,1,1,3.0,True
652772,1000,1,1,367.0,True
652871,1000,1,1,184.0,True
652979,1000,1,0,,False
653019,1000,0,0,,False
653048,1000,0,0,,False
653318,1000,0,0,,False
653975,1000,1,0,,False
654263,1000,1,1,204.0,True
654321,1000,0,0,,False
654552,1000,1,0,,False
654562,1000,1,1,15.0,True
654589,1000,1,0,,False
654593,1000,0,0,,False
654783,1000,0,0,,False
654861,1000,1,1,87.0,True
655258,1000,1,1,1.0,True
65529,1000,1,1,3.0,True
655335,1000,0,0,,False
655367,1000,0,0,,False
655398,1000,0,0,,False
65549,1000,0,0,,False
655572,1000,0,0,,False
655671,1000,0,0,,False
655692,1000,0,0,,False
655706,1000,0,0,,False
655850,1000,0,0,,False
655871,1000,1,1,851.0,True
655997,1000,1,0,,False
656017,1000,1,1,3.0,True
656095,1000,1,1,34.0,True
656184,1000,0,0,,False
656277,1000,1,1,12.0,True
656308,1000,0,0,,False
656518,1000,0,0,,False
656558,1000,0,0,,False
656583,1000,0,0,,False
656625,1000,1,1,4.0,True
65676,1000,1,1,4.0,True
656813,1000,0,0,,False
65699,1000,0,0,,False
656993,1000,1,1,167.0,True
657005,1000,1,1,7.0,True
657168,1000,1,0,,False
65718,1000,0,0,,False
657395,1000,0,0,,False
657690,1000,0,0,,False
657780,1000,1,1,32.0,True
65805,1000,1,1,47.0,True
658201,1000,0,0,,False
658419,1000,0,0,,False
658421,1000,0,0,,False
658622,1000,1,1,791.0,True
658668,1000,1,1,110.0,True
658735,1000,1,1,56.0,True
658747,1000,1,1,133.0,True
659021,1000,0,0,,False
659179,1000,1,1,71.0,True
659186,1000,1,1,339.0,True
65930,1000,0,0,,False
659502,1000,1,0,,False
659556,1000,1,1,81.0,True
659572,1000,0,0,,False
659669,1000,0,0,,False
660053,1000,1,1,63.0,True
660150,1000,1,0,,False
66032,1000,0,0,,False
660360,1000,1,0,,False
660547,1000,1,0,,False
660570,1000,0,0,,False
660586,1000,1,1,28.0,True
660801,1000,2,1,355.0,True
660941,1000,1,1,35.0,True
661228,1000,1,0,,False
66132,1000,1,1,2.0,True
661524,1000,0,0,,False
66153,1000,0,0,,False
661593,1000,3,3,191.0,True
661752,1000,1,0,,False
661842,1000,2,2,93.0,True
661925,1000,1,1,4.0,True
661995,1000,1,1,38.0,True
662001,1000,1,1,252.0,True
662005,1000,1,0,,False
662029,1000,1,0,,False
662112,1000,1,1,190.0,True
662161,1000,1,1,1.0,True
662449,1000,0,0,,False
662450,1000,1,1,21.0,True
662558,1000,0,0,,False
662595,1000,0,0,,False
662736,1000,1,0,,False
662759,1000,1,0,,False
6630,1000,1,1,40.0,True
663040,1000,0,0,,False
663065,1000,0,0,,False
663347,1000,0,0,,False
663517,1000,0,0,,False
66357,1000,0,0,,False
663612,1000,1,1,26.0,True
663642,1000,1,1,399.0,True
66365,1000,0,0,,False
663670,1000,1,1,16.0,True
663803,1000,1,0,,False
664024,1000,0,0,,False
664097,1000,1,1,1.0,True
664303,1000,0,0,,False
664335,1000,1,1,1.0,True
664520,1000,1,1,4.0,True
664672,1000,1,1,74.0,True
664707,1000,0,0,,False
664746,1000,1,1,49.0,True
664787,1000,1,1,2.0,True
664988,1000,0,0,,False
665065,1000,0,0,,False
665105,1000,0,0,,False
665136,1000,0,0,,False
665313,1000,1,1,75.0,True
665329,1000,1,1,673.0,True
665348,1000,1,0,,False
665382,1000,0,0,,False
665389,1000,0,0,,False
665796,1000,0,0,,False
66581,1000,1,1,4.0,True
665908,1000,0,0,,False
665955,1000,0,0,,False
66602,1000,1,0,,False
666098,1000,0,0,,False
666181,1000,1,1,2.0,True
666455,1000,0,0,,False
666585,1000,0,0,,False
666702,1000,0,0,,False
666786,1000,0,0,,False
666830,1000,1,1,156.0,True
666939,1000,0,0,,False
667085,1000,0,0,,False
667102,1000,1,1,71.0,True
667128,1000,1,0,,False
667219,1000,0,0,,False
667284,1000,0,0,,False
667356,1000,0,0,,False
667413,1000,0,0,,False
667460,1000,0,0,,False
667504,1000,1,0,,False
667522,1000,0,0,,False
667892,1000,1,0,,False
667933,1000,0,0,,False
668008,1000,0,0,,False
668056,1000,0,0,,False
668072,1000,1,0,,False
668333,1000,1,1,26.0,True
66840,1000,1,1,1.0,True
668560,1000,1,1,645.0,True
668564,1000,1,1,252.0,True
668663,1000,1,1,738.0,True
668761,1000,2,0,,False
668847,1000,0,0,,False
668954,1000,0,0,,False
669009,1000,1,0,,False
669080,1000,0,0,,False
669085,1000,1,1,1.0,True
669152,1000,0,0,,False
669234,1000,1,1,127.0,True
669254,1000,1,1,5.0,True
669412,1000,0,0,,False
669510,1000,1,1,132.0,True
66956,1000,1,0,,False
669873,1000,0,0,,False
669980,1000,1,1,1.0,True
67003,1000,0,0,,False
670188,1000,0,0,,False
670214,1000,0,0,,False
67023,1000,1,1,179.0,True
670425,1000,0,0,,False
670514,1000,1,0,,False
670527,1000,0,0,,False
670666,1000,0,0,,False
670725,1000,1,1,89.0,True
67073,1000,1,1,185.0,True
670751,1000,1,0,,False
670760,1000,1,1,22.0,True
670916,1000,1,1,31.0,True
671036,1000,0,0,,False
671037,1000,0,0,,False
671106,1000,0,0,,False
671354,1000,1,1,50.0,True
671545,1000,0,0,,False
671567,1000,1,1,427.0,True
671598,1000,0,0,,False
671602,1000,1,1,1.0,True
671606,1000,1,1,9.0,True
671685,1000,1,1,4.0,True
671777,1000,0,0,,False
671834,1000,0,0,,False
671860,1000,1,0,,False
671871,1000,1,1,351.0,True
671938,1000,1,1,1.0,True
671989,1000,0,0,,False
67204,1000,1,1,11.0,True
672040,1000,0,0,,False
672107,1000,1,1,4.0,True
672239,1000,0,0,,False
672306,1000,0,0,,False
672363,1000,0,0,,False
672377,1000,0,0,,False
672396,1000,1,1,6.0,True
67258,1000,1,1,27.0,True
672586,1000,1,1,193.0,True
672601,1000,1,1,50.0,True
672724,1000,1,1,7.0,True
672758,1000,1,1,61.0,True
673384,1000,1,1,521.0,True
673560,1000,1,1,614.0,True
673564,1000,0,0,,False
67372,1000,0,0,,False
673845,1000,1,1,421.0,True
673919,1000,2,2,444.0,True
673961,1000,1,1,3.0,True
674059,1000,1,1,81.0,True
674076,1000,0,0,,False
674417,1000,1,1,41.0,True
67442,1000,1,1,1.0,True
674499,1000,1,1,3.0,True
674570,1000,1,1,12.0,True
674894,1000,0,0,,False
674909,1000,1,1,1.0,True
674938,1000,0,0,,False
675103,1000,1,1,5.0,True
67511,1000,1,1,165.0,True
675476,1000,1,1,44.0,True
675620,1000,1,1,2.0,True
67587,1000,1,1,7.0,True
676030,1000,1,1,42.0,True
676123,1000,1,1,62.0,True
676784,1000,1,0,,False
676857,1000,1,1,12.0,True
676910,1000,1,1,1.0,True
676924,1000,1,1,14.0,True
676964,1000,0,0,,False
677207,1000,1,1,1.0,True
677488,1000,1,1,195.0,True
677493,1000,1,1,3.0,True
677507,1000,1,1,2.0,True
677575,1000,1,0,,False
677627,1000,1,0,,False
67763,1000,1,1,126.0,True
677894,1000,1,0,,False
677900,1000,0,0,,False
678167,1000,0,0,,False
678196,1000,0,0,,False
678227,1000,1,0,,False
67823,1000,0,0,,False
678252,1000,0,0,,False
678275,1000,1,1,917.0,True
678301,1000,1,1,14.0,True
678617,1000,1,1,131.0,True
678718,1000,0,0,,False
678813,1000,2,2,1.0,True
678853,1000,1,1,25.0,True
678990,1000,1,1,424.0,True
679024,1000,0,0,,False
679240,1000,1,1,300.0,True
679262,1000,1,1,5.0,True
679506,1000,1,1,10.0,True
679596,1000,1,0,,False
67965,1000,0,0,,False
679791,1000,1,1,1.0,True
679883,1000,1,1,3.0,True
680019,1000,0,0,,False
68007,1000,1,1,1.0,True
68013,1000,1,0,,False
680212,1000,1,1,159.0,True
680381,1000,1,1,3.0,True
680463,1000,1,0,,False
680977,1000,0,0,,False
681055,1000,1,1,4.0,True
681081,1000,1,1,24.0,True
681096,1000,1,1,13.0,True
681140,1000,3,1,4.0,True
681290,1000,1,1,5.0,True
681410,1000,1,1,12.0,True
681728,1000,0,0,,False
681733,1000,1,1,2.0,True
681761,1000,1,1,574.0,True
681902,1000,1,1,102.0,True
681945,1000,1,1,136.0,True
681995,1000,1,1,118.0,True
682024,1000,1,1,2.0,True
682181,1000,1,1,5.0,True
682194,1000,1,1,5.0,True
682277,1000,1,0,,False
6823,1000,0,0,,False
682510,1000,1,0,,False
682605,1000,1,1,3.0,True
682891,1000,1,1,2.0,True
682980,1000,1,1,5.0,True
683235,1000,0,0,,False
68324,1000,1,0,,False
683422,1000,0,0,,False
683567,1000,1,1,1.0,True
683612,1000,0,0,,False
684081,1000,1,1,9.0,True
684203,1000,1,0,,False
684231,1000,1,1,157.0,True
684274,1000,1,1,81.0,True
684330,1000,1,1,19.0,True
68439,1000,1,1,1.0,True
68442,1000,0,0,,False
684508,1000,1,0,,False
684878,1000,1,1,23.0,True
684940,1000,1,1,2.0,True
685019,1000,1,1,33.0,True
685446,1000,0,0,,False
685595,1000,1,1,20.0,True
685698,1000,0,0,,False
685749,1000,0,0,,False
685851,1000,1,1,6.0,True
685899,1000,1,1,76.0,True
68598,1000,1,1,78.0,True
685997,1000,1,1,3.0,True
68601,1000,0,0,,False
686195,1000,1,1,9.0,True
686294,1000,1,1,7.0,True
686332,1000,0,0,,False
686348,1000,1,0,,False
686379,1000,1,1,8.0,True
686485,1000,0,0,,False
686506,1000,0,0,,False
686640,1000,1,0,,False
686670,1000,1,1,42.0,True
687068,1000,1,1,14.0,True
687321,1000,1,1,148.0,True
687383,1000,1,1,101.0,True
687469,1000,1,1,1.0,True
687471,1000,1,0,,False
687882,1000,1,1,22.0,True
687946,1000,1,1,60.0,True
688142,1000,1,1,23.0,True
68816,1000,0,0,,False
688251,1000,1,0,,False
688402,1000,1,1,5.0,True
688459,1000,0,0,,False
688481,1000,1,1,39.0,True
688896,1000,1,0,,False
689048,1000,1,1,41.0,True
689071,1000,1,1,88.0,True
68938,1000,1,0,,False
689485,1000,1,1,2.0,True
689595,1000,0,0,,False
689600,1000,1,1,1.0,True
689659,1000,1,1,51.0,True
689820,1000,0,0,,False
689888,1000,1,0,,False
689921,1000,1,1,2.0,True
68994,1000,1,1,26.0,True
689987,1000,1,1,27.0,True
690102,1000,0,0,,False
690301,1000,1,1,2.0,True
690574,1000,1,1,135.0,True
69070,1000,1,1,3.0,True
69104,1000,1,0,,False
691106,1000,0,0,,False
691195,1000,1,1,29.0,True
69122,1000,0,0,,False
691235,1000,1,1,998.0,True
691261,1000,1,0,,False
69140,1000,0,0,,False
691530,1000,1,1,1.0,True
691670,1000,1,0,,False
691689,1000,0,0,,False
691889,1000,1,1,14.0,True
691927,1000,2,0,,False
691972,1000,1,1,332.0,True
692253,1000,0,0,,False
692330,1000,2,0,,False
692410,1000,1,0,,False
69247,1000,1,1,53.0,True
692806,1000,0,0,,False
692819,1000,1,1,2.0,True
6930,1000,0,0,,False
69348,1000,1,1,361.0,True
693501,1000,0,0,,False
693685,1000,1,1,107.0,True
693848,1000,1,1,6.0,True
693881,1000,0,0,,False
69394,1000,1,1,5.0,True
694021,1000,0,0,,False
694271,1000,1,1,1.0,True
694272,1000,1,1,19.0,True
69429,1000,0,0,,False
694301,1000,0,0,,False
694308,1000,1,1,116.0,True
694331,1000,1,1,64.0,True
694332,1000,0,0,,False
69440,1000,1,0,,False
694507,1000,1,1,54.0,True
694745,1000,0,0,,False
695044,1000,1,1,27.0,True
695354,1000,1,1,192.0,True
695417,1000,1,1,35.0,True
695439,1000,1,1,2.0,True
695517,1000,1,1,65.0,True
695565,1000,1,1,1.0,True
695955,1000,1,1,707.0,True
696020,1000,1,1,21.0,True
696444,1000,0,0,,False
696542,1000,1,1,6.0,True
696555,1000,0,0,,False
696690,1000,1,1,10.0,True
696740,1000,1,0,,False
696895,1000,1,1,5.0,True
697117,1000,1,1,497.0,True
697132,1000,0,0,,False
69734,1000,0,0,,False
697489,1000,1,1,15.0,True
69768,1000,0,0,,False
697844,1000,1,1,2.0,True
698082,1000,1,0,,False
698280,1000,1,1,202.0,True
698358,1000,1,1,10.0,True
698432,1000,1,0,,False
698449,1000,1,1,53.0,True
69867,1000,1,0,,False
698794,1000,1,1,31.0,True
698871,1000,1,1,11.0,True
698935,1000,1,0,,False
699072,1000,1,1,232.0,True
699297,1000,1,1,1.0,True
69932,1000,1,1,54.0,True
699338,1000,1,1,38.0,True
699383,1000,0,0,,False
699479,1000,1,1,680.0,True
699685,1000,1,0,,False
699769,1000,1,1,60.0,True
69990,1000,0,0,,False
699954,1000,1,1,46.0,True
69998,1000,0,0,,False
700,1000,0,0,,False
700109,1000,0,0,,False
700164,1000,0,0,,False
700186,1000,1,1,1.0,True
700235,1000,1,1,10.0,True
70029,1000,1,1,1.0,True
700301,1000,1,1,18.0,True
700341,1000,1,1,9.0,True
700433,1000,0,0,,False
700510,1000,1,1,492.0,True
700645,1000,1,1,3.0,True
700873,1000,0,0,,False
700930,1000,1,1,114.0,True
700965,1000,1,0,,False
70098,1000,0,0,,False
701074,1000,0,0,,False
701268,1000,1,0,,False
701299,1000,1,1,13.0,True
701438,1000,1,1,1.0,True
701551,1000,1,1,1.0,True
701653,1000,1,0,,False
701734,1000,1,0,,False
70186,1000,1,1,154.0,True
701918,1000,0,0,,False
702329,1000,1,1,5.0,True
702351,1000,0,0,,False
702382,1000,1,1,5.0,True
702681,1000,1,1,15.0,True
702687,1000,0,0,,False
702724,1000,1,1,21.0,True
702841,1000,1,1,6.0,True
702986,1000,1,1,11.0,True
703105,1000,1,1,1.0,True
703427,1000,1,0,,False
703433,1000,0,0,,False
703437,1000,1,1,125.0,True
70344,1000,0,0,,False
703572,1000,1,1,149.0,True
703866,1000,0,0,,False
703876,1000,1,1,9.0,True
703952,1000,1,1,4.0,True
704111,1000,1,1,25.0,True
704424,1000,1,1,2.0,True
704530,1000,0,0,,False
704701,1000,1,0,,False
704905,1000,1,1,925.0,True
704970,1000,1,1,65.0,True
705235,1000,1,1,53.0,True
705241,1000,1,1,9.0,True
705390,1000,1,1,9.0,True
70547,1000,1,1,3.0,True
705476,1000,1,1,1.0,True
705644,1000,1,1,2.0,True
705678,1000,1,1,212.0,True
705724,1000,1,1,539.0,True
705799,1000,1,1,402.0,True
705897,1000,0,0,,False
705925,1000,0,0,,False
706046,1000,0,0,,False
706070,1000,1,1,822.0,True
706221,1000,1,1,566.0,True
70651,1000,1,1,14.0,True
706740,1000,1,0,,False
70697,1000,0,0,,False
707002,1000,1,0,,False
707038,1000,2,2,14.0,True
707046,1000,0,0,,False
707312,1000,0,0,,False
707439,1000,0,0,,False
707468,1000,1,1,79.0,True
707553,1000,1,1,7.0,True
707738,1000,1,1,231.0,True
707810,1000,0,0,,False
707975,1000,1,1,7.0,True
708054,1000,1,1,1.0,True
70808,1000,1,0,,False
708154,1000,1,0,,False
708239,1000,1,1,1.0,True
70839,1000,1,1,1.0,True
708391,1000,0,0,,False
70858,1000,1,1,4.0,True
709022,1000,0,0,,False
709175,1000,1,1,5.0,True
709284,1000,1,1,1.0,True
709301,1000,1,1,1.0,True
709371,1000,1,1,106.0,True
70956,1000,1,0,,False
709705,1000,1,1,3.0,True
710212,1000,1,0,,False
710242,1000,0,0,,False
710243,1000,1,1,19.0,True
710264,1000,1,1,12.0,True
710414,1000,1,1,3.0,True
710504,1000,1,1,5.0,True
710666,1000,1,0,,False
71094,1000,1,1,2.0,True
71111,1000,0,0,,False
711168,1000,1,1,48.0,True
711205,1000,0,0,,False
711343,1000,1,1,5.0,True
711453,1000,2,2,38.0,True
711519,1000,0,0,,False
711790,1000,1,1,682.0,True
71180,1000,0,0,,False
711807,1000,0,0,,False
711933,1000,0,0,,False
71230,1000,0,0,,False
712763,1000,1,0,,False
712787,1000,1,0,,False
712830,1000,1,1,78.0,True
713003,1000,1,1,157.0,True
713108,1000,0,0,,False
713164,1000,1,0,,False
713204,1000,0,0,,False
713483,1000,0,0,,False
713527,1000,1,0,,False
713534,1000,1,1,9.0,True
713536,1000,1,1,1.0,True
713636,1000,1,0,,False
713673,1000,1,1,21.0,True
713717,1000,1,1,2.0,True
713826,1000,1,1,50.0,True
714250,1000,1,1,44.0,True
714303,1000,1,1,46.0,True
714561,1000,1,1,7.0,True
71460,1000,0,0,,False
714626,1000,1,1,1.0,True
714653,1000,1,1,5.0,True
714773,1000,1,1,2.0,True
714958,1000,1,1,25.0,True
71501,1000,0,0,,False
715181,1000,0,0,,False
715385,1000,0,0,,False
715738,1000,0,0,,False
715862,1000,1,1,1.0,True
716025,1000,1,1,8.0,True
716134,1000,0,0,,False
71620,1000,1,1,17.0,True
716414,1000,1,1,1.0,True
716423,1000,1,0,,False
716427,1000,0,0,,False
716443,1000,1,1,348.0,True
716536,1000,1,1,59.0,True
716550,1000,1,1,15.0,True
716581,1000,1,0,,False
716827,1000,1,1,8.0,True
716858,1000,1,1,4.0,True
716928,1000,1,1,1.0,True
716974,1000,0,0,,False
717008,1000,1,1,105.0,True
717035,1000,1,1,50.0,True
717288,1000,1,1,117.0,True
717377,1000,1,1,2.0,True
717383,1000,1,1,5.0,True
717660,1000,1,1,6.0,True
717699,1000,0,0,,False
717739,1000,1,1,3.0,True
717919,1000,2,1,856.0,True
718001,1000,1,1,5.0,True
718221,1000,0,0,,False
718337,1000,0,0,,False
718390,1000,1,1,40.0,True
718406,1000,1,1,676.0,True
718500,1000,0,0,,False
718533,1000,1,0,,False
718536,1000,1,0,,False
718586,1000,1,1,7.0,True
718682,1000,1,1,8.0,True
718827,1000,1,0,,False
718840,1000,1,1,59.0,True
718854,1000,2,2,1.0,True
718958,1000,0,0,,False
71971,1000,2,0,,False
719712,1000,1,1,316.0,True
719920,1000,1,1,128.0,True
720,1000,0,0,,False
720252,1000,1,1,1.0,True
720268,1000,0,0,,False
720344,1000,0,0,,False
720449,1000,0,0,,False
720528,1000,1,1,19.0,True
720590,1000,1,1,269.0,True
720738,1000,1,1,27.0,True
720753,1000,0,0,,False
720973,1000,1,1,83.0,True
72103,1000,0,0,,False
721065,1000,1,1,4.0,True
721099,1000,0,0,,False
721135,1000,0,0,,False
721396,1000,0,0,,False
721524,1000,1,0,,False
721656,1000,2,2,19.0,True
721766,1000,1,1,32.0,True
721956,1000,1,1,1.0,True
72223,1000,0,0,,False
72232,1000,0,0,,False
722429,1000,0,0,,False
72258,1000,1,1,6.0,True
7228,1000,0,0,,False
722997,1000,0,0,,False
72320,1000,1,1,1.0,True
723209,1000,1,1,46.0,True
723317,1000,1,1,11.0,True
723411,1000,1,1,1.0,True
723420,1000,0,0,,False
723441,1000,1,1,43.0,True
723658,1000,0,0,,False
723731,1000,1,1,2.0,True
723767,1000,1,1,10.0,True
724259,1000,1,1,2.0,True
724316,1000,1,1,6.0,True
724415,1000,1,1,20.0,True
724537,1000,0,0,,False
724612,1000,1,0,,False
724693,1000,1,1,7.0,True
724808,1000,1,1,1.0,True
724839,1000,1,1,46.0,True
724926,1000,1,1,3.0,True
724949,1000,1,1,7.0,True
725176,1000,1,1,4.0,True
725199,1000,1,1,208.0,True
72525,1000,1,1,15.0,True
72530,1000,1,1,2.0,True
725486,1000,1,1,4.0,True
725609,1000,1,0,,False
726000,1000,1,1,12.0,True
726185,1000,0,0,,False
726426,1000,0,0,,False
726437,1000,1,1,6.0,True
726655,1000,1,0,,False
726734,1000,1,1,31.0,True
726966,1000,1,1,4.0,True
727022,1000,1,1,32.0,True
727571,1000,1,1,179.0,True
727581,1000,0,0,,False
72765,1000,1,1,8.0,True
727654,1000,1,1,7.0,True
727656,1000,1,0,,False
727805,1000,1,1,10.0,True
727891,1000,1,1,1.0,True
727976,1000,1,0,,False
728079,1000,1,1,14.0,True
728346,1000,1,1,32.0,True
728368,1000,0,0,,False
728580,1000,1,1,13.0,True
728640,1000,1,1,32.0,True
728705,1000,1,1,249.0,True
728707,1000,0,0,,False
728886,1000,1,1,101.0,True
728957,1000,1,1,21.0,True
729015,1000,2,1,812.0,True
729060,1000,1,1,4.0,True
729200,1000,1,1,13.0,True
729224,1000,0,0,,False
729650,1000,0,0,,False
729751,1000,0,0,,False
729808,1000,0,0,,False
729920,1000,1,1,14.0,True
73,1000,0,0,,False
730082,1000,1,1,1.0,True
73010,1000,0,0,,False
730317,1000,0,0,,False
730358,1000,2,2,23.0,True
730359,1000,1,1,25.0,True
730493,1000,1,1,564.0,True
73059,1000,1,1,1.0,True
730743,1000,1,0,,False
730797,1000,0,0,,False
730915,1000,0,0,,False
731011,1000,1,1,8.0,True
731060,1000,1,1,11.0,True
731258,1000,1,0,,False
731282,1000,1,1,683.0,True
731414,1000,1,0,,False
731582,1000,1,1,51.0,True
731672,1000,0,0,,False
731722,1000,1,1,22.0,True
732078,1000,1,1,33.0,True
732195,1000,1,1,66.0,True
732310,1000,0,0,,False
732372,1000,0,0,,False
732403,1000,1,1,65.0,True
73246,1000,1,1,3.0,True
732487,1000,1,1,28.0,True
732644,1000,0,0,,False
732749,1000,0,0,,False
733019,1000,1,1,1.0,True
733043,1000,1,1,24.0,True
733126,1000,0,0,,False
733148,1000,1,1,3.0,True
733175,1000,0,0,,False
733313,1000,1,1,44.0,True
733317,1000,0,0,,False
733396,1000,0,0,,False
733461,1000,0,0,,False
733516,1000,0,0,,False
733526,1000,0,0,,False
7339,1000,1,1,20.0,True
734300,1000,3,3,265.0,True
734430,1000,1,1,274.0,True
734443,1000,1,1,5.0,True
734457,1000,1,1,29.0,True
734479,1000,0,0,,False
73453,1000,1,0,,False
734595,1000,1,0,,False
734841,1000,1,1,772.0,True
734905,1000,1,0,,False
734928,1000,1,1,903.0,True
734930,1000,0,0,,False
734939,1000,1,1,22.0,True
734969,1000,1,1,3.0,True
734981,1000,1,1,8.0,True
735224,1000,1,1,16.0,True
735281,1000,1,1,2.0,True
735362,1000,1,1,8.0,True
735505,1000,1,1,11.0,True
735673,1000,1,1,41.0,True
735826,1000,0,0,,False
735905,1000,1,1,3.0,True
736332,1000,1,1,6.0,True
736605,1000,1,1,40.0,True
736735,1000,1,1,19.0,True
736902,1000,0,0,,False
73702,1000,0,0,,False
737346,1000,1,1,2.0,True
737522,1000,2,2,104.0,True
737609,1000,0,0,,False
737664,1000,1,1,8.0,True
737788,1000,1,1,2.0,True
737812,1000,0,0,,False
737864,1000,1,1,2.0,True
737962,1000,0,0,,False
737994,1000,0,0,,False
738083,1000,1,1,30.0,True
738105,1000,1,1,11.0,True
738139,1000,0,0,,False
738166,1000,1,1,26.0,True
738247,1000,0,0,,False
738280,1000,1,1,721.0,True
738292,1000,1,1,2.0,True
738310,1000,1,1,626.0,True
738720,1000,1,1,93.0,True
738935,1000,1,1,96.0,True
73940,1000,0,0,,False
739470,1000,1,1,154.0,True
739525,1000,0,0,,False
739673,1000,0,0,,False
739831,1000,1,1,2.0,True
739907,1000,0,0,,False
740131,1000,0,0,,False
740174,1000,1,1,2.0,True
740340,1000,1,1,13.0,True
740388,1000,1,1,5.0,True
740518,1000,0,0,,False
740806,1000,0,0,,False
740862,1000,0,0,,False
740894,1000,0,0,,False
740940,1000,0,0,,False
7410,1000,1,1,87.0,True
741022,1000,1,1,1.0,True
741206,1000,0,0,,False
741238,1000,0,0,,False
741335,1000,0,0,,False
741466,1000,1,1,14.0,True
741471,1000,1,1,3.0,True
741621,1000,0,0,,False
741696,1000,1,1,4.0,True
741725,1000,1,1,438.0,True
741755,1000,1,1,5.0,True
741764,1000,1,1,21.0,True
741854,1000,1,1,2.0,True
741868,1000,0,0,,False
742129,1000,0,0,,False
742155,1000,0,0,,False
742186,1000,1,1,608.0,True
742229,1000,1,1,20.0,True
742384,1000,1,1,3.0,True
742391,1000,1,1,7.0,True
742484,1000,0,0,,False
742542,1000,1,1,6.0,True
742752,1000,1,1,10.0,True
74278,1000,1,1,360.0,True
74281,1000,1,1,28.0,True
74282,1000,1,1,36.0,True
742825,1000,1,1,12.0,True
743027,1000,0,0,,False
743050,1000,1,1,657.0,True
743287,1000,1,1,18.0,True
743321,1000,1,1,9.0,True
743480,1000,0,0,,False
743490,1000,1,1,434.0,True
743799,1000,0,0,,False
743838,1000,1,0,,False
743917,1000,1,1,8.0,True
74398,1000,0,0,,False
744007,1000,1,1,2.0,True
744008,1000,1,1,76.0,True
744021,1000,1,1,618.0,True
744448,1000,1,1,1.0,True
744534,1000,1,1,132.0,True
744560,1000,1,1,130.0,True
744710,1000,1,1,327.0,True
744733,1000,1,1,38.0,True
744760,1000,1,1,28.0,True
744766,1000,1,0,,False
744985,1000,1,1,20.0,True
745404,1000,2,2,2.0,True
745411,1000,1,1,1.0,True
745605,1000,1,0,,False
74566,1000,0,0,,False
745751,1000,0,0,,False
74576,1000,1,1,1.0,True
74588,1000,0,0,,False
745962,1000,1,1,1.0,True
746049,1000,1,1,509.0,True
746152,1000,1,1,7.0,True
746181,1000,1,1,9.0,True
746220,1000,1,1,3.0,True
746284,1000,1,1,27.0,True
74633,1000,1,1,2.0,True
746414,1000,1,1,1.0,True
746566,1000,1,1,2.0,True
74660,1000,1,1,5.0,True
746782,1000,1,1,3.0,True
746949,1000,1,1,8.0,True
746971,1000,2,2,1.0,True
747319,1000,0,0,,False
747514,1000,1,1,194.0,True
747531,1000,0,0,,False
747540,1000,1,0,,False
747758,1000,1,1,54.0,True
748025,1000,1,1,4.0,True
748108,1000,1,1,63.0,True
748116,1000,1,1,50.0,True
748408,1000,1,1,28.0,True
748552,1000,1,1,1.0,True
748645,1000,0,0,,False
748941,1000,1,1,2.0,True
748993,1000,1,1,127.0,True
749120,1000,1,1,145.0,True
749459,1000,1,0,,False
749534,1000,1,1,4.0,True
749671,1000,1,1,84.0,True
749690,1000,1,1,11.0,True
749697,1000,1,1,3.0,True
74972,1000,0,0,,False
749730,1000,1,1,968.0,True
749814,1000,1,1,3.0,True
749938,1000,1,1,19.0,True
750036,1000,1,1,77.0,True
750051,1000,1,0,,False
750089,1000,1,1,39.0,True
750101,1000,1,1,21.0,True
75019,1000,1,0,,False
750202,1000,1,1,1.0,True
750227,1000,1,1,4.0,True
750402,1000,1,1,1.0,True
750721,1000,0,0,,False
750880,1000,0,0,,False
75108,1000,1,1,1.0,True
751177,1000,0,0,,False
751279,1000,0,0,,False
751356,1000,1,1,10.0,True
751493,1000,1,1,214.0,True
751495,1000,1,1,181.0,True
751548,1000,0,0,,False
751639,1000,1,1,151.0,True
751670,1000,0,0,,False
751721,1000,2,2,10.0,True
751763,1000,1,1,1.0,True
751802,1000,1,0,,False
752287,1000,0,0,,False
752290,1000,1,1,45.0,True
752362,1000,0,0,,False
752373,1000,1,1,252.0,True
752483,1000,1,0,,False
752586,1000,0,0,,False
752670,1000,1,1,6.0,True
752713,1000,0,0,,False
752716,1000,1,0,,False
752721,1000,1,1,8.0,True
752889,1000,0,0,,False
753072,1000,1,0,,False
753229,1000,0,0,,False
753318,1000,1,1,9.0,True
753328,1000,1,1,199.0,True
753418,1000,0,0,,False
753477,1000,1,1,17.0,True
753533,1000,1,1,23.0,True
753602,1000,0,0,,False
75380,1000,1,1,24.0,True
754126,1000,1,1,56.0,True
754130,1000,1,0,,False
754313,1000,1,0,,False
75434,1000,0,0,,False
754371,1000,1,1,152.0,True
754698,1000,0,0,,False
754934,1000,0,0,,False
75503,1000,1,0,,False
755049,1000,1,1,63.0,True
755131,1000,1,1,1.0,True
755136,1000,1,1,26.0,True
755138,1000,1,1,1.0,True
7552,1000,0,0,,False
755297,1000,1,1,3.0,True
755304,1000,0,0,,False
755528,1000,1,1,3.0,True
755700,1000,0,0,,False
75571,1000,1,1,12.0,True
75573,1000,0,0,,False
755754,1000,0,0,,False
756178,1000,1,1,3.0,True
756320,1000,1,0,,False
756321,1000,1,1,4.0,True
756324,1000,1,1,374.0,True
75648,1000,1,1,1.0,True
756672,1000,1,1,24.0,True
75688,1000,0,0,,False
756913,1000,1,1,68.0,True
756980,1000,1,1,153.0,True
756993,1000,2,1,199.0,True
757266,1000,1,1,119.0,True
757303,1000,1,0,,False
757658,1000,2,0,,False
75785,1000,1,1,464.0,True
757857,1000,1,0,,False
757871,1000,0,0,,False
75796,1000,0,0,,False
75826,1000,1,1,178.0,True
758361,1000,0,0,,False
758370,1000,1,1,6.0,True
75844,1000,0,0,,False
758447,1000,1,1,33.0,True
758458,1000,1,1,2.0,True
758462,1000,1,1,1.0,True
758466,1000,0,0,,False
758470,1000,1,1,74.0,True
758735,1000,1,1,184.0,True
759047,1000,0,0,,False
759057,1000,1,0,,False
759187,1000,1,1,4.0,True
759274,1000,1,1,1.0,True
759412,1000,1,0,,False
75953,1000,1,1,1.0,True
759588,1000,1,1,8.0,True
759670,1000,1,0,,False
760114,1000,0,0,,False
760700,1000,0,0,,False
760810,1000,1,0,,False
760883,1000,1,1,657.0,True
760967,1000,0,0,,False
761220,1000,0,0,,False
761304,1000,0,0,,False
761339,1000,0,0,,False
761519,1000,0,0,,False
761553,1000,0,0,,False
761609,1000,0,0,,False
761702,1000,1,1,673.0,True
761768,1000,1,1,3.0,True
761847,1000,1,1,1.0,True
761977,1000,1,1,6.0,True
762134,1000,1,1,6.0,True
762172,1000,1,1,1.0,True
762194,1000,1,1,553.0,True
762265,1000,1,1,1.0,True
762304,1000,1,1,80.0,True
762491,1000,0,0,,False
762593,1000,1,1,786.0,True
762921,1000,1,1,6.0,True
7632,1000,1,1,258.0,True
763282,1000,1,1,18.0,True
763387,1000,1,1,48.0,True
763434,1000,1,1,33.0,True
763472,1000,1,1,2.0,True
763502,1000,1,1,140.0,True
763521,1000,1,1,39.0,True
763700,1000,1,1,22.0,True
763708,1000,1,1,4.0,True
763737,1000,1,1,3.0,True
763743,1000,0,0,,False
763772,1000,1,1,2.0,True
763890,1000,3,3,45.0,True
763920,1000,0,0,,False
763953,1000,1,1,166.0,True
76410,1000,1,0,,False
764117,1000,1,1,17.0,True
76418,1000,1,1,417.0,True
764223,1000,0,0,,False
764287,1000,1,1,9.0,True
764427,1000,1,1,121.0,True
764706,1000,1,1,3.0,True
76474,1000,0,0,,False
764743,1000,0,0,,False
764761,1000,1,1,31.0,True
764843,1000,1,1,2.0,True
76499,1000,1,1,5.0,True
765078,1000,0,0,,False
765296,1000,0,0,,False
765323,1000,1,1,6.0,True
765439,1000,1,1,2.0,True
76566,1000,0,0,,False
765693,1000,0,0,,False
765939,1000,1,1,3.0,True
76602,1000,0,0,,False
766045,1000,1,1,65.0,True
766052,1000,2,2,9.0,True
766241,1000,1,1,178.0,True
766280,1000,0,0,,False
766362,1000,0,0,,False
766458,1000,1,1,183.0,True
766608,1000,0,0,,False
766623,1000,1,1,2.0,True
76667,1000,1,1,1.0,True
76676,1000,0,0,,False
766782,1000,1,1,4.0,True
76680,1000,0,0,,False
76681,1000,0,0,,False
766865,1000,0,0,,False
766950,1000,1,0,,False
767026,1000,1,1,9.0,True
767064,1000,1,1,177.0,True
767096,1000,1,1,99.0,True
767175,1000,1,1,342.0,True
767270,1000,1,1,5.0,True
767372,1000,1,1,47.0,True
767522,1000,1,1,138.0,True
767558,1000,1,1,227.0,True
767644,1000,1,1,6.0,True
768081,1000,0,0,,False
768113,1000,0,0,,False
768646,1000,1,1,2.0,True
768780,1000,1,1,42.0,True
768792,1000,1,1,565.0,True
768898,1000,0,0,,False
768947,1000,1,1,2.0,True
76911,1000,1,1,28.0,True
769273,1000,1,1,2.0,True
769303,1000,1,1,88.0,True
769418,1000,1,1,5.0,True
769472,1000,1,1,2.0,True
769537,1000,1,0,,False
769720,1000,1,0,,False
769727,1000,1,0,,False
769732,1000,1,1,5.0,True
770206,1000,0,0,,False
770265,1000,1,0,,False
770270,1000,1,1,5.0,True
770563,1000,1,1,3.0,True
770564,1000,0,0,,False
770700,1000,1,1,258.0,True
770777,1000,1,1,3.0,True
770809,1000,1,1,2.0,True
770938,1000,0,0,,False
770939,1000,1,1,3.0,True
771402,1000,1,1,10.0,True
771409,1000,0,0,,False
771455,1000,1,1,22.0,True
771818,1000,0,0,,False
772222,1000,0,0,,False
772383,1000,1,0,,False
772810,1000,0,0,,False
772887,1000,1,0,,False
772916,1000,1,1,50.0,True
772957,1000,1,1,7.0,True
773010,1000,1,1,43.0,True
773029,1000,0,0,,False
773344,1000,1,1,3.0,True
773596,1000,1,1,392.0,True
773761,1000,1,1,4.0,True
773851,1000,1,1,7.0,True
773953,1000,1,0,,False
774132,1000,1,1,4.0,True
77420,1000,0,0,,False
774207,1000,1,1,2.0,True
774209,1000,1,1,799.0,True
774394,1000,1,0,,False
774564,1000,0,0,,False
774801,1000,1,1,608.0,True
774843,1000,1,1,399.0,True
775068,1000,1,1,3.0,True
77507,1000,1,1,12.0,True
775273,1000,1,1,31.0,True
775281,1000,0,0,,False
775294,1000,1,1,80.0,True
775314,1000,1,1,36.0,True
775422,1000,1,1,3.0,True
775520,1000,0,0,,False
775596,1000,1,1,62.0,True
77563,1000,1,1,1.0,True
775647,1000,1,1,69.0,True
77583,1000,1,1,45.0,True
775961,1000,1,1,15.0,True
776097,1000,1,0,,False
776510,1000,1,1,2.0,True
77659,1000,1,1,23.0,True
776610,1000,1,1,45.0,True
776797,1000,0,0,,False
776829,1000,1,1,27.0,True
776857,1000,0,0,,False
776901,1000,0,0,,False
776969,1000,0,0,,False
776979,1000,1,1,3.0,True
776987,1000,1,0,,False
777117,1000,1,1,1.0,True
777198,1000,0,0,,False
7774,1000,0,0,,False
777572,1000,1,0,,False
777666,1000,1,1,13.0,True
777698,1000,1,1,187.0,True
778034,1000,1,0,,False
778088,1000,1,1,41.0,True
778361,1000,0,0,,False
778448,1000,1,1,20.0,True
778597,1000,0,0,,False
778603,1000,1,1,424.0,True
778608,1000,1,1,42.0,True
778673,1000,1,1,978.0,True
77883,1000,1,1,93.0,True
779110,1000,0,0,,False
779172,1000,2,2,3.0,True
779369,1000,0,0,,False
779457,1000,1,1,47.0,True
779478,1000,0,0,,False
779591,1000,1,1,4.0,True
77970,1000,1,1,129.0,True
779827,1000,1,1,2.0,True
779853,1000,3,3,1.0,True
779868,1000,1,0,,False
779992,1000,1,1,916.0,True
780238,1000,1,1,74.0,True
780258,1000,1,1,2.0,True
780266,1000,0,0,,False
780289,1000,1,1,3.0,True
780400,1000,1,0,,False
780422,1000,0,0,,False
780455,1000,0,0,,False
780497,1000,0,0,,False
780611,1000,0,0,,False
780636,1000,1,1,6.0,True
780677,1000,1,1,228.0,True
780800,1000,1,1,18.0,True
780828,1000,0,0,,False
780975,1000,0,0,,False
780991,1000,1,0,,False
780994,1000,1,0,,False
781022,1000,1,1,2.0,True
781147,1000,0,0,,False
781181,1000,2,2,33.0,True
781471,1000,1,0,,False
781781,1000,1,1,271.0,True
782074,1000,0,0,,False
78217,1000,0,0,,False
782319,1000,1,1,1.0,True
782491,1000,1,1,5.0,True
782576,1000,1,1,18.0,True
782850,1000,0,0,,False
782994,1000,0,0,,False
783197,1000,1,1,14.0,True
783278,1000,1,1,106.0,True
783344,1000,0,0,,False
783401,1000,1,1,1.0,True
783615,1000,1,0,,False
783813,1000,1,1,1.0,True
783830,1000,1,1,887.0,True
784065,1000,1,1,2.0,True
784087,1000,1,1,4.0,True
78436,1000,0,0,,False
78449,1000,0,0,,False
784544,1000,1,1,6.0,True
784800,1000,1,1,3.0,True
784852,1000,1,1,6.0,True
784868,1000,1,0,,False
784990,1000,0,0,,False
785279,1000,1,1,1.0,True
785303,1000,1,1,152.0,True
785397,1000,1,1,222.0,True
78542,1000,1,0,,False
78546,1000,1,1,3.0,True
785563,1000,1,1,468.0,True
785578,1000,1,0,,False
785723,1000,0,0,,False
785738,1000,1,1,343.0,True
785809,1000,1,1,1.0,True
785925,1000,0,0,,False
786,1000,0,0,,False
786004,1000,0,0,,False
78607,1000,1,1,8.0,True
786345,1000,1,1,9.0,True
78638,1000,0,0,,False
786518,1000,1,0,,False
786544,1000,1,1,2.0,True
786607,1000,1,1,854.0,True
786662,1000,1,1,6.0,True
786827,1000,1,1,18.0,True
786842,1000,1,1,90.0,True
786859,1000,0,0,,False
786867,1000,1,1,15.0,True
786907,1000,1,0,,False
786919,1000,1,1,42.0,True
787018,1000,1,0,,False
787079,1000,0,0,,False
787179,1000,0,0,,False
787220,1000,0,0,,False
787228,1000,0,0,,False
787436,1000,1,1,44.0,True
78746,1000,1,0,,False
787565,1000,0,0,,False
787596,1000,1,1,98.0,True
787824,1000,1,1,2.0,True
78786,1000,1,1,5.0,True
787948,1000,0,0,,False
787971,1000,1,1,800.0,True
788012,1000,1,1,43.0,True
788153,1000,1,1,8.0,True
788213,1000,1,0,,False
78823,1000,1,1,148.0,True
788280,1000,1,1,2.0,True
788337,1000,1,1,15.0,True
788394,1000,2,1,241.0,True
788477,1000,0,0,,False
78849,1000,0,0,,False
788690,1000,0,0,,False
788833,1000,1,1,5.0,True
788899,1000,1,1,11.0,True
788989,1000,1,1,2.0,True
789007,1000,0,0,,False
789060,1000,1,1,7.0,True
789110,1000,0,0,,False
789415,1000,0,0,,False
789459,1000,1,1,3.0,True
789487,1000,0,0,,False
789689,1000,1,1,6.0,True
790090,1000,1,1,15.0,True
79026,1000,1,1,3.0,True
790306,1000,0,0,,False
790510,1000,1,1,1.0,True
790664,1000,1,1,2.0,True
790671,1000,1,1,32.0,True
790763,1000,0,0,,False
790789,1000,1,0,,False
791051,1000,0,0,,False
791205,1000,1,1,43.0,True
791307,1000,1,1,24.0,True
791399,1000,1,1,5.0,True
791413,1000,1,1,4.0,True
791725,1000,0,0,,False
791879,1000,1,0,,False
792166,1000,1,1,3.0,True
792199,1000,1,1,5.0,True
792264,1000,1,1,186.0,True
79279,1000,1,1,63.0,True
79291,1000,0,0,,False
793256,1000,1,1,4.0,True
793430,1000,1,1,6.0,True
79347,1000,0,0,,False
793563,1000,1,1,2.0,True
794417,1000,1,1,4.0,True
794477,1000,0,0,,False
794693,1000,0,0,,False
794735,1000,0,0,,False
794931,1000,0,0,,False
795118,1000,1,1,882.0,True
79517,1000,0,0,,False
795346,1000,0,0,,False
795542,1000,1,1,2.0,True
795551,1000,1,1,48.0,True
795607,1000,1,1,14.0,True
795682,1000,1,0,,False
795751,1000,1,1,259.0,True
796158,1000,2,2,1.0,True
796475,1000,0,0,,False
796480,1000,1,1,101.0,True
796517,1000,1,0,,False
796619,1000,2,2,34.0,True
796927,1000,1,1,17.0,True
797074,1000,1,1,103.0,True
797089,1000,1,1,18.0,True
797244,1000,1,1,191.0,True
797296,1000,2,2,21.0,True
797300,1000,1,1,107.0,True
79740,1000,0,0,,False
797424,1000,0,0,,False
797521,1000,1,1,33.0,True
797522,1000,1,1,16.0,True
797606,1000,1,1,8.0,True
797655,1000,1,1,1.0,True
797891,1000,1,1,118.0,True
798078,1000,1,1,5.0,True
798125,1000,1,1,24.0,True
798287,1000,0,0,,False
798326,1000,1,1,2.0,True
798339,1000,1,0,,False
79854,1000,1,1,113.0,True
798676,1000,0,0,,False
798686,1000,0,0,,False
798822,1000,1,1,306.0,True
798833,1000,1,1,153.0,True
798890,1000,1,1,6.0,True
798997,1000,0,0,,False
799036,1000,1,1,422.0,True
799333,1000,1,1,2.0,True
799355,1000,0,0,,False
799417,1000,1,1,233.0,True
799450,1000,1,1,180.0,True
799643,1000,0,0,,False
799922,1000,1,1,10.0,True
799948,1000,1,1,216.0,True
799997,1000,1,1,409.0,True
800115,1000,1,1,15.0,True
800130,1000,1,1,3.0,True
800163,1000,0,0,,False
800276,1000,1,1,444.0,True
800465,1000,0,0,,False
800615,1000,0,0,,False
800653,1000,2,2,106.0,True
800722,1000,0,0,,False
800793,1000,0,0,,False
800854,1000,1,1,24.0,True
800877,1000,1,1,23.0,True
800967,1000,1,1,2.0,True
800968,1000,1,1,2.0,True
80114,1000,0,0,,False
801255,1000,0,0,,False
801308,1000,1,1,1.0,True
801313,1000,1,1,1.0,True
801428,1000,1,1,4.0,True
801443,1000,1,0,,False
80146,1000,0,0,,False
80153,1000,0,0,,False
801554,1000,1,1,34.0,True
801728,1000,1,1,48.0,True
80182,1000,1,1,79.0,True
802050,1000,0,0,,False
802054,1000,1,1,5.0,True
802097,1000,1,1,8.0,True
80281,1000,0,0,,False
803050,1000,1,1,15.0,True
803089,1000,1,0,,False
80311,1000,1,0,,False
803134,1000,0,0,,False
803146,1000,1,1,8.0,True
803203,1000,2,2,10.0,True
803632,1000,0,0,,False
803774,1000,1,0,,False
803965,1000,1,0,,False
804146,1000,0,0,,False
804238,1000,1,1,307.0,True
804254,1000,0,0,,False
80426,1000,0,0,,False
804262,1000,0,0,,False
804367,1000,0,0,,False
804418,1000,1,0,,False
804470,1000,0,0,,False
804475,1000,0,0,,False
804529,1000,1,1,1.0,True
804763,1000,1,1,71.0,True
804826,1000,0,0,,False
804954,1000,1,1,279.0,True
804962,1000,1,1,545.0,True
805019,1000,0,0,,False
805091,1000,1,0,,False
80513,1000,1,1,31.0,True
805262,1000,1,0,,False
805437,1000,1,1,3.0,True
805500,1000,0,0,,False
805652,1000,1,1,168.0,True
806075,1000,2,2,103.0,True
806108,1000,0,0,,False
806116,1000,0,0,,False
80633,1000,0,0,,False
806411,1000,1,1,71.0,True
806431,1000,1,0,,False
806595,1000,1,1,373.0,True
806796,1000,1,0,,False
806803,1000,1,1,507.0,True
806884,1000,1,1,13.0,True
806925,1000,1,1,1.0,True
806930,1000,0,0,,False
806938,1000,1,1,5.0,True
806965,1000,0,0,,False
8070,1000,0,0,,False
807119,1000,1,1,41.0,True
807259,1000,1,1,104.0,True
807327,1000,0,0,,False
807355,1000,0,0,,False
80740,1000,1,1,3.0,True
807412,1000,1,1,84.0,True
807531,1000,0,0,,False
807544,1000,1,1,11.0,True
807614,1000,1,1,53.0,True
80765,1000,0,0,,False
808123,1000,0,0,,False
808229,1000,0,0,,False
808315,1000,0,0,,False
808585,1000,0,0,,False
808605,1000,0,0,,False
808782,1000,0,0,,False
809024,1000,1,1,745.0,True
80903,1000,2,2,2.0,True
809186,1000,0,0,,False
809301,1000,1,1,43.0,True
809370,1000,0,0,,False
809461,1000,1,1,6.0,True
809529,1000,1,1,11.0,True
809736,1000,0,0,,False
809756,1000,0,0,,False
809813,1000,1,1,7.0,True
809859,1000,1,1,36.0,True
809861,1000,0,0,,False
810033,1000,1,0,,False
810173,1000,1,1,195.0,True
810196,1000,1,1,181.0,True
810231,1000,1,1,146.0,True
810376,1000,1,1,955.0,True
81043,1000,0,0,,False
810516,1000,0,0,,False
810630,1000,1,0,,False
810679,1000,0,0,,False
811017,1000,1,1,69.0,True
811179,1000,1,1,210.0,True
811228,1000,1,1,2.0,True
811301,1000,1,1,660.0,True
811368,1000,1,1,5.0,True
811426,1000,0,0,,False
811440,1000,1,1,60.0,True
811487,1000,1,1,44.0,True
811600,1000,1,1,3.0,True
81163,1000,1,1,218.0,True
811658,1000,2,1,95.0,True
811748,1000,0,0,,False
811872,1000,0,0,,False
812097,1000,1,1,1.0,True
812198,1000,0,0,,False
812210,1000,1,1,146.0,True
81223,1000,1,1,100.0,True
812360,1000,1,1,1.0,True
812390,1000,1,0,,False
812395,1000,1,1,32.0,True
812508,1000,0,0,,False
812536,1000,0,0,,False
812564,1000,1,1,86.0,True
812657,1000,1,1,564.0,True
812681,1000,1,1,877.0,True
812804,1000,1,1,5.0,True
812926,1000,1,1,5.0,True
813014,1000,1,0,,False
813065,1000,0,0,,False
813377,1000,1,1,141.0,True
813442,1000,1,1,2.0,True
813468,1000,0,0,,False
813556,1000,2,0,,False
813603,1000,1,1,6.0,True
813642,1000,1,1,4.0,True
813895,1000,0,0,,False
813898,1000,1,1,77.0,True
814084,1000,1,1,32.0,True
81411,1000,1,0,,False
814214,1000,1,1,265.0,True
814242,1000,1,1,762.0,True
814302,1000,0,0,,False
814380,1000,1,1,2.0,True
814540,1000,1,1,397.0,True
814581,1000,1,0,,False
814724,1000,1,0,,False
814868,1000,1,1,355.0,True
814882,1000,1,1,16.0,True
815001,1000,1,1,262.0,True
815031,1000,1,1,1.0,True
815130,1000,1,1,1.0,True
815374,1000,1,1,2.0,True
815582,1000,1,1,2.0,True
815609,1000,1,0,,False
815743,1000,0,0,,False
815833,1000,1,1,881.0,True
815951,1000,1,1,1.0,True
816033,1000,1,1,245.0,True
816039,1000,1,1,487.0,True
816114,1000,1,1,6.0,True
816452,1000,1,1,1.0,True
816542,1000,1,1,1.0,True
816655,1000,1,1,2.0,True
816901,1000,1,1,24.0,True
816987,1000,2,2,16.0,True
817424,1000,0,0,,False
81756,1000,2,2,1.0,True
81799,1000,0,0,,False
818276,1000,0,0,,False
818335,1000,0,0,,False
818477,1000,0,0,,False
818528,1000,1,1,1.0,True
818562,1000,1,1,47.0,True
818680,1000,0,0,,False
818738,1000,0,0,,False
818919,1000,1,1,6.0,True
819011,1000,1,1,583.0,True
819071,1000,1,1,2.0,True
81920,1000,1,1,339.0,True
819260,1000,1,1,1.0,True
819366,1000,0,0,,False
819403,1000,1,0,,False
819595,1000,1,1,1.0,True
819630,1000,1,1,901.0,True
819708,1000,1,0,,False
819829,1000,0,0,,False
819921,1000,1,1,317.0,True
819960,1000,1,1,33.0,True
819963,1000,1,1,1.0,True
820190,1000,0,0,,False
820311,1000,0,0,,False
820452,1000,1,1,12.0,True
820603,1000,0,0,,False
820897,1000,1,1,11.0,True
820907,1000,1,1,105.0,True
820951,1000,0,0,,False
820997,1000,1,1,102.0,True
821297,1000,1,1,10.0,True
821359,1000,1,1,1.0,True
821430,1000,2,1,288.0,True
821450,1000,0,0,,False
821468,1000,1,1,971.0,True
821574,1000,0,0,,False
821731,1000,1,1,1.0,True
821763,1000,1,1,99.0,True
821789,1000,1,1,9.0,True
821791,1000,1,1,833.0,True
821793,1000,0,0,,False
822096,1000,1,1,12.0,True
822128,1000,1,1,1.0,True
82217,1000,1,1,13.0,True
822178,1000,0,0,,False
822180,1000,1,1,785.0,True
822206,1000,0,0,,False
82224,1000,0,0,,False
822413,1000,1,1,277.0,True
822431,1000,0,0,,False
822672,1000,1,1,2.0,True
822721,1000,2,2,6.0,True
82277,1000,1,1,2.0,True
822781,1000,1,1,1.0,True
822800,1000,0,0,,False
822927,1000,0,0,,False
82309,1000,1,1,10.0,True
823217,1000,0,0,,False
823234,1000,1,1,5.0,True
823235,1000,1,1,5.0,True
823263,1000,1,1,16.0,True
823390,1000,1,1,3.0,True
823600,1000,1,1,74.0,True
823662,1000,0,0,,False
823765,1000,2,2,14.0,True
823965,1000,1,1,39.0,True
824232,1000,1,1,4.0,True
824240,1000,2,1,21.0,True
824268,1000,1,0,,False
824280,1000,1,1,8.0,True
824403,1000,0,0,,False
824575,1000,1,1,1.0,True
824675,1000,0,0,,False
824806,1000,1,1,265.0,True
824822,1000,0,0,,False
824836,1000,0,0,,False
824930,1000,0,0,,False
824946,1000,1,1,744.0,True
824998,1000,0,0,,False
825096,1000,1,1,1.0,True
825241,1000,1,1,3.0,True
825286,1000,1,1,720.0,True
825536,1000,1,1,483.0,True
825550,1000,1,0,,False
825574,1000,0,0,,False
825700,1000,1,1,206.0,True
825701,1000,0,0,,False
825824,1000,0,0,,False
825841,1000,0,0,,False
825873,1000,1,1,154.0,True
826118,1000,1,0,,False
826186,1000,0,0,,False
826392,1000,0,0,,False
826478,1000,0,0,,False
82670,1000,1,1,1.0,True
826854,1000,0,0,,False
82695,1000,0,0,,False
827030,1000,1,1,124.0,True
827039,1000,1,1,40.0,True
827090,1000,0,0,,False
827232,1000,0,0,,False
827344,1000,0,0,,False
82740,1000,1,1,3.0,True
827423,1000,1,1,25.0,True
827519,1000,0,0,,False
827539,1000,1,1,20.0,True
8278,1000,0,0,,False
827855,1000,1,1,16.0,True
827869,1000,0,0,,False
827908,1000,0,0,,False
827957,1000,0,0,,False
828285,1000,1,0,,False
828354,1000,1,1,102.0,True
828483,1000,1,1,239.0,True
828550,1000,1,1,3.0,True
828567,1000,0,0,,False
828618,1000,1,1,2.0,True
828673,1000,1,1,2.0,True
82869,1000,0,0,,False
828770,1000,1,0,,False
828915,1000,0,0,,False
828943,1000,1,0,,False
828944,1000,1,1,9.0,True
829194,1000,1,1,8.0,True
829377,1000,1,1,185.0,True
829400,1000,1,1,207.0,True
829520,1000,0,0,,False
829592,1000,1,1,31.0,True
829910,1000,0,0,,False
829997,1000,1,1,8.0,True
830192,1000,0,0,,False
830328,1000,0,0,,False
83034,1000,1,1,544.0,True
830377,1000,1,1,7.0,True
830437,1000,0,0,,False
830451,1000,1,0,,False
830643,1000,1,1,10.0,True
830749,1000,1,1,293.0,True
831058,1000,1,1,113.0,True
831200,1000,1,0,,False
83143,1000,1,1,3.0,True
831561,1000,1,1,85.0,True
831574,1000,1,1,4.0,True
831579,1000,1,1,6.0,True
831722,1000,1,1,1.0,True
831749,1000,1,1,4.0,True
831758,1000,1,1,3.0,True
831812,1000,1,1,5.0,True
831938,1000,1,0,,False
832036,1000,0,0,,False
832149,1000,1,1,1.0,True
832251,1000,0,0,,False
832297,1000,0,0,,False
832317,1000,1,1,14.0,True
832326,1000,1,0,,False
832596,1000,1,1,118.0,True
832613,1000,1,0,,False
832798,1000,0,0,,False
832921,1000,1,1,25.0,True
832943,1000,1,0,,False
833226,1000,0,0,,False
833249,1000,1,1,61.0,True
833523,1000,1,1,364.0,True
833525,1000,1,0,,False
833545,1000,1,0,,False
833786,1000,1,0,,False
834,1000,0,0,,False
834022,1000,1,1,47.0,True
834121,1000,1,1,1.0,True
834163,1000,0,0,,False
834249,1000,1,0,,False
834285,1000,1,1,14.0,True
834341,1000,0,0,,False
834385,1000,1,1,113.0,True
83440,1000,0,0,,False
834541,1000,1,0,,False
834637,1000,0,0,,False
8347,1000,0,0,,False
834894,1000,0,0,,False
834908,1000,1,0,,False
835098,1000,1,1,58.0,True
835167,1000,1,1,1.0,True
835211,1000,0,0,,False
835233,1000,1,1,23.0,True
835269,1000,0,0,,False
835334,1000,0,0,,False
835340,1000,1,1,154.0,True
835540,1000,1,1,118.0,True
835660,1000,0,0,,False
835838,1000,3,1,262.0,True
835861,1000,1,1,1.0,True
835865,1000,1,1,13.0,True
835957,1000,1,1,6.0,True
835995,1000,1,0,,False
83602,1000,2,1,503.0,True
836061,1000,1,1,1.0,True
836101,1000,1,1,752.0,True
836271,1000,1,1,5.0,True
836316,1000,0,0,,False
836469,1000,1,1,202.0,True
836470,1000,1,1,9.0,True
836545,1000,1,0,,False
836690,1000,1,1,12.0,True
836696,1000,0,0,,False
836772,1000,1,1,134.0,True
836893,1000,1,1,27.0,True
836895,1000,1,0,,False
837178,1000,1,1,6.0,True
837299,1000,0,0,,False
837482,1000,1,1,10.0,True
837545,1000,1,0,,False
837756,1000,1,1,984.0,True
837861,1000,0,0,,False
838001,1000,1,0,,False
838005,1000,1,1,110.0,True
838058,1000,0,0,,False
838154,1000,1,1,155.0,True
838446,1000,1,0,,False
838528,1000,1,1,173.0,True
838625,1000,0,0,,False
838805,1000,2,2,27.0,True
838867,1000,1,1,2.0,True
839007,1000,1,1,17.0,True
839021,1000,1,1,26.0,True
83908,1000,1,1,392.0,True
83933,1000,0,0,,False
839548,1000,0,0,,False
839660,1000,1,0,,False
839767,1000,1,1,12.0,True
839814,1000,1,1,27.0,True
839826,1000,1,1,3.0,True
839929,1000,1,1,104.0,True
839931,1000,1,1,5.0,True
839943,1000,2,2,88.0,True
840265,1000,1,1,2.0,True
84031,1000,0,0,,False
840335,1000,1,0,,False
840581,1000,0,0,,False
840675,1000,1,0,,False
840718,1000,1,1,3.0,True
841004,1000,1,1,48.0,True
841069,1000,1,1,35.0,True
841154,1000,1,1,148.0,True
841178,1000,0,0,,False
841266,1000,1,1,7.0,True
841572,1000,0,0,,False
841651,1000,0,0,,False
841676,1000,1,1,137.0,True
84186,1000,0,0,,False
841910,1000,1,1,2.0,True
842044,1000,1,1,198.0,True
842234,1000,1,1,2.0,True
842320,1000,1,0,,False
842465,1000,1,0,,False
842468,1000,0,0,,False
842728,1000,0,0,,False
842998,1000,0,0,,False
843099,1000,1,1,40.0,True
843105,1000,1,1,814.0,True
843144,1000,0,0,,False
843166,1000,0,0,,False
843225,1000,0,0,,False
843250,1000,1,1,40.0,True
843457,1000,4,1,21.0,True
84352,1000,1,1,536.0,True
84395,1000,0,0,,False
84396,1000,1,1,13.0,True
844166,1000,0,0,,False
844197,1000,0,0,,False
844217,1000,0,0,,False
844278,1000,0,0,,False
844324,1000,1,1,73.0,True
844408,1000,1,1,49.0,True
844412,1000,1,0,,False
844675,1000,0,0,,False
844761,1000,1,1,1.0,True
844777,1000,1,1,14.0,True
844883,1000,0,0,,False
845322,1000,0,0,,False
845365,1000,1,1,2.0,True
845401,1000,0,0,,False
84557,1000,0,0,,False
845641,1000,1,1,2.0,True
845704,1000,1,1,37.0,True
845735,1000,1,1,2.0,True
845812,1000,0,0,,False
845938,1000,1,1,1.0,True
84606,1000,5,5,7.0,True
846060,1000,1,1,133.0,True
846206,1000,0,0,,False
84637,1000,1,1,588.0,True
846460,1000,0,0,,False
846487,1000,0,0,,False
846506,1000,0,0,,False
846606,1000,0,0,,False
846819,1000,1,0,,False
846898,1000,1,1,50.0,True
84700,1000,1,1,25.0,True
847045,1000,1,1,4.0,True
847110,1000,1,1,24.0,True
847341,1000,0,0,,False
847437,1000,0,0,,False
84744,1000,0,0,,False
847603,1000,1,1,1.0,True
847802,1000,0,0,,False
847868,1000,1,1,2.0,True
847914,1000,0,0,,False
847977,1000,1,1,1.0,True
848115,1000,1,1,31.0,True
848279,1000,0,0,,False
84837,1000,0,0,,False
848554,1000,0,0,,False
848570,1000,0,0,,False
848670,1000,0,0,,False
848799,1000,1,0,,False
848845,1000,1,1,4.0,True
849425,1000,1,1,376.0,True
849557,1000,0,0,,False
84960,1000,2,0,,False
849827,1000,0,0,,False
850027,1000,0,0,,False
850159,1000,0,0,,False
850187,1000,1,1,119.0,True
850281,1000,1,1,15.0,True
850369,1000,1,1,435.0,True
850396,1000,1,1,672.0,True
850634,1000,0,0,,False
85083,1000,2,2,4.0,True
850901,1000,0,0,,False
850905,1000,1,1,410.0,True
850910,1000,1,1,907.0,True
851104,1000,1,1,4.0,True
851127,1000,0,0,,False
851249,1000,0,0,,False
851409,1000,1,1,353.0,True
851430,1000,0,0,,False
851475,1000,0,0,,False
851566,1000,1,0,,False
851603,1000,2,2,38.0,True
851660,1000,0,0,,False
851863,1000,1,1,6.0,True
852022,1000,1,0,,False
852122,1000,1,1,244.0,True
852197,1000,1,1,1.0,True
852367,1000,1,1,32.0,True
852449,1000,1,1,26.0,True
8525,1000,0,0,,False
852609,1000,1,0,,False
852704,1000,1,1,666.0,True
852752,1000,1,1,51.0,True
852754,1000,1,1,27.0,True
852776,1000,1,1,64.0,True
852807,1000,1,1,8.0,True
853230,1000,0,0,,False
853341,1000,1,1,264.0,True
853345,1000,1,1,52.0,True
853359,1000,1,1,65.0,True
853490,1000,0,0,,False
853534,1000,1,1,4.0,True
853618,1000,1,1,31.0,True
853660,1000,0,0,,False
853687,1000,1,1,61.0,True
853856,1000,0,0,,False
853918,1000,0,0,,False
853970,1000,1,1,71.0,True
854048,1000,1,1,581.0,True
854141,1000,1,1,222.0,True
854196,1000,1,0,,False
854336,1000,0,0,,False
854385,1000,1,1,6.0,True
854405,1000,0,0,,False
854500,1000,1,1,81.0,True
85465,1000,1,1,67.0,True
854801,1000,0,0,,False
854899,1000,0,0,,False
854948,1000,1,1,2.0,True
855070,1000,0,0,,False
855096,1000,1,1,144.0,True
85512,1000,1,1,228.0,True
855211,1000,1,1,3.0,True
855245,1000,1,1,3.0,True
855742,1000,1,1,324.0,True
855830,1000,1,1,197.0,True
856057,1000,1,1,30.0,True
856294,1000,1,1,11.0,True
856469,1000,0,0,,False
856535,1000,2,2,1.0,True
856547,1000,1,1,1.0,True
8566,1000,1,1,4.0,True
856606,1000,0,0,,False
856940,1000,0,0,,False
857205,1000,1,0,,False
857236,1000,0,0,,False
857465,1000,1,1,148.0,True
857466,1000,1,1,3.0,True
858273,1000,0,0,,False
858392,1000,1,0,,False
858504,1000,1,0,,False
858544,1000,0,0,,False
858587,1000,1,1,1.0,True
858622,1000,0,0,,False
858632,1000,1,1,55.0,True
858648,1000,0,0,,False
859261,1000,1,1,517.0,True
859559,1000,1,1,954.0,True
859560,1000,1,0,,False
859611,1000,1,1,51.0,True
859706,1000,2,2,1.0,True
859730,1000,2,0,,False
859787,1000,1,0,,False
859843,1000,1,1,231.0,True
859844,1000,0,0,,False
859858,1000,0,0,,False
859881,1000,1,1,153.0,True
859928,1000,1,1,432.0,True
86,1000,0,0,,False
860068,1000,1,1,11.0,True
860069,1000,1,1,3.0,True
860110,1000,1,1,5.0,True
860184,1000,1,1,18.0,True
860391,1000,1,0,,False
860426,1000,1,1,751.0,True
860443,1000,1,1,3.0,True
860733,1000,0,0,,False
860736,1000,0,0,,False
860853,1000,1,1,19.0,True
861150,1000,1,1,8.0,True
861298,1000,0,0,,False
861353,1000,0,0,,False
861381,1000,1,1,374.0,True
861629,1000,1,1,1.0,True
861650,1000,0,0,,False
861750,1000,0,0,,False
861863,1000,1,1,41.0,True
862093,1000,0,0,,False
862211,1000,0,0,,False
862275,1000,1,1,1.0,True
862288,1000,1,1,11.0,True
862361,1000,0,0,,False
862396,1000,0,0,,False
862420,1000,0,0,,False
862495,1000,1,1,21.0,True
862554,1000,1,1,11.0,True
862588,1000,1,1,152.0,True
862704,1000,1,0,,False
862718,1000,1,1,2.0,True
862754,1000,1,1,1.0,True
86285,1000,1,0,,False
863005,1000,1,0,,False
863011,1000,1,0,,False
863121,1000,0,0,,False
863294,1000,1,1,3.0,True
863306,1000,1,1,10.0,True
863377,1000,1,0,,False
863426,1000,0,0,,False
863692,1000,1,1,253.0,True
863889,1000,1,1,77.0,True
86391,1000,1,1,285.0,True
863974,1000,1,1,3.0,True
863983,1000,1,1,2.0,True
863999,1000,1,1,1.0,True
864009,1000,1,0,,False
864093,1000,1,1,5.0,True
864262,1000,1,1,181.0,True
864408,1000,1,1,40.0,True
864563,1000,1,1,26.0,True
864752,1000,1,1,20.0,True
86489,1000,2,1,1.0,True
864969,1000,0,0,,False
865071,1000,1,1,277.0,True
865244,1000,1,0,,False
865374,1000,0,0,,False
865391,1000,0,0,,False
865443,1000,2,1,67.0,True
865477,1000,2,1,401.0,True
865693,1000,0,0,,False
865756,1000,0,0,,False
865870,1000,0,0,,False
86589,1000,1,1,153.0,True
866106,1000,1,1,3.0,True
866230,1000,1,0,,False
866271,1000,1,1,497.0,True
86631,1000,1,1,11.0,True
866341,1000,0,0,,False
866438,1000,1,0,,False
866462,1000,0,0,,False
866692,1000,0,0,,False
866759,1000,0,0,,False
866847,1000,0,0,,False
866976,1000,0,0,,False
866986,1000,0,0,,False
867039,1000,0,0,,False
867204,1000,0,0,,False
867485,1000,1,1,160.0,True
867591,1000,0,0,,False
867697,1000,0,0,,False
867786,1000,0,0,,False
86796,1000,0,0,,False
86810,1000,0,0,,False
868167,1000,1,1,5.0,True
868221,1000,1,1,9.0,True
868226,1000,0,0,,False
868380,1000,1,1,56.0,True
868486,1000,0,0,,False
868527,1000,1,1,8.0,True
868562,1000,1,1,22.0,True
868762,1000,1,0,,False
868877,1000,1,0,,False
868918,1000,0,0,,False
868922,1000,1,1,1.0,True
868992,1000,0,0,,False
86900,1000,1,1,145.0,True
869100,1000,1,1,794.0,True
869359,1000,1,1,16.0,True
86938,1000,1,1,59.0,True
869410,1000,0,0,,False
869437,1000,1,1,80.0,True
869617,1000,1,1,1.0,True
869781,1000,0,0,,False
869945,1000,0,0,,False
869952,1000,1,1,60.0,True
869976,1000,1,0,,False
869977,1000,1,1,7.0,True
870233,1000,0,0,,False
870336,1000,1,1,368.0,True
870488,1000,1,0,,False
870524,1000,1,1,22.0,True
870656,1000,1,1,2.0,True
870957,1000,0,0,,False
870973,1000,1,1,6.0,True
871063,1000,0,0,,False
871144,1000,1,1,450.0,True
871180,1000,1,0,,False
871312,1000,1,1,125.0,True
871330,1000,1,1,6.0,True
871375,1000,1,1,204.0,True
871426,1000,0,0,,False
871454,1000,1,0,,False
871555,1000,1,0,,False
871955,1000,1,0,,False
872073,1000,0,0,,False
872075,1000,0,0,,False
872150,1000,0,0,,False
872217,1000,1,0,,False
872628,1000,1,1,3.0,True
872668,1000,0,0,,False
872826,1000,1,1,68.0,True
873104,1000,0,0,,False
873187,1000,0,0,,False
873197,1000,1,1,1.0,True
87330,1000,1,0,,False
87348,1000,1,0,,False
873489,1000,1,1,2.0,True
873525,1000,0,0,,False
8738,1000,1,1,44.0,True
873883,1000,0,0,,False
873921,1000,0,0,,False
873945,1000,0,0,,False
874342,1000,1,1,2.0,True
874419,1000,0,0,,False
874444,1000,0,0,,False
874493,1000,1,0,,False
8745,1000,0,0,,False
874632,1000,1,1,23.0,True
874716,1000,0,0,,False
874735,1000,0,0,,False
874853,1000,0,0,,False
874972,1000,0,0,,False
875003,1000,1,1,4.0,True
875122,1000,1,1,26.0,True
875163,1000,1,0,,False
875358,1000,1,1,50.0,True
875408,1000,1,0,,False
87544,1000,3,0,,False
8755,1000,1,1,19.0,True
875527,1000,1,1,38.0,True
875555,1000,0,0,,False
875956,1000,1,1,5.0,True
876073,1000,1,0,,False
87639,1000,1,1,468.0,True
876498,1000,1,1,1.0,True
876608,1000,0,0,,False
876619,1000,1,0,,False
87679,1000,4,1,449.0,True
876791,1000,1,1,93.0,True
877003,1000,1,0,,False
87705,1000,1,1,379.0,True
877194,1000,0,0,,False
877301,1000,1,0,,False
877348,1000,0,0,,False
877369,1000,0,0,,False
877393,1000,1,0,,False
877404,1000,2,2,37.0,True
87754,1000,1,1,3.0,True
877567,1000,1,0,,False
877683,1000,0,0,,False
87778,1000,0,0,,False
877858,1000,1,0,,False
877976,1000,0,0,,False
878034,1000,0,0,,False
878095,1000,1,1,181.0,True
878266,1000,0,0,,False
878280,1000,1,1,2.0,True
878374,1000,1,0,,False
878396,1000,0,0,,False
878410,1000,1,1,59.0,True
878523,1000,0,0,,False
878577,1000,1,0,,False
878582,1000,0,0,,False
878653,1000,1,1,286.0,True
878703,1000,1,0,,False
878707,1000,1,1,55.0,True
878788,1000,0,0,,False
878801,1000,1,1,52.0,True
878856,1000,1,1,18.0,True
8790,1000,1,1,1.0,True
879073,1000,0,0,,False
879114,1000,0,0,,False
879123,1000,1,0,,False
879127,1000,0,0,,False
87914,1000,1,1,67.0,True
879173,1000,1,1,16.0,True
879282,1000,1,1,119.0,True
879378,1000,0,0,,False
879403,1000,1,1,15.0,True
879629,1000,0,0,,False
879698,1000,1,1,5.0,True
87971,1000,0,0,,False
879832,1000,0,0,,False
879934,1000,1,1,14.0,True
879936,1000,1,1,10.0,True
879985,1000,1,0,,False
880016,1000,1,1,28.0,True
880048,1000,1,0,,False
880228,1000,1,1,5.0,True
880512,1000,0,0,,False
880542,1000,1,1,3.0,True
880692,1000,1,1,18.0,True
880870,1000,1,1,208.0,True
881320,1000,0,0,,False
881333,1000,0,0,,False
881365,1000,0,0,,False
881433,1000,1,1,9.0,True
881461,1000,0,0,,False
881510,1000,0,0,,False
881694,1000,1,0,,False
881775,1000,1,1,897.0,True
881865,1000,0,0,,False
881935,1000,1,1,2.0,True
881991,1000,0,0,,False
882039,1000,0,0,,False
882182,1000,1,1,38.0,True
882228,1000,1,0,,False
882492,1000,4,0,,False
882572,1000,0,0,,False
882616,1000,0,0,,False
882634,1000,0,0,,False
882681,1000,1,1,190.0,True
882721,1000,1,1,15.0,True
882765,1000,0,0,,False
883167,1000,1,0,,False
883391,1000,1,0,,False
883504,1000,1,1,5.0,True
883517,1000,1,1,92.0,True
883582,1000,0,0,,False
883589,1000,0,0,,False
883725,1000,0,0,,False
883874,1000,0,0,,False
883948,1000,1,1,9.0,True
883961,1000,0,0,,False
8840,1000,1,1,304.0,True
884229,1000,1,0,,False
88443,1000,0,0,,False
884838,1000,1,0,,False
884925,1000,1,1,11.0,True
88494,1000,0,0,,False
885097,1000,1,0,,False
885099,1000,1,0,,False
885108,1000,0,0,,False
885156,1000,1,1,13.0,True
885213,1000,1,0,,False
885398,1000,0,0,,False
885499,1000,1,0,,False
885604,1000,0,0,,False
885659,1000,0,0,,False
885912,1000,0,0,,False
885920,1000,0,0,,False
885979,1000,1,1,1.0,True
886080,1000,0,0,,False
8862,1000,1,1,3.0,True
886251,1000,0,0,,False
886424,1000,1,1,1.0,True
886444,1000,0,0,,False
886587,1000,2,0,,False
886633,1000,1,1,86.0,True
886690,1000,2,1,143.0,True
886770,1000,0,0,,False
886803,1000,1,1,152.0,True
887028,1000,1,0,,False
887075,1000,1,1,11.0,True
887091,1000,1,1,34.0,True
887177,1000,1,1,86.0,True
887209,1000,1,1,8.0,True
887259,1000,1,0,,False
887314,1000,0,0,,False
887443,1000,1,1,15.0,True
887515,1000,0,0,,False
887583,1000,1,1,1.0,True
887660,1000,1,1,1.0,True
887916,1000,1,1,35.0,True
887925,1000,0,0,,False
887960,1000,1,1,3.0,True
888148,1000,1,1,101.0,True
888508,1000,1,1,144.0,True
888738,1000,0,0,,False
888818,1000,0,0,,False
888871,1000,0,0,,False
888895,1000,0,0,,False
88898,1000,0,0,,False
8890,1000,1,1,24.0,True
889243,1000,1,1,27.0,True
889273,1000,0,0,,False
889460,1000,0,0,,False
889464,1000,0,0,,False
8896,1000,0,0,,False
889743,1000,0,0,,False
889799,1000,0,0,,False
889871,1000,1,1,40.0,True
890021,1000,0,0,,False
890041,1000,0,0,,False
890077,1000,1,1,300.0,True
890123,1000,1,0,,False
890311,1000,1,1,712.0,True
890405,1000,0,0,,False
890548,1000,0,0,,False
890602,1000,2,0,,False
890798,1000,1,1,1.0,True
890878,1000,1,1,87.0,True
891144,1000,0,0,,False
891235,1000,1,1,20.0,True
891323,1000,1,0,,False
89133,1000,1,1,935.0,True
891499,1000,0,0,,False
891543,1000,1,1,41.0,True
891589,1000,0,0,,False
891776,1000,0,0,,False
891951,1000,0,0,,False
892028,1000,0,0,,False
892280,1000,0,0,,False
892471,1000,1,1,8.0,True
892824,1000,1,1,261.0,True
893000,1000,0,0,,False
893031,1000,1,0,,False
893123,1000,0,0,,False
89315,1000,0,0,,False
893220,1000,0,0,,False
893261,1000,1,1,1.0,True
893445,1000,0,0,,False
893492,1000,0,0,,False
893761,1000,1,1,29.0,True
893925,1000,0,0,,False
893950,1000,1,0,,False
894000,1000,1,1,9.0,True
894256,1000,1,0,,False
894266,1000,0,0,,False
894363,1000,2,1,1.0,True
894407,1000,1,1,1.0,True
894458,1000,1,1,86.0,True
894482,1000,1,1,1.0,True
89463,1000,2,0,,False
89470,1000,0,0,,False
894794,1000,0,0,,False
894847,1000,1,1,1.0,True
894874,1000,0,0,,False
894887,1000,0,0,,False
894889,1000,1,1,9.0,True
894960,1000,1,1,2.0,True
895061,1000,0,0,,False
895159,1000,1,1,716.0,True
895218,1000,0,0,,False
895396,1000,2,1,101.0,True
895670,1000,0,0,,False
895743,1000,1,1,390.0,True
895784,1000,0,0,,False
895844,1000,1,1,5.0,True
895865,1000,0,0,,False
895982,1000,1,1,1.0,True
89599,1000,1,1,1.0,True
896081,1000,0,0,,False
896212,1000,1,0,,False
896319,1000,0,0,,False
896412,1000,0,0,,False
896541,1000,1,1,75.0,True
896600,1000,0,0,,False
896640,1000,1,1,3.0,True
896697,1000,1,0,,False
896741,1000,1,0,,False
896753,1000,1,1,1.0,True
896797,1000,1,1,25.0,True
897235,1000,1,1,32.0,True
897666,1000,1,1,166.0,True
897685,1000,1,0,,False
89772,1000,1,0,,False
897816,1000,1,1,67.0,True
89788,1000,1,1,113.0,True
898220,1000,1,1,10.0,True
898232,1000,1,0,,False
898527,1000,0,0,,False
898787,1000,0,0,,False
898904,1000,1,1,93.0,True
899128,1000,0,0,,False
899305,1000,1,1,1.0,True
899644,1000,1,0,,False
89969,1000,1,1,19.0,True
899728,1000,0,0,,False
899998,1000,0,0,,False
900036,1000,1,0,,False
900326,1000,1,0,,False
900330,1000,0,0,,False
900345,1000,0,0,,False
900549,1000,1,1,5.0,True
900613,1000,1,0,,False
900634,1000,0,0,,False
900670,1000,0,0,,False
900741,1000,0,0,,False
900760,1000,0,0,,False
900796,1000,1,1,14.0,True
900896,1000,1,0,,False
900975,1000,1,1,22.0,True
90118,1000,0,0,,False
901405,1000,0,0,,False
901465,1000,1,1,40.0,True
901629,1000,1,0,,False
901945,1000,0,0,,False
901946,1000,1,0,,False
902079,1000,1,0,,False
90221,1000,0,0,,False
902213,1000,1,0,,False
902519,1000,0,0,,False
902537,1000,1,0,,False
902676,1000,1,1,8.0,True
903277,1000,1,1,355.0,True
903403,1000,0,0,,False
903408,1000,0,0,,False
903522,1000,1,1,40.0,True
903654,1000,0,0,,False
903689,1000,1,0,,False
903700,1000,0,0,,False
903772,1000,1,0,,False
903958,1000,1,0,,False
904016,1000,0,0,,False
904209,1000,1,1,1.0,True
904228,1000,1,1,70.0,True
90425,1000,0,0,,False
904251,1000,1,1,3.0,True
904453,1000,0,0,,False
904520,1000,1,1,10.0,True
904690,1000,0,0,,False
904774,1000,0,0,,False
9049,1000,0,0,,False
905075,1000,0,0,,False
905477,1000,0,0,,False
905598,1000,1,1,2.0,True
905719,1000,0,0,,False
905856,1000,0,0,,False
905951,1000,1,1,22.0,True
906258,1000,1,1,14.0,True
906418,1000,0,0,,False
906455,1000,1,1,7.0,True
906546,1000,0,0,,False
906734,1000,1,0,,False
90688,1000,1,1,23.0,True
906920,1000,0,0,,False
907110,1000,1,1,127.0,True
907245,1000,1,1,673.0,True
907428,1000,1,1,5.0,True
90745,1000,1,0,,False
907793,1000,1,1,879.0,True
907967,1000,0,0,,False
908021,1000,1,1,4.0,True
908054,1000,1,0,,False
908100,1000,1,1,1.0,True
908192,1000,1,1,1.0,True
908201,1000,0,0,,False
908239,1000,1,1,8.0,True
908251,1000,2,2,12.0,True
908253,1000,1,1,9.0,True
908728,1000,1,1,10.0,True
90877,1000,1,1,13.0,True
908774,1000,3,1,121.0,True
908920,1000,0,0,,False
908936,1000,0,0,,False
908947,1000,1,0,,False
908966,1000,0,0,,False
909002,1000,2,2,38.0,True
909119,1000,1,1,18.0,True
909126,1000,1,1,20.0,True
90914,1000,0,0,,False
909167,1000,0,0,,False
909250,1000,2,0,,False
909335,1000,0,0,,False
909353,1000,0,0,,False
909361,1000,1,1,840.0,True
909394,1000,0,0,,False
909501,1000,1,1,5.0,True
90951,1000,1,1,43.0,True
909678,1000,1,1,3.0,True
909831,1000,0,0,,False
909856,1000,1,1,160.0,True
909884,1000,0,0,,False
909897,1000,0,0,,False
909934,1000,1,1,923.0,True
909946,1000,1,1,1.0,True
910015,1000,1,1,5.0,True
91006,1000,0,0,,False
910169,1000,2,2,31.0,True
910194,1000,0,0,,False
910222,1000,0,0,,False
910381,1000,1,1,16.0,True
910582,1000,1,0,,False
910642,1000,1,1,17.0,True
910740,1000,1,1,259.0,True
911107,1000,0,0,,False
911373,1000,1,0,,False
911406,1000,1,1,1.0,True
911540,1000,0,0,,False
911545,1000,0,0,,False
911599,1000,1,1,169.0,True
912248,1000,1,1,438.0,True
912322,1000,1,1,14.0,True
912795,1000,1,1,48.0,True
912901,1000,1,1,185.0,True
912965,1000,1,0,,False
912968,1000,1,1,340.0,True
913241,1000,0,0,,False
913390,1000,0,0,,False
913720,1000,1,1,954.0,True
913877,1000,0,0,,False
91405,1000,1,1,6.0,True
914094,1000,1,1,303.0,True
914116,1000,0,0,,False
914290,1000,0,0,,False
914292,1000,0,0,,False
914416,1000,0,0,,False
914425,1000,1,1,6.0,True
914489,1000,2,2,2.0,True
914546,1000,0,0,,False
914573,1000,0,0,,False
914614,1000,0,0,,False
914643,1000,0,0,,False
914655,1000,1,1,15.0,True
914761,1000,1,0,,False
914788,1000,1,1,10.0,True
914846,1000,0,0,,False
914903,1000,0,0,,False
915084,1000,1,1,27.0,True
915086,1000,0,0,,False
915162,1000,1,1,26.0,True
915201,1000,1,0,,False
915205,1000,1,1,205.0,True
915241,1000,1,1,56.0,True
91540,1000,1,1,14.0,True
915411,1000,0,0,,False
915428,1000,1,1,10.0,True
915459,1000,1,0,,False
915567,1000,0,0,,False
915575,1000,1,0,,False
915581,1000,1,1,1.0,True
915610,1000,1,1,28.0,True
916003,1000,1,1,118.0,True
916021,1000,0,0,,False
916022,1000,0,0,,False
916035,1000,1,1,32.0,True
916260,1000,2,2,1.0,True
9171,1000,0,0,,False
917175,1000,0,0,,False
917346,1000,1,1,380.0,True
917405,1000,1,1,255.0,True
917500,1000,1,1,26.0,True
917503,1000,0,0,,False
917636,1000,1,1,403.0,True
917670,1000,1,1,98.0,True
917710,1000,1,0,,False
917730,1000,0,0,,False
918115,1000,1,1,9.0,True
918182,1000,1,0,,False
918246,1000,1,1,119.0,True
918260,1000,1,1,1.0,True
918273,1000,1,1,30.0,True
918420,1000,0,0,,False
91880,1000,0,0,,False
918949,1000,0,0,,False
919010,1000,0,0,,False
919035,1000,1,1,157.0,True
91906,1000,1,1,6.0,True
919181,1000,0,0,,False
919242,1000,0,0,,False
919379,1000,1,1,133.0,True
919418,1000,0,0,,False
919459,1000,0,0,,False
919462,1000,1,0,,False
919514,1000,0,0,,False
919776,1000,0,0,,False
919870,1000,1,1,1.0,True
92004,1000,0,0,,False
920070,1000,1,0,,False
92011,1000,1,1,129.0,True
920186,1000,0,0,,False
920238,1000,1,1,243.0,True
920323,1000,1,1,6.0,True
920503,1000,1,1,1.0,True
920893,1000,0,0,,False
920902,1000,1,0,,False
920923,1000,1,1,46.0,True
921021,1000,1,1,3.0,True
921033,1000,1,1,83.0,True
921046,1000,1,1,40.0,True
921150,1000,1,1,5.0,True
921219,1000,0,0,,False
921320,1000,0,0,,False
921337,1000,1,1,123.0,True
921562,1000,0,0,,False
921707,1000,0,0,,False
921802,1000,0,0,,False
921838,1000,0,0,,False
921997,1000,0,0,,False
922339,1000,1,1,44.0,True
922438,1000,1,1,530.0,True
922569,1000,0,0,,False
922681,1000,1,1,4.0,True
922752,1000,1,1,39.0,True
923005,1000,1,1,6.0,True
923036,1000,0,0,,False
923052,1000,0,0,,False
923072,1000,0,0,,False
923142,1000,0,0,,False
923164,1000,1,1,71.0,True
923319,1000,0,0,,False
923360,1000,1,1,405.0,True
92344,1000,0,0,,False
923536,1000,0,0,,False
923540,1000,1,1,328.0,True
923639,1000,1,1,801.0,True
923880,1000,1,1,179.0,True
923970,1000,1,1,2.0,True
924116,1000,1,1,2.0,True
924311,1000,1,1,24.0,True
924393,1000,0,0,,False
924510,1000,1,1,30.0,True
92462,1000,1,1,65.0,True
924705,1000,1,0,,False
925,1000,1,0,,False
92502,1000,0,0,,False
925134,1000,1,0,,False
92523,1000,1,1,353.0,True
925406,1000,1,1,161.0,True
925515,1000,1,0,,False
925732,1000,1,1,431.0,True
926007,1000,0,0,,False
926428,1000,1,1,11.0,True
926825,1000,1,1,953.0,True
926860,1000,1,0,,False
926928,1000,1,1,555.0,True
927028,1000,1,1,1.0,True
92710,1000,0,0,,False
927172,1000,1,1,706.0,True
92724,1000,1,1,16.0,True
927283,1000,1,1,172.0,True
927293,1000,1,1,79.0,True
927508,1000,0,0,,False
928385,1000,1,1,52.0,True
92851,1000,1,1,1.0,True
928557,1000,1,1,5.0,True
928672,1000,1,1,950.0,True
928769,1000,1,0,,False
928800,1000,1,1,78.0,True
92894,1000,0,0,,False
928947,1000,0,0,,False
928995,1000,0,0,,False
929023,1000,0,0,,False
929039,1000,1,1,146.0,True
929078,1000,1,0,,False
929092,1000,2,1,280.0,True
929181,1000,1,0,,False
929186,1000,1,1,103.0,True
929220,1000,0,0,,False
929369,1000,0,0,,False
929552,1000,1,1,15.0,True
929591,1000,1,1,314.0,True
929612,1000,1,1,4.0,True
929943,1000,1,1,49.0,True
929962,1000,1,0,,False
929976,1000,2,2,5.0,True
929997,1000,1,1,20.0,True
930028,1000,1,1,70.0,True
930267,1000,1,0,,False
930331,1000,0,0,,False
930357,1000,0,0,,False
930496,1000,1,1,172.0,True
930651,1000,0,0,,False
930663,1000,1,0,,False
93078,1000,1,1,5.0,True
930860,1000,1,1,54.0,True
930871,1000,0,0,,False
930967,1000,0,0,,False
930975,1000,0,0,,False
931373,1000,1,0,,False
931502,1000,0,0,,False
931558,1000,1,1,290.0,True
93161,1000,1,1,1.0,True
931739,1000,0,0,,False
931841,1000,1,0,,False
93187,1000,0,0,,False
932063,1000,1,1,2.0,True
932107,1000,0,0,,False
932133,1000,0,0,,False
932167,1000,1,1,32.0,True
932232,1000,0,0,,False
932255,1000,1,1,123.0,True
932334,1000,1,1,687.0,True
932389,1000,1,0,,False
932585,1000,1,1,6.0,True
932643,1000,0,0,,False
932714,1000,0,0,,False
932745,1000,1,1,8.0,True
932781,1000,1,1,282.0,True
933061,1000,3,2,253.0,True
933077,1000,1,0,,False
933440,1000,0,0,,False
933508,1000,0,0,,False
933543,1000,1,1,863.0,True
933622,1000,0,0,,False
933653,1000,0,0,,False
933722,1000,0,0,,False
933840,1000,0,0,,False
933845,1000,0,0,,False
933860,1000,1,1,215.0,True
934073,1000,0,0,,False
934382,1000,1,0,,False
934407,1000,0,0,,False
934476,1000,0,0,,False
934597,1000,0,0,,False
934602,1000,0,0,,False
934627,1000,0,0,,False
934667,1000,0,0,,False
934687,1000,0,0,,False
934791,1000,0,0,,False
934905,1000,0,0,,False
934914,1000,0,0,,False
934916,1000,1,1,188.0,True
934945,1000,1,1,110.0,True
935026,1000,0,0,,False
935035,1000,1,0,,False
935165,1000,1,1,48.0,True
935970,1000,0,0,,False
936088,1000,1,1,76.0,True
93623,1000,1,1,3.0,True
936268,1000,1,1,9.0,True
936317,1000,1,0,,False
936690,1000,1,1,1.0,True
936870,1000,1,1,7.0,True
936976,1000,0,0,,False
937158,1000,0,0,,False
937182,1000,0,0,,False
937214,1000,1,0,,False
937284,1000,1,1,5.0,True
937320,1000,0,0,,False
93734,1000,1,1,11.0,True
937383,1000,1,1,4.0,True
937459,1000,0,0,,False
937647,1000,1,0,,False
937664,1000,1,1,2.0,True
937714,1000,1,1,1.0,True
937716,1000,1,1,92.0,True
937728,1000,0,0,,False
937744,1000,1,1,5.0,True
93789,1000,1,1,1000.0,True
937929,1000,1,1,161.0,True
93797,1000,1,1,19.0,True
938001,1000,0,0,,False
938492,1000,1,1,60.0,True
938604,1000,0,0,,False
938779,1000,1,1,81.0,True
938828,1000,1,1,240.0,True
938876,1000,1,1,8.0,True
939102,1000,1,1,6.0,True
939469,1000,0,0,,False
93950,1000,0,0,,False
939599,1000,1,1,25.0,True
940283,1000,1,1,23.0,True
940376,1000,0,0,,False
940530,1000,0,0,,False
940660,1000,1,1,10.0,True
940749,1000,1,1,59.0,True
940770,1000,0,0,,False
940909,1000,0,0,,False
941088,1000,1,1,67.0,True
941265,1000,1,0,,False
941337,1000,0,0,,False
94141,1000,1,0,,False
941478,1000,1,1,3.0,True
941526,1000,1,1,931.0,True
941716,1000,1,0,,False
941769,1000,0,0,,False
941815,1000,1,1,799.0,True
941891,1000,1,1,697.0,True
941928,1000,0,0,,False
941963,1000,1,0,,False
942191,1000,0,0,,False
94226,1000,0,0,,False
942346,1000,0,0,,False
942724,1000,0,0,,False
942828,1000,0,0,,False
942886,1000,0,0,,False
942889,1000,0,0,,False
942979,1000,1,0,,False
943010,1000,1,1,362.0,True
943022,1000,1,1,189.0,True
943051,1000,0,0,,False
943115,1000,1,1,5.0,True
943203,1000,1,1,48.0,True
943349,1000,1,0,,False
943463,1000,1,1,139.0,True
943513,1000,1,0,,False
943528,1000,0,0,,False
943628,1000,1,1,235.0,True
943640,1000,0,0,,False
943754,1000,1,1,9.0,True
943853,1000,1,1,3.0,True
94390,1000,0,0,,False
94420,1000,1,1,1.0,True
944352,1000,1,1,36.0,True
944389,1000,1,1,7.0,True
944558,1000,0,0,,False
944985,1000,0,0,,False
945170,1000,0,0,,False
945193,1000,1,1,23.0,True
945259,1000,0,0,,False
945275,1000,1,1,17.0,True
945343,1000,0,0,,False
945480,1000,0,0,,False
945536,1000,1,1,26.0,True
945725,1000,0,0,,False
945838,1000,0,0,,False
946143,1000,0,0,,False
946329,1000,0,0,,False
946544,1000,1,1,33.0,True
946740,1000,1,1,995.0,True
946833,1000,1,1,2.0,True
946861,1000,1,0,,False
946899,1000,0,0,,False
946969,1000,1,1,4.0,True
947101,1000,1,1,95.0,True
947340,1000,1,1,97.0,True
947357,1000,2,2,501.0,True
947431,1000,1,1,103.0,True
947490,1000,0,0,,False
94758,1000,1,0,,False
94784,1000,1,1,2.0,True
947966,1000,0,0,,False
948002,1000,1,1,622.0,True
948022,1000,0,0,,False
948037,1000,0,0,,False
948053,1000,1,0,,False
948201,1000,1,1,2.0,True
948393,1000,1,1,6.0,True
948489,1000,0,0,,False
948564,1000,1,1,5.0,True
948678,1000,1,0,,False
948817,1000,1,1,321.0,True
94884,1000,2,0,,False
94885,1000,1,0,,False
948910,1000,1,1,323.0,True
949060,1000,1,1,596.0,True
949080,1000,1,1,2.0,True
949419,1000,1,1,5.0,True
949618,1000,1,1,15.0,True
949821,1000,1,1,133.0,True
950033,1000,0,0,,False
950204,1000,1,0,,False
950361,1000,0,0,,False
95054,1000,1,0,,False
950723,1000,0,0,,False
950791,1000,0,0,,False
951043,1000,0,0,,False
951063,1000,0,0,,False
951078,1000,1,1,1.0,True
951082,1000,0,0,,False
951201,1000,1,1,21.0,True
95129,1000,1,1,179.0,True
95172,1000,0,0,,False
95177,1000,1,1,1.0,True
95185,1000,1,1,32.0,True
952022,1000,1,0,,False
952043,1000,1,0,,False
95237,1000,1,1,493.0,True
952442,1000,0,0,,False
952443,1000,0,0,,False
952587,1000,1,0,,False
952771,1000,0,0,,False
952786,1000,1,1,4.0,True
952802,1000,0,0,,False
952830,1000,1,1,13.0,True
952993,1000,1,1,2.0,True
95305,1000,0,0,,False
953060,1000,1,1,7.0,True
953096,1000,0,0,,False
95322,1000,0,0,,False
953363,1000,1,0,,False
953430,1000,0,0,,False
953564,1000,1,1,59.0,True
953572,1000,0,0,,False
953648,1000,1,1,3.0,True
953734,1000,0,0,,False
953821,1000,1,1,450.0,True
953914,1000,1,1,57.0,True
953965,1000,0,0,,False
953974,1000,0,0,,False
95426,1000,1,1,7.0,True
9545,1000,0,0,,False
954513,1000,0,0,,False
954549,1000,1,1,150.0,True
954779,1000,1,1,12.0,True
955138,1000,0,0,,False
95532,1000,3,3,11.0,True
955482,1000,1,1,39.0,True
955653,1000,0,0,,False
95570,1000,1,1,61.0,True
955748,1000,0,0,,False
955782,1000,0,0,,False
956157,1000,0,0,,False
956204,1000,2,2,9.0,True
956230,1000,0,0,,False
956312,1000,1,1,120.0,True
95639,1000,0,0,,False
956531,1000,0,0,,False
956671,1000,1,1,15.0,True
956921,1000,1,1,63.0,True
956923,1000,1,0,,False
957085,1000,1,1,4.0,True
957183,1000,1,1,16.0,True
957230,1000,1,0,,False
957258,1000,1,1,1.0,True
957443,1000,1,1,413.0,True
957485,1000,0,0,,False
957526,1000,1,0,,False
957601,1000,1,0,,False
957717,1000,1,1,4.0,True
957780,1000,1,1,10.0,True
957851,1000,1,1,1.0,True
957987,1000,1,1,23.0,True
958004,1000,1,0,,False
958032,1000,1,1,712.0,True
958198,1000,1,1,27.0,True
958330,1000,1,1,10.0,True
958469,1000,1,1,3.0,True
958639,1000,1,1,42.0,True
958647,1000,1,1,2.0,True
958983,1000,1,0,,False
959135,1000,1,1,2.0,True
959173,1000,0,0,,False
9592,1000,0,0,,False
959316,1000,1,1,27.0,True
959534,1000,1,1,9.0,True
959571,1000,0,0,,False
959618,1000,1,1,65.0,True
959756,1000,1,1,3.0,True
959773,1000,1,1,3.0,True
959857,1000,1,1,12.0,True
959959,1000,1,1,3.0,True
960063,1000,1,1,2.0,True
960120,1000,1,1,20.0,True
960164,1000,0,0,,False
960272,1000,0,0,,False
960287,1000,1,1,33.0,True
960300,1000,1,1,2.0,True
960408,1000,1,1,59.0,True
960444,1000,1,1,143.0,True
960451,1000,1,1,172.0,True
960599,1000,1,1,56.0,True
960731,1000,1,1,4.0,True
960944,1000,1,1,270.0,True
961234,1000,1,0,,False
961449,1000,1,1,1.0,True
961730,1000,1,1,263.0,True
961791,1000,0,0,,False
961826,1000,0,0,,False
961948,1000,1,1,1.0,True
962015,1000,1,1,17.0,True
962035,1000,0,0,,False
962104,1000,0,0,,False
962244,1000,1,1,74.0,True
962373,1000,1,1,1.0,True
962376,1000,1,1,1.0,True
962432,1000,1,1,3.0,True
962446,1000,1,1,2.0,True
962491,1000,1,1,9.0,True
962812,1000,1,1,79.0,True
963066,1000,1,1,50.0,True
963161,1000,0,0,,False
963230,1000,1,0,,False
963298,1000,1,1,4.0,True
963309,1000,1,1,55.0,True
963435,1000,0,0,,False
963447,1000,0,0,,False
963545,1000,0,0,,False
963565,1000,1,1,2.0,True
963572,1000,1,1,3.0,True
963637,1000,1,0,,False
963669,1000,1,1,171.0,True
963735,1000,1,1,21.0,True
963814,1000,0,0,,False
963877,1000,0,0,,False
963906,1000,1,1,17.0,True
96408,1000,2,1,21.0,True
964114,1000,1,1,25.0,True
964186,1000,0,0,,False
964253,1000,0,0,,False
964403,1000,3,2,1.0,True
964426,1000,1,1,895.0,True
964431,1000,1,0,,False
964454,1000,1,1,116.0,True
964500,1000,1,1,1.0,True
964509,1000,0,0,,False
964584,1000,1,0,,False
964680,1000,1,1,34.0,True
964964,1000,1,1,1.0,True
964974,1000,1,1,22.0,True
965052,1000,1,1,1.0,True
965134,1000,1,1,1.0,True
965198,1000,1,1,114.0,True
96528,1000,1,1,576.0,True
965377,1000,1,0,,False
965418,1000,2,2,19.0,True
96543,1000,1,1,284.0,True
965685,1000,1,1,45.0,True
965779,1000,1,1,106.0,True
965877,1000,1,0,,False
965883,1000,1,1,199.0,True
966110,1000,1,0,,False
96619,1000,1,1,49.0,True
96628,1000,0,0,,False
966319,1000,0,0,,False
966567,1000,1,1,7.0,True
966571,1000,1,1,4.0,True
966613,1000,1,1,2.0,True
966693,1000,1,0,,False
966696,1000,1,1,1.0,True
966816,1000,1,1,194.0,True
966897,1000,1,1,147.0,True
966967,1000,1,1,47.0,True
967059,1000,1,1,23.0,True
967134,1000,1,1,35.0,True
967320,1000,0,0,,False
967372,1000,0,0,,False
96744,1000,1,1,45.0,True
96747,1000,1,1,7.0,True
967658,1000,0,0,,False
967792,1000,0,0,,False
9678,1000,0,0,,False
968006,1000,1,1,115.0,True
968172,1000,1,1,82.0,True
968253,1000,0,0,,False
968320,1000,1,1,131.0,True
96898,1000,0,0,,False
969068,1000,1,0,,False
969098,1000,0,0,,False
969284,1000,1,1,20.0,True
96942,1000,1,1,7.0,True
969485,1000,1,1,165.0,True
96961,1000,1,1,10.0,True
969624,1000,1,1,1.0,True
969627,1000,1,1,14.0,True
969643,1000,1,1,3.0,True
969676,1000,0,0,,False
96996,1000,0,0,,False
970050,1000,0,0,,False
970109,1000,1,1,239.0,True
970181,1000,1,1,1.0,True
970192,1000,1,1,200.0,True
970444,1000,1,0,,False
970479,1000,0,0,,False
9705,1000,0,0,,False
970534,1000,0,0,,False
970823,1000,0,0,,False
970870,1000,0,0,,False
970871,1000,1,0,,False
970925,1000,0,0,,False
971012,1000,1,0,,False
971091,1000,1,1,1.0,True
971095,1000,2,2,1.0,True
971160,1000,1,1,710.0,True
971208,1000,1,0,,False
971251,1000,1,1,43.0,True
971350,1000,1,0,,False
971468,1000,3,2,4.0,True
971488,1000,1,1,37.0,True
971530,1000,0,0,,False
971561,1000,1,1,26.0,True
971640,1000,0,0,,False
971739,1000,1,1,273.0,True
971779,1000,1,0,,False
971791,1000,1,1,3.0,True
971840,1000,2,0,,False
972043,1000,0,0,,False
972242,1000,1,1,12.0,True
972599,1000,1,0,,False
972776,1000,0,0,,False
972868,1000,1,0,,False
972903,1000,0,0,,False
973152,1000,1,1,328.0,True
973319,1000,1,1,5.0,True
973430,1000,1,0,,False
973938,1000,1,0,,False
974016,1000,1,0,,False
974240,1000,0,0,,False
974428,1000,1,1,126.0,True
974579,1000,1,1,57.0,True
974647,1000,0,0,,False
974714,1000,1,0,,False
974785,1000,0,0,,False
974788,1000,0,0,,False
974868,1000,1,1,10.0,True
974966,1000,1,1,65.0,True
975003,1000,0,0,,False
975070,1000,0,0,,False
975073,1000,1,1,134.0,True
975076,1000,1,1,11.0,True
97520,1000,0,0,,False
975274,1000,0,0,,False
97535,1000,1,0,,False
975412,1000,1,1,110.0,True
975515,1000,0,0,,False
975577,1000,0,0,,False
975658,1000,1,1,602.0,True
975683,1000,1,1,9.0,True
97576,1000,1,1,4.0,True
975834,1000,1,1,83.0,True
975921,1000,0,0,,False
9762,1000,0,0,,False
976214,1000,1,1,247.0,True
976221,1000,0,0,,False
976279,1000,1,1,7.0,True
976455,1000,0,0,,False
976504,1000,0,0,,False
976593,1000,1,1,6.0,True
976652,1000,0,0,,False
976865,1000,0,0,,False
976939,1000,0,0,,False
977047,1000,1,0,,False
977098,1000,1,0,,False
977134,1000,1,1,24.0,True
977202,1000,1,1,1.0,True
977304,1000,0,0,,False
977397,1000,1,1,293.0,True
977401,1000,1,1,3.0,True
977408,1000,1,1,233.0,True
977513,1000,1,1,3.0,True
977612,1000,1,1,10.0,True
977704,1000,0,0,,False
977798,1000,1,1,1.0,True
977861,1000,1,1,205.0,True
978002,1000,1,1,2.0,True
978051,1000,1,1,281.0,True
978321,1000,2,2,4.0,True
978524,1000,1,1,18.0,True
978537,1000,1,1,141.0,True
978631,1000,1,1,18.0,True
978675,1000,1,1,3.0,True
978697,1000,1,1,26.0,True
978714,1000,1,1,8.0,True
979045,1000,1,1,8.0,True
979050,1000,1,1,251.0,True
979081,1000,1,1,13.0,True
979301,1000,1,1,15.0,True
979405,1000,2,2,1.0,True
979492,1000,1,1,3.0,True
979502,1000,0,0,,False
979619,1000,1,0,,False
979656,1000,1,1,28.0,True
979849,1000,1,1,4.0,True
979858,1000,1,1,6.0,True
980026,1000,1,1,400.0,True
980137,1000,1,1,1.0,True
980199,1000,1,1,29.0,True
980208,1000,1,1,2.0,True
980500,1000,1,1,10.0,True
980882,1000,0,0,,False
981402,1000,1,0,,False
981467,1000,1,1,7.0,True
98180,1000,0,0,,False
98195,1000,0,0,,False
982030,1000,1,1,4.0,True
982094,1000,0,0,,False
982222,1000,1,0,,False
982284,1000,0,0,,False
982319,1000,1,1,59.0,True
982462,1000,1,1,43.0,True
982568,1000,1,1,174.0,True
982597,1000,0,0,,False
982599,1000,1,1,6.0,True
982723,1000,1,1,10.0,True
982759,1000,1,1,43.0,True
983143,1000,1,1,13.0,True
983146,1000,1,1,14.0,True
983393,1000,1,1,26.0,True
983715,1000,1,1,5.0,True
983909,1000,1,1,28.0,True
983980,1000,0,0,,False
984171,1000,1,1,2.0,True
984211,1000,1,1,158.0,True
98445,1000,1,1,2.0,True
984457,1000,1,0,,False
984789,1000,1,0,,False
984894,1000,1,1,1.0,True
984964,1000,1,1,2.0,True
9850,1000,1,1,8.0,True
985015,1000,1,1,101.0,True
985262,1000,0,0,,False
985295,1000,1,1,8.0,True
985326,1000,1,1,55.0,True
985357,1000,1,1,84.0,True
98539,1000,1,0,,False
985407,1000,1,1,30.0,True
98546,1000,0,0,,False
985505,1000,0,0,,False
985814,1000,0,0,,False
985859,1000,1,1,57.0,True
986025,1000,1,1,2.0,True
986027,1000,0,0,,False
986156,1000,1,1,5.0,True
986235,1000,1,1,5.0,True
986398,1000,1,1,3.0,True
98640,1000,0,0,,False
986537,1000,1,1,342.0,True
986621,1000,1,1,200.0,True
986664,1000,2,2,1.0,True
986740,1000,0,0,,False
987144,1000,1,1,17.0,True
987213,1000,1,1,3.0,True
987280,1000,1,1,1.0,True
987281,1000,0,0,,False
987385,1000,1,1,39.0,True
987387,1000,1,1,46.0,True
987410,1000,0,0,,False
987777,1000,1,1,2.0,True
987820,1000,1,1,218.0,True
987841,1000,1,1,25.0,True
988025,1000,1,1,22.0,True
988075,1000,1,1,18.0,True
988281,1000,1,1,53.0,True
988393,1000,1,1,17.0,True
988420,1000,1,1,26.0,True
988520,1000,1,1,72.0,True
988569,1000,1,0,,False
988816,1000,1,1,655.0,True
988884,1000,1,1,91.0,True
988983,1000,1,1,5.0,True
989782,1000,1,1,31.0,True
989803,1000,1,1,6.0,True
989873,1000,1,1,5.0,True
990070,1000,1,1,64.0,True
990386,1000,1,1,4.0,True
990400,1000,0,0,,False
990440,1000,1,1,6.0,True
990593,1000,1,1,5.0,True
99097,1000,0,0,,False
990982,1000,1,1,4.0,True
990986,1000,1,1,281.0,True
991146,1000,1,1,21.0,True
991397,1000,1,1,44.0,True
991436,1000,1,1,2.0,True
991591,1000,1,0,,False
991719,1000,1,1,189.0,True
991731,1000,1,1,204.0,True
991909,1000,1,1,4.0,True
992198,1000,1,1,5.0,True
992216,1000,1,1,19.0,True
992233,1000,2,2,3.0,True
992454,1000,1,1,17.0,True
992498,1000,1,1,64.0,True
992558,1000,1,0,,False
992603,1000,1,1,5.0,True
992631,1000,1,1,5.0,True
992719,1000,1,1,2.0,True
992868,1000,1,1,2.0,True
992944,1000,1,0,,False
993013,1000,1,1,341.0,True
99306,1000,1,1,268.0,True
993088,1000,1,0,,False
993130,1000,1,1,35.0,True
993219,1000,1,1,3.0,True
993277,1000,1,1,218.0,True
993287,1000,1,1,13.0,True
993347,1000,0,0,,False
993358,1000,1,1,2.0,True
993367,1000,1,1,11.0,True
993463,1000,0,0,,False
99350,1000,1,1,201.0,True
993850,1000,1,1,64.0,True
993898,1000,1,1,2.0,True
994172,1000,1,1,27.0,True
994410,1000,1,0,,False
994473,1000,0,0,,False
994646,1000,1,1,346.0,True
994656,1000,0,0,,False
994782,1000,1,1,1.0,True
994814,1000,1,1,1.0,True
994858,1000,1,1,58.0,True
995036,1000,0,0,,False
99504,1000,0,0,,False
995294,1000,1,1,272.0,True
995419,1000,1,1,38.0,True
995446,1000,1,1,10.0,True
995519,1000,1,1,144.0,True
995873,1000,1,1,13.0,True
995999,1000,0,0,,False
996081,1000,1,1,49.0,True
996161,1000,1,1,13.0,True
996165,1000,1,1,1.0,True
996302,1000,1,1,4.0,True
996327,1000,1,1,283.0,True
996331,1000,1,1,1.0,True
996386,1000,1,1,1.0,True
996473,1000,2,2,3.0,True
996771,1000,0,0,,False
996821,1000,1,1,4.0,True
996869,1000,1,1,521.0,True
996871,1000,1,1,47.0,True
996881,1000,0,0,,False
996913,1000,1,1,7.0,True
997163,1000,1,1,23.0,True
997176,1000,1,1,4.0,True
99722,1000,0,0,,False
997372,1000,1,1,122.0,True
997685,1000,0,0,,False
997825,1000,1,1,2.0,True
997833,1000,1,1,57.0,True
997889,1000,1,1,16.0,True
997914,1000,1,1,26.0,True
997937,1000,1,1,37.0,True
997964,1000,0,0,,False
997986,1000,1,1,438.0,True
997991,1000,1,1,60.0,True
998144,1000,0,0,,False
998256,1000,1,1,143.0,True
998447,1000,1,1,87.0,True
998730,1000,1,1,10.0,True
998791,1000,1,1,2.0,True
998813,1000,1,0,,False
999,1000,0,0,,False
999489,1000,1,1,11.0,True
999544,1000,0,0,,False
99957,1000,1,1,5.0,True
999677,1000,1,1,1.0,True
999714,1000,1,1,1.0,True
99978,1000,0,0,,False
999893,1000,1,1,8.0,True
999927,1000,1,1,3.0,True
